<|FAS|>dlil	d a l i l
<|FAS|>glw	ɡ a l oː
<|FAS|>dgrjnsgra	d e ɡ a ɾ d͡ʒ e n s ɡ a ɾ ɑː
<|FAS|>mrnd	m a ɾ a n d
<|FAS|>hmam	h a m m ɑː m
<|FAS|>ktab	k e t ɑː b
<|FAS|>a'da	a ʔ z ɑː
<|FAS|>pitchidn	p e t͡ʃ i d a
<|FAS|>bradr	b a ɾ ɑː d a ɾ
<|FAS|>rftar	ɾ a f t ɑː ɾ
<|FAS|>shwr	ʃ oː ɾ
<|FAS|>bwi	b oː j
<|FAS|>tchtwr	t͡ʃ e t o v ɾ
<|FAS|>bniadgra	b o n j ɑː d ɡ a ɾ ɑː
<|FAS|>rai	ɾ a ʔ j
<|FAS|>ghaft	ɢ ɑː f e t
<|FAS|>hsht	h a ʃ t
<|FAS|>pakstani	p ɑː k i s t ɑː n iː
<|FAS|>thhn	z e h n
<|FAS|>bhsht	b e h e ʃ t
<|FAS|>rba'i	ɾ o b ɑː ʔ iː
<|FAS|>fhrst	f e h ɾ e s t
<|FAS|>draiidn	d a ɾ ɑː j iː d a n
<|FAS|>ks	k a s
<|FAS|>bkhtr	b e x t a ɾ
<|FAS|>sh'b	ʃ o ʔ a b
<|FAS|>ahng	ɑː h a n ɡ
<|FAS|>tchashni	t ʃ ɑː ʃ n iː
<|FAS|>bz	b o z
<|FAS|>swrti	s uː ɾ a t iː
<|FAS|>hi	h e j
<|FAS|>sliman	s o l e j m ɑː n
<|FAS|>ajazh	e d͡ʒ ɑː z e
<|FAS|>pwshidn	p oː ʃ iː d a n
<|FAS|>qsmt	ɢ i s m a t
<|FAS|>pkhtn	p o x t a n
<|FAS|>brkhwrdar	b a ɾ x o ɾ d ɑː ɾ
<|FAS|>bamdad	b ɑː m d ɑː n
<|FAS|>khkshanha	k a h k a ʃ ɑː n h ɑː
<|FAS|>dtchar	d o t͡ʃ ɑː ɾ
<|FAS|>srwdn	s o ɾ uː d a n
<|FAS|>jambwn	ʒ ɑː m b o n
<|FAS|>ptk	p o t k
<|FAS|>aindh	ɑː j a n d a
<|FAS|>hsab	h e s ɑː b
<|FAS|>hfdh	h a b d a h
<|FAS|>abdst	ɑː b d a s t
<|FAS|>gian	ɡ o j ɑː n
<|FAS|>hnr	h o n a ɾ
<|FAS|>zwrkhanh	z oː ɾ x ɑː n a
<|FAS|>gwah	ɡ o v ɑː h
<|FAS|>srdar	s a ɾ d ɑː ɾ
<|FAS|>mhm	m o h e m m
<|FAS|>asprzh	e s p a ɾ z e
<|FAS|>gi	a ɡ iː
<|FAS|>nskhh	n o s x e
<|FAS|>mrdha	m a ɾ d h ɑː
<|FAS|>mwssh	m o ʔ a s s a s e
<|FAS|>kimia	k iː m i j ɑː
<|FAS|>karwan	k ɑː ɾ v ɑː n
<|FAS|>mhrbani	m e h ɾ a b ɑː n iː
<|FAS|>fda	f a z ɑː
<|FAS|>tqsim	t a ɢ s i m
<|FAS|>zirzmin	z iː ɾ z a m iː n
<|FAS|>pnahndh	p a n ɑː h a n d e
<|FAS|>sdh	s a d a
<|FAS|>trazw	t a ɾ ɑː z uː
<|FAS|>bab	b ɑː b
<|FAS|>thbh	z e b h
<|FAS|>dadar	d ɑː d ɑː r
<|FAS|>alrji	ɑː l i ɾ ʒ iː
<|FAS|>zin	z i n
<|FAS|>dzd	d o z d
<|FAS|>thkr	z a k a ɾ
<|FAS|>msaft	m a s ɑː f a t
<|FAS|>kndn	k a n d a n
<|FAS|>knfrans	k o n f e ɾ ɑː n s
<|FAS|>migh	m e ɢ
<|FAS|>jnsi	d͡ʒ e n s iː
<|FAS|>bish	b e ʃ
<|FAS|>astanhi	ɑː s t ɑː n a iː
<|FAS|>glabi	ɡ o l ɑː b iː
<|FAS|>ziad	z i j ɑː d
<|FAS|>tkidn	t a k i d a n
<|FAS|>bhtan	b o h t u n
<|FAS|>jaigah	d͡ʒ ɑː j ɡ ɑː h
<|FAS|>zistshnas	z iː s t ʃ e n ɑː s
<|FAS|>idwn	e d u n
<|FAS|>babl	b ɑː b i l
<|FAS|>mrbwt	m a ɾ b u t
<|FAS|>ghwr	ɢ o v ɾ
<|FAS|>padash	p ɑː d ɑː ʃ
<|FAS|>bimar	b e m ɑː ɾ
<|FAS|>lthh	l a s e
<|FAS|>albrz	ʔ a l b o ɾ z
<|FAS|>hdih	h a d i j a
<|FAS|>mlaqat	m o l ɑː ɢ ɑː t
<|FAS|>fridwn	f e ɾ e i d uː n
<|FAS|>mjazat	m o d ʒ ɑː z ɑː t
<|FAS|>shwrh	ʃ oː ɾ e
<|FAS|>wir	v i ɾ
<|FAS|>tchmidn	t͡ʃ a m i d a n
<|FAS|>kalbd	k ɑː l b u d
<|FAS|>srprsti	s a ɾ p a ɾ a s t iː
<|FAS|>ikhtchal	j a x t͡ʃ ɑː l
<|FAS|>adgham	e d ɢ ɑː m
<|FAS|>anghwzh	ɑː n ɢ u z a
<|FAS|>prdis	p a ɾ d e s
<|FAS|>hnwz	h a n oː z
<|FAS|>graz	ɡ o ɾ ɑː z
<|FAS|>qhrman	ɢ a h ɾ a m ɑː n
<|FAS|>trsh	t o ɾ ʃ
<|FAS|>bimnak	b i n m ɑː k
<|FAS|>jwlidn	ʒ uː l iː d a n
<|FAS|>wash	v ɑ ʃ
<|FAS|>mikhwahm	m iː x ɑː h a m
<|FAS|>prndgan	p a ɾ a n d a ɡ ɑː n
<|FAS|>swrpraiz	s u r p e ɾ ɑ j z
<|FAS|>dmagh	d a m ɑː ɢ
<|FAS|>khakstri	x ɑː k i s t a ɾ iː
<|FAS|>jrfa	ʒ a ɾ f ɑː
<|FAS|>zrnapa	z u r n ɑː p ɑː
<|FAS|>dindari	d i n d ɑː ɾ iː
<|FAS|>bl'idn	b a l ʔ iː d a n
<|FAS|>that	z ɑː t
<|FAS|>tchish	t ʃ i ʃ
<|FAS|>hmishh	h a m e ʃ a
<|FAS|>mrgh	m o ɾ ɢ
<|FAS|>fsl	f a s l
<|FAS|>iaftn	j ɑː f t a n
<|FAS|>blwr	b i l oː ɾ
<|FAS|>bngah	b o n ɡ ɑː h
<|FAS|>d'a	d o ʔ ɑː
<|FAS|>pap	p ɑː p
<|FAS|>amar	ɑː m ɑː ɾ
<|FAS|>istadn	i s t ɑː d a n
<|FAS|>pzshk	p e z e ʃ k
<|FAS|>khwrshid	x o ɾ ʃ iː d
<|FAS|>siast	s i j ɑː s a t
<|FAS|>prtchm	p a ɾ t͡ʃ a m
<|FAS|>bkhatr	b a x ɑː t i ɾ i
<|FAS|>grwh	ɡ o ɾ uː h
<|FAS|>'lawh	a l ɑː v a
<|FAS|>kht	x a t
<|FAS|>bhafrid	b e h ɑː f a ɾ iː d
<|FAS|>gw	ɡ o v
<|FAS|>iraq	j a ɾ ɑː ɢ
<|FAS|>nwishgrdani	n e v iː s e ɡ a ɾ d ɑː n iː
<|FAS|>mrdanh	m a ɾ d ɑː n a
<|FAS|>pnir	p a n i ɾ
<|FAS|>ashkal	a ʃ k ɑː l
<|FAS|>snm	s a n a m
<|FAS|>smnd	s a m a n d
<|FAS|>tar	t ɑː ɾ
<|FAS|>snan	s e n ɑː n
<|FAS|>jrfi	ʒ a ɾ f iː
<|FAS|>hkwmt	h o k uː m a t
<|FAS|>gwn	ɡ oː n
<|FAS|>drwdn	d o ɾ uː d a n
<|FAS|>sfinh	s a f i n a
<|FAS|>ashfth	ɑː ʃ u f t a
<|FAS|>swrta	s u ɾ a t iː
<|FAS|>asfhani	e s f a h ɑː n iː
<|FAS|>shm'dan	ʃ a m ʔ d ɑː n
<|FAS|>qfs	ɢ a f a s
<|FAS|>prwaz	p a ɾ v ɑː z
<|FAS|>rsanidn	ɾ a s ɑː n iː d a n
<|FAS|>an	t a n v i n
<|FAS|>gshadi	ɡ o ʃ ɑː d iː
<|FAS|>mihnprst	m i h a n p a ɾ a s t
<|FAS|>baghban	b ɑː ɢ b ɑː n
<|FAS|>afrng	a f ɾ a n ɡ
<|FAS|>dstgah	d a s t ɡ ɑː h
<|FAS|>andishidn	a n d e ʃ i d a n
<|FAS|>mrid	m a ɾ i z
<|FAS|>khak	x ɑː k
<|FAS|>dwgh	d oː ɢ
<|FAS|>niazha	n iː j ɑː z h ɑː
<|FAS|>sadq	s ɑː d i ɢ
<|FAS|>tqriba	t a ɢ ɾ iː b a n
<|FAS|>b'l	b a ʔ l
<|FAS|>ran	ɾ ɑː n
<|FAS|>nsrin	n a s ɾ iː n
<|FAS|>tazgi	t ɑː z a ɡ iː
<|FAS|>nwk	n v a k
<|FAS|>mjrd	m o d͡ʒ a ɾ ɾ a d
<|FAS|>hkm	h o k m
<|FAS|>whm	v a h m
<|FAS|>miladi	m iː l ɑː d iː
<|FAS|>thqiq	t a h ɢ i ɢ
<|FAS|>mwm	m uː m
<|FAS|>ntijh	n a t i d͡ʒ a
<|FAS|>digr	d i ɡ a ɾ
<|FAS|>pwr	p u ɾ
<|FAS|>zrshk	z e ɾ e ʃ k
<|FAS|>qimt	ɢ a j m a t
<|FAS|>shahd	ʃ ɑː h i d
<|FAS|>tchkmh	t͡ʃ a k m a
<|FAS|>abrsh	a b ɾ a ʃ
<|FAS|>qnd	ɢ a n d
<|FAS|>wzn	v a z n
<|FAS|>wzifh	v a z i f a
<|FAS|>mnasbt	m o n ɑː s e b a t
<|FAS|>bkhar	b o x ɑː ɾ
<|FAS|>zan	z ɑː n
<|FAS|>mdrsh	m a d ɾ a s a
<|FAS|>barwt	b ɑː ɾ uː t
<|FAS|>hshish	h a ʃ i ʃ
<|FAS|>aghil	ɑː ɢ iː l
<|FAS|>pstan	p e s t ɑː n
<|FAS|>shahanshah	ʃ ɑː h ɑː n ʃ ɑː h
<|FAS|>amrzidn	ɑː m u ɾ z iː d a n
<|FAS|>almwt	ʔ a l a m uː t
<|FAS|>shrab	ʃ a ɾ ɑː b
<|FAS|>shkaftn	ʃ e k ɑː f t a n
<|FAS|>khadh	x ɑː d a
<|FAS|>kbrit	k e b ɾ iː t
<|FAS|>nwrwz	n a v ɾ s z
<|FAS|>jstn	d͡ʒ a s t a n
<|FAS|>fdazman	f a z ɑː z a m ɑː n
<|FAS|>piamk	p a j ɑː m a k
<|FAS|>akhtrmar	a x t a ɾ m ɑː ɾ
<|FAS|>lwz	l a v z
<|FAS|>'qrb	ʔ a ɢ ɾ a b
<|FAS|>mrdangi	m a ɾ d ɑː n a ɡ iː
<|FAS|>lat	l ɑː t
<|FAS|>t'm	t a ʔ m
<|FAS|>khsis	x a s i s
<|FAS|>faslh	f ɑː s i l a
<|FAS|>baba	b ɑː b ɑː
<|FAS|>gnjshk	ɡ o n d͡ʒ e ʃ k
<|FAS|>pshmin	p a ʃ m iː n
<|FAS|>znanh	z a n ɑː n a
<|FAS|>alt	ɑː l a t
<|FAS|>shhwd	ʃ o h uː d
<|FAS|>mrasm	m a ɾ ɑː s i m
<|FAS|>skhtn	s o x t a n
<|FAS|>rishhshnasi	ɾ e ʃ a ʃ i n ɑː s iː
<|FAS|>adbiat	a d a b i j ɑː t
<|FAS|>shahkar	ʃ ɑː h k ɑː ɾ
<|FAS|>afsws	a f s oː s
<|FAS|>sh'bh	ʃ o ʔ b e
<|FAS|>qdimi	ɢ a d i m iː
<|FAS|>barwd	b ɑː ɾ uː d
<|FAS|>mian	m i j ɑː n
<|FAS|>qrmz	ɢ i ɾ m i z
<|FAS|>danshmnd	d ɑː n i ʃ m a n d
<|FAS|>prssh	p o ɾ s e ʃ
<|FAS|>gwhr	ɡ a v h a ɾ
<|FAS|>khz	x a z
<|FAS|>shkhs	ʃ a x s
<|FAS|>sjstan	s a d͡ʒ a s t ɑː n
<|FAS|>mshrk	m o ʃ ɾ e k
<|FAS|>prndh	p a ɾ a n d a
<|FAS|>andishh	a n d e ʃ a
<|FAS|>nshan	n e ʃ ɑː n
<|FAS|>shhr	ʃ a h ɾ
<|FAS|>dr	d a ɾ
<|FAS|>lhtha	l e h ɑː z ɑː
<|FAS|>zrawnd	z a ɾ ɑː v a n d
<|FAS|>bshqab	b o ʃ ɢ ɑː b
<|FAS|>sa'qh	s ɑː ʔ i ɢ a
<|FAS|>drban	d a ɾ b ɑː n
<|FAS|>japni	ʒ ɑː p u n iː
<|FAS|>dhstan	d e h e s t ɑː n
<|FAS|>t'rif	t a ʔ ɾ i f
<|FAS|>darm	d ɑː ɾ a m
<|FAS|>atsal	e t t e s ɑː l
<|FAS|>starhshnas	s e t ɑː ɾ e ʃ e n ɑː s
<|FAS|>mtfawt	m o t a f ɑː v e t
<|FAS|>twdri	t u d a ɾ iː
<|FAS|>fk	f a k
<|FAS|>arzidn	a ɾ z i d a n
<|FAS|>nriman	n a ɾ e m ɑː n
<|FAS|>shirintrin	ʃ iː ɾ iː n t a ɾ iː n
<|FAS|>amizsh	ɑː m iː z e ʃ
<|FAS|>danshgah	d ɑː n i ʃ ɡ ɑː h
<|FAS|>kwtchktr	k uː t ʃ e k t a ɾ
<|FAS|>khtm	x a t m
<|FAS|>sfid	s a f e d
<|FAS|>tshrih	t a ʃ ɾ e h
<|FAS|>karwrzi	k ɑː ɾ v a ɾ z iː
<|FAS|>khamwsh	x ɑː m oː ʃ
<|FAS|>trk	t a ɾ k
<|FAS|>bwzh	b oː z a
<|FAS|>gstrdh	ɡ o s t a ɾ d e
<|FAS|>psht	p o ʃ t e
<|FAS|>pwzkhnd	p uː z x a n d
<|FAS|>bitcharh	b e t͡ʃ ɑː ɾ a
<|FAS|>sqf	s a ɢ f
<|FAS|>hmsadh	h o m s ɑː d e
<|FAS|>dlgir	d e l ɡ iː ɾ
<|FAS|>wdwh	v o z uː h
<|FAS|>zwrmnd	z oː ɾ m a n d
<|FAS|>msafrt	m o s ɑː f e ɾ a t
<|FAS|>bariktr	b ɑː ɾ iː k t a ɾ
<|FAS|>athan	a z ɑː n
<|FAS|>hdadi	h a d ɑː d iː
<|FAS|>azgil	a z ɡ i l
<|FAS|>piwsidn	p a j oː s iː d a n
<|FAS|>abd	a b a d
<|FAS|>allhqli	a l l ɑː h ɢ u l iː
<|FAS|>salgi	s ɑː l a ɡ iː
<|FAS|>jwari	d͡ʒ o v ɑː ɾ iː
<|FAS|>drwghha	d o ɾ uː ɢ h ɑː
<|FAS|>diwan	d e v ɑː n
<|FAS|>tchghndr	t͡ʃ o ɢ o n d a ɾ
<|FAS|>mali	m ɑː l iː
<|FAS|>swz	s oː z
<|FAS|>gm	ɡ o m
<|FAS|>khsrwani	x o s ɾ a v ɑː n iː
<|FAS|>pnbh	p a m b e
<|FAS|>anar	a n ɑː ɾ
<|FAS|>rwzgar	ɾ oː z i ɡ ɑː ɾ
<|FAS|>tbqh	t a b a ɢ a
<|FAS|>madranh	m ɑː d a ɾ ɑː n a
<|FAS|>mnfi	m a n f iː
<|FAS|>khwk	x uː k
<|FAS|>mshki	m e ʃ k iː
<|FAS|>grm	ɡ a ɾ m
<|FAS|>nirwmnd	n iː ɾ uː m a n d
<|FAS|>asman	ɑː s i m ɑː n
<|FAS|>bli	b a l e
<|FAS|>dl	d e l
<|FAS|>bin	b a j n
<|FAS|>aspris	ʔ e s p a ɾ e s
<|FAS|>khtnhgah	x a t n a ɡ ɑː h
<|FAS|>zsht	z e ʃ t
<|FAS|>b'da	b a ʔ d a n
<|FAS|>atraq	o t ɾ ɑː ɢ
<|FAS|>mrdmshnas	m a ɾ d u m ʃ i n ɑː s
<|FAS|>zndani	z e n d ɑː n iː
<|FAS|>gstrdn	ɡ o s t a ɾ d a n
<|FAS|>fsil	f o s iː l
<|FAS|>b'd	b a ʔ d
<|FAS|>sakhtman	s ɑː x t i m ɑː n
<|FAS|>khwn	x u n
<|FAS|>ast'dad	e s t e ʔ d ɑː d
<|FAS|>frazmini	f a ɾ ɑː z a m iː n iː
<|FAS|>krshn	k ɾ i ʃ n
<|FAS|>tmam	t a m ɑː m
<|FAS|>pl	p o l
<|FAS|>bhth	b a h s
<|FAS|>jhan	d͡ʒ a h ɑː n
<|FAS|>alqa'dh	a l ɢ ɑː ʔ i d a
<|FAS|>rhbr	ɾ a h b a ɾ
<|FAS|>hng	h a n ɡ
<|FAS|>arpa	ɑː ɾ p ɑː
<|FAS|>mhbwb	m a h b u b
<|FAS|>ablis	e b l iː s
<|FAS|>frmandh	f a ɾ m ɑː n d i h
<|FAS|>afsanh	a f s ɑː n a
<|FAS|>zbanha	z a b ɑː n h ɑː
<|FAS|>bidh	b a j z a
<|FAS|>ajtma'	e d͡ʒ t e m ɑː ʔ
<|FAS|>ms	m e s
<|FAS|>dwrh	d a v ɾ a
<|FAS|>klfkhshng	k a l a f a x ʃ a n ɡ
<|FAS|>fhm	f a h m
<|FAS|>shhrzad	ʃ a h ɾ z ɑː d
<|FAS|>tazhtr	t ɑː z e t a ɾ
<|FAS|>tiz	t e z
<|FAS|>khrbwzh	x a ɾ b u z a
<|FAS|>albth	a l b a t t a
<|FAS|>khndh	x a n d a
<|FAS|>awazh	ɑː v ɑː z a
<|FAS|>ajr	ɑː d͡ʒ u ɾ
<|FAS|>kar	k ɑː ɾ
<|FAS|>rndidn	ɾ a n d i d a n
<|FAS|>amsal	e m s ɑː l
<|FAS|>ardw	o ɾ d uː
<|FAS|>mghazh	m a ɢ ɑː z a
<|FAS|>srjwkhh	s a ɾ d͡ʒ u x a
<|FAS|>mjmw'h	m a d͡ʒ m u ʔ a
<|FAS|>sn'ti	s a n ʔ a t iː
<|FAS|>ziwidn	z iː v iː d a n
<|FAS|>rahb	ɾ ɑː h i b
<|FAS|>krs	k e ɾ s
<|FAS|>m'rwf	m a ʔ ɾ u f
<|FAS|>asb	a s b
<|FAS|>pirtr	p iː ɾ t a ɾ
<|FAS|>khwastar	x ɑː s t ɑː ɾ
<|FAS|>shiraz	ʃ e ɾ ɑː z
<|FAS|>kmmaih	k a m m ɑː j a
<|FAS|>znjbil	z a n d͡ʒ a b iː l
<|FAS|>fwj	f a v d͡ʒ
<|FAS|>fayedh	f ɑː ʔ e d e
<|FAS|>khwrdn	x o ɾ d a n
<|FAS|>rkham	ɾ o x ɑː m
<|FAS|>ajaq	o d͡ʒ ɑː ɢ
<|FAS|>qhwhi	ɢ a h v a ʔ iː
<|FAS|>mthhbi	m a z h a b iː
<|FAS|>ahar	ɑː h ɑː ɾ
<|FAS|>farsi	f ɑː ɾ s iː
<|FAS|>rmdan	ɾ a m a z ɑː n
<|FAS|>ma	m ɑː
<|FAS|>bam	b ɑː m
<|FAS|>tchnankh	t͡ʃ o n ɑː n k e
<|FAS|>hwapima	h a v ɑː p a j m ɑː
<|FAS|>arami	ɑː ɾ ɑː m iː
<|FAS|>pwdnh	p u d i n a
<|FAS|>dh	d a h
<|FAS|>shpshha	ʃ e p e ʃ h ɑː
<|FAS|>khatrh	x ɑː t i ɾ a
<|FAS|>nh	n o h
<|FAS|>mjsmh	m o d͡ʒ a s s a m e
<|FAS|>fghfwr	f a ɢ f uː ɾ
<|FAS|>mthal	m e s ɑː l
<|FAS|>t'arf	t a ʔ ɑː ɾ u f
<|FAS|>khamh	x ɑː m a
<|FAS|>bsth	b a s t a
<|FAS|>nist	n e s t
<|FAS|>mla	m o l ɑː
<|FAS|>mn'	m a n ʔ
<|FAS|>iran	e ɾ ɑː n
<|FAS|>qasdk	ɢ ɑː s i d a k
<|FAS|>afzwdn	a f z u d a n
<|FAS|>hndw	h e n d uː
<|FAS|>mjbwr	m a d͡ʒ b u ɾ
<|FAS|>iranian	iː ɾ ɑː n i j ɑː n
<|FAS|>bamzhtrin	b ɑː m a z e t a ɾ iː n
<|FAS|>shishh	ʃ i ʃ a
<|FAS|>kalifrnia	k ɑː l iː f o r n i j ɑː
<|FAS|>khili	x a j l e
<|FAS|>qfl	ɢ u f l
<|FAS|>fahsh	f ɑː h e ʃ
<|FAS|>zrf	z a ɾ f
<|FAS|>salar	s ɑː l ɑː ɾ
<|FAS|>shrkt	ʃ e ɾ k a t
<|FAS|>hrmz	h o ɾ m o z
<|FAS|>nghz	n a ɢ z
<|FAS|>kabl	k ɑː b u l
<|FAS|>namwr	n ɑː m v a ɾ
<|FAS|>khza'i	x a z ɑː ʔ iː
<|FAS|>'sl	a s a l
<|FAS|>shlwar	ʃ a l v ɑː ɾ
<|FAS|>khrws	x o ɾ uː s
<|FAS|>pashidn	p ɑː ʃ iː d a n
<|FAS|>tchahkwr	t͡ʃ ɑː h k a v ɾ
<|FAS|>hrzgi	h a ɾ z a ɡ iː
<|FAS|>nshlidn	n e ʃ e l iː d a n
<|FAS|>jam'hshnas	d͡ʒ ɑː m i ʔ a ʃ i n ɑː s
<|FAS|>khatwn	x ɑː t uː n
<|FAS|>qbrstan	ɢ a b ɾ i s t ɑː n
<|FAS|>bhar	b a h ɑː ɾ
<|FAS|>karzar	k ɑː ɾ z ɑː ɾ
<|FAS|>sham	ʃ ɑː m
<|FAS|>plan	p e l ɑː n
<|FAS|>hndi	h e n d iː
<|FAS|>amshb	e m ʃ a b
<|FAS|>twsih	t a v s i j a
<|FAS|>ashwbha	ɑː ʃ uː b h ɑː
<|FAS|>iilaq	j a j l ɑː ɢ
<|FAS|>tkrar	t a k ɾ ɑː ɾ
<|FAS|>wsi'	v a s e ʔ
<|FAS|>qalb	ɢ ɑː l i b
<|FAS|>khis	x iː s
<|FAS|>amrwz	e m ɾ uː z
<|FAS|>bsiar	b e s j ɑː ɾ
<|FAS|>digdan	d e ɡ d ɑː n
<|FAS|>mikhi	m iː x iː
<|FAS|>aspghwl	e s p a ɢ uː l
<|FAS|>nwshidni	n u ʃ i d a n iː
<|FAS|>zrh	z e ɾ e h
<|FAS|>'fw	ʔ a f v
<|FAS|>hrfh	h e ɾ f e
<|FAS|>gwz	ɡ a v z
<|FAS|>gzardn	ɡ o z ɑː ɾ d a n
<|FAS|>khtnh	x a t n e
<|FAS|>bndr	b a n d a ɾ
<|FAS|>shghal	ʃ o ɢ ɑː l
<|FAS|>nkwnam	n e k uː n ɑː m
<|FAS|>ghalb	ɢ ɑː l e b
<|FAS|>t'zim	t a ʔ z i m
<|FAS|>nahid	n ɑː h iː d
<|FAS|>bhtrin	b e h t a ɾ i n
<|FAS|>astiwn	e s t iː v e n
<|FAS|>pishani	p e ʃ ɑː n iː
<|FAS|>sahl	s ɑː h i l
<|FAS|>ansan	e n s ɑː n
<|FAS|>athrbaijan	ɑː z a ɾ b ɑː j d͡ʒ ɑː n
<|FAS|>badbani	b ɑː d b ɑː n iː
<|FAS|>frwdgah	f o ɾ uː d ɡ ɑː h
<|FAS|>hfthha	h a f t e h ɑː
<|FAS|>ipk	j e p a k
<|FAS|>aspst	a s p i s t
<|FAS|>snbwsh	s a m b oː s a
<|FAS|>hsn	h a s a n
<|FAS|>baf	b ɑː f
<|FAS|>tqwit	t a ɢ v i j a t
<|FAS|>khwastn	x ɑː s t a n
<|FAS|>paigah	p ɑː j i ɡ ɑː h
<|FAS|>tbdil	t a b d i l
<|FAS|>ghlami	ɢ o l ɑː m iː
<|FAS|>shdni	ʃ o d a n iː
<|FAS|>amthan	e m t e h ɑː n
<|FAS|>khndan	x a n d ɑ n
<|FAS|>ahtiaj	e h t i j ɑː d͡ʒ
<|FAS|>qitchi	ɢ a j t͡ʃ iː
<|FAS|>swkh	s oː x
<|FAS|>athbat	e s b ɑː t
<|FAS|>baist	b ɑː j e s t
<|FAS|>mt'lq	m o t a ʔ a l l e ɢ
<|FAS|>atfaq	e t t e f ɑː ɢ
<|FAS|>njstrin	n a d ʒ a s t a ɾ iː n
<|FAS|>ljn	l a d͡ʒ a n
<|FAS|>gik	ɡ iː k
<|FAS|>tjrbi	t a d ʒ ɾ o b iː
<|FAS|>tqwim	t a ɢ v i m
<|FAS|>zir	z e ɾ
<|FAS|>ahmdinjad	a h m a d i n i ʒ ɑː d
<|FAS|>r'd	ɾ a ʔ d
<|FAS|>athrkhsh	ɑː z a ɾ a x ʃ
<|FAS|>wzgh	v a z a ɢ
<|FAS|>thfh	t o h f e
<|FAS|>mwmiaii	m oː m i j ɑː j iː
<|FAS|>jzirh	d͡ʒ a z i ɾ a
<|FAS|>thran	t a h ɾ ɑː n
<|FAS|>mrdm	m a ɾ d u m
<|FAS|>adm	ɑː d a m
<|FAS|>t'dad	t e ʔ d ɑː d
<|FAS|>grzh	ɡ o ɾ z e
<|FAS|>krdi	k o ɾ d iː
<|FAS|>paiiz	p ɑː iː z
<|FAS|>nqth	n o ɢ t e
<|FAS|>shnbh	ʃ a n b a
<|FAS|>khwajh	x ɑː d͡ʒ a
<|FAS|>naqs	n ɑː ɢ i s
<|FAS|>hwl	h a v l
<|FAS|>ardh	a ɾ d a
<|FAS|>wqti	v a ɢ t e
<|FAS|>khwdnwis	x o d n e v iː s
<|FAS|>tchshman	t ʃ e ʃ m ɑː
<|FAS|>msharkt	m o ʃ ɑː ɾ e k a t
<|FAS|>khndidn	x a n d i d a n
<|FAS|>qid	ɢ e j d
<|FAS|>'mr	o m a ɾ
<|FAS|>qatchaqtchi	ɢ ɑː t͡ʃ ɑː ɢ t͡ʃ iː
<|FAS|>malh	m ɑː l a
<|FAS|>bw	b oː
<|FAS|>twr	t a v ɾ
<|FAS|>mwmn	m o ʔ m e n
<|FAS|>bi'rdh	b e u ɾ z a
<|FAS|>pristan	p a ɾ i j i s t ɑː n
<|FAS|>saih	s ɑː j a
<|FAS|>gwshwarh	ɡ oː ʃ v ɑː ɾ a
<|FAS|>shitani	ʃ a j t ɑː n iː
<|FAS|>tshih	t a s h e h
<|FAS|>ra	ɾ ɑː
<|FAS|>janbaz	d͡ʒ ɑː m b ɑː z
<|FAS|>mwlana	m o v l ɑː n ɑː
<|FAS|>knj	k o n d͡ʒ
<|FAS|>skht	s a x t
<|FAS|>abshar	ɑː b ʃ ɑː ɾ
<|FAS|>glpr	ɡ o l p a ɾ
<|FAS|>gndm	ɡ a n d u m
<|FAS|>shklati	ʃ o k o l ɑ t i
<|FAS|>sim	s e j o m
<|FAS|>napsnd	n ɑː p a s a n d
<|FAS|>shkstni	ʃ i k a s t a n iː
<|FAS|>rwaq	ɾ e v ɑː ɢ
<|FAS|>gshadn	ɡ o ʃ ɑː d a n
<|FAS|>m'dni	m a ʔ d a n iː
<|FAS|>rajstan	ɾ ɑː d͡ʒ a s t a n
<|FAS|>rwnq	ɾ a v n a ɢ
<|FAS|>spndan	s e p a n d ɑː n
<|FAS|>tchamhsraii	t͡ʃ ɑː m a s a ɾ ɑː j iː
<|FAS|>gra	ɡ a ɾ ɑː
<|FAS|>qadi	ɢ ɑː z iː
<|FAS|>raht	ɾ ɑː h a t
<|FAS|>arzsh	a ɾ z i ʃ
<|FAS|>khstgi	x a s t i ɡ iː
<|FAS|>rh	r a h
<|FAS|>antqad	e n t e ɢ ɑː d
<|FAS|>garaj	ɡ ɑː ɾ ɑː ʒ
<|FAS|>rabt	ɾ ɑː b i t
<|FAS|>nwshidn	n oː ʃ iː d a n
<|FAS|>blg	b a l ɡ
<|FAS|>slh	s u l h
<|FAS|>shirin	ʃ i ɾ i n
<|FAS|>kharji	x ɑː ɾ i d͡ʒ iː
<|FAS|>jdid	d͡ʒ a d i d
<|FAS|>'adi	ʔ ɑː d iː
<|FAS|>shksthnst'liq	ʃ e k a s t e n a s t a ʔ l iː ɢ
<|FAS|>palaish	p ɑː l ɑː j i ʃ
<|FAS|>khwshgl	x o ʃ ɡ e l
<|FAS|>jaj	ʒ ɑː ʒ
<|FAS|>frwrdin	f a ɾ v a ɾ d iː n
<|FAS|>asl	a s l
<|FAS|>zwjit	z a v d͡ʒ i j a t
<|FAS|>mwz	m a v z
<|FAS|>samanh	s ɑː m ɑː n a
<|FAS|>in	e n
<|FAS|>nan	n ɑː n
<|FAS|>slslh	s e l s e l e
<|FAS|>zwal	z a v ɑː l
<|FAS|>htma	h a t m a n
<|FAS|>akhbar	a x b ɑː ɾ
<|FAS|>n'wz	n o ʔ uː z
<|FAS|>aghaz	ɑː ɢ ɑː z
<|FAS|>astqbal	e s t e ɢ b ɑː l
<|FAS|>shida	ʃ e j d ɑː
<|FAS|>mhbt	m a h a b b a t
<|FAS|>marmwlk	m ɑː ɾ m uː l a k
<|FAS|>pshiman	p a ʃ iː m ɑː n
<|FAS|>kwtah	k oː t ɑː h
<|FAS|>dstar	d a s t ɑː ɾ
<|FAS|>tb	t e b
<|FAS|>sng	s a n ɡ
<|FAS|>qt'	ɢ a t ʔ
<|FAS|>khwah	x ɑː h
<|FAS|>qsm	ɢ a s a m
<|FAS|>tchapgr	t͡ʃ ɑː p ɡ a ɾ
<|FAS|>srai	s a ɾ ɑː j
<|FAS|>sfarshi	s e f ɑː ɾ e ʃ iː
<|FAS|>akhraj	e x ɾ ɑː d͡ʒ
<|FAS|>amd	ɑː m a d
<|FAS|>rng	ɾ a n ɡ
<|FAS|>nfrin	n e f ɾ iː n
<|FAS|>khal	x ɑː l
<|FAS|>jwrab	d ʒ oː ɾ ɑː b
<|FAS|>hmh	h a m e
<|FAS|>bini	b i n iː
<|FAS|>frshth	f a ɾ i ʃ t a
<|FAS|>simab	s i m ɑː b
<|FAS|>m'dh	m e ʔ d a
<|FAS|>qwnih	ɢ u n i j a
<|FAS|>mntqd	m o n t a ɢ e d
<|FAS|>astbl	e s t a b l
<|FAS|>iasa'	j ɑː s ɑː ʔ
<|FAS|>pshtwn	p a ʃ t uː n
<|FAS|>kmk	k o m a k
<|FAS|>ashti	ɑː ʃ t iː
<|FAS|>tqsir	t a ɢ s iː ɾ
<|FAS|>bijadh	b i d͡ʒ ɑː d i
<|FAS|>shb'di	s e b o ʔ d iː
<|FAS|>znangi	z a n ɑː n a ɡ iː
<|FAS|>kmantchh	k a m ɑː n t͡ʃ a
<|FAS|>arzw	ɑː ɾ i z uː
<|FAS|>'ft	ʔ e f f a t
<|FAS|>kwzh	k u z a
<|FAS|>silas	s iː l ɑː s
<|FAS|>shmarh	ʃ o m ɑː ɾ e
<|FAS|>ahwramzda	a h u ɾ ɑː m a z d ɑː
<|FAS|>pighambr	p a j ɢ ɑː m b a ɾ
<|FAS|>hq	h a ɢ ɢ
<|FAS|>mjdh	m o ʒ d e
<|FAS|>razi	ɾ ɑː z iː
<|FAS|>snf	s a n f
<|FAS|>akhth	ʔ a x z
<|FAS|>mwtr	m oː t a ɾ
<|FAS|>wfat	v a f ɑː t
<|FAS|>nzdiktr	n a z d iː k t a ɾ
<|FAS|>khdaii	x o d ɑː j iː
<|FAS|>nzdik	n a z d i k
<|FAS|>ward	v ɑː ɾ e d
<|FAS|>srfraz	s a ɾ f a ɾ ɑː z
<|FAS|>wjwdi	v o d͡ʒ uː d iː
<|FAS|>hlw	h o l uː
<|FAS|>mshklha	m o ʃ k e l h ɑː
<|FAS|>jrf	ʒ a ɾ f
<|FAS|>pishtaz	p e ʃ t ɑː z
<|FAS|>frarwd	f a ɾ ɑː ɾ uː d
<|FAS|>khshab	x e ʃ ɑː b
<|FAS|>mnijh	m a n iː ʒ a
<|FAS|>rd	ɾ a d d
<|FAS|>tchhar	t͡ʃ a h ɑː ɾ
<|FAS|>swgnd	s a v ɡ a n d
<|FAS|>shtrghar	ʃ o t o ɾ ɢ ɑː ɾ
<|FAS|>shwrba	ʃ oː ɾ b ɑː
<|FAS|>khaqan	x ɑː ɢ ɑː n
<|FAS|>tshkil	t a ʃ k i l
<|FAS|>swi	s oː j
<|FAS|>asphsalar	ʔ e s p a h s ɑː l ɑː ɾ
<|FAS|>tziin	t a z j i n
<|FAS|>madr	m ɑː d a ɾ
<|FAS|>astqlal	e s t e ɢ l ɑː l
<|FAS|>knjkaw	k o n d͡ʒ k ɑː v
<|FAS|>framwshi	f a ɾ ɑː m oː ʃ iː
<|FAS|>pwshak	p oː ʃ ɑː k
<|FAS|>aslamgra	e s l ɑː m ɡ a ɾ ɑː
<|FAS|>anglis	ʔ e n ɡ e l iː s
<|FAS|>khwansh	x ɑː n e ʃ
<|FAS|>khwish	x e ʃ
<|FAS|>rwmi	ɾ oː m iː
<|FAS|>khwanndh	x ɑː n a n d a
<|FAS|>sazsh	s ɑː z i ʃ
<|FAS|>khzndgan	x a z a n d e ɡ ɑː n
<|FAS|>msr	m e s ɾ
<|FAS|>tkih	t a k j a
<|FAS|>khanwadh	x ɑː n a v ɑː d a
<|FAS|>qbla	ɢ a b l a n
<|FAS|>khwnshnasi	x u n ʃ i n ɑː s iː
<|FAS|>srmh	s a ɾ m a
<|FAS|>flakhn	f a l ɑː x a n
<|FAS|>drfsh	d a ɾ a f ʃ
<|FAS|>alalh	ɑː l ɑː l a
<|FAS|>trsidn	t a ɾ s i d a n
<|FAS|>athit	a z i j a t
<|FAS|>khsran	x o s ɾ ɑː n
<|FAS|>iganh	j a ɡ ɑː n a
<|FAS|>t'jb	t a ʔ a d d͡ʒ u b
<|FAS|>bishh	b e ʃ a
<|FAS|>jshn	d͡ʒ a ʃ n
<|FAS|>khsthkhanh	x a s t a x ɑː n a
<|FAS|>adinh	ɑː d iː n a
<|FAS|>biwr	b e v a ɾ
<|FAS|>nazk	n ɑː z u k
<|FAS|>srkh	s o ɾ x
<|FAS|>mrg	m a ɾ ɡ
<|FAS|>ram	ɾ ɑː m
<|FAS|>azmwdn	ɑː z m uː d a n
<|FAS|>mnzl	m a n z i l
<|FAS|>shhwt	ʃ a h v a t
<|FAS|>bi	b e
<|FAS|>art'ash	e ɾ t e ʔ ɑː ʃ
<|FAS|>antshar	e n t e ʃ ɑː ɾ
<|FAS|>bzaq	b o z ɑː ɢ
<|FAS|>qimti	ɢ a j m a t iː
<|FAS|>bimartr	b iː m ɑː ɾ t a ɾ
<|FAS|>qtr	ɢ a t a ɾ
<|FAS|>tajikstan	t ɑː d͡ʒ iː k i s t ɑː n
<|FAS|>darwsaz	d ɑː ɾ uː s ɑː z
<|FAS|>dnidn	d a n iː d a n
<|FAS|>shghalha	ʃ o ɢ ɑː l ɑː
<|FAS|>kh	k e
<|FAS|>danstn	d uː n e s t a n
<|FAS|>mizan	m i z ɑ n
<|FAS|>shtrgawplng	ʃ o t o ɾ ɡ ɑː v p a l a n ɡ
<|FAS|>mwrtchh	m oː ɾ t͡ʃ a
<|FAS|>kasb	k ɑː s i b
<|FAS|>didn	d i d a n
<|FAS|>gthshtn	ɡ o z a ʃ t a n
<|FAS|>mrba	m o r a b b ɑ
<|FAS|>rm	ɾ a m
<|FAS|>iar	j ɑː ɾ
<|FAS|>khshwnt	x o ʃ uː n a t
<|FAS|>mqdmati	m o ɢ a d d a m ɑː t iː
<|FAS|>tmthil	t a m s i l
<|FAS|>dqt	d e ɢ ɢ a t
<|FAS|>prndwsh	p a ɾ a n d oː ʃ
<|FAS|>midan	m a j d ɑː n
<|FAS|>snwbr	s a n a v b a ɾ
<|FAS|>glstan	ɡ o l e s t ɑː n
<|FAS|>akhwnd	ɑː x uː n d
<|FAS|>milad	m e l ɑː d
<|FAS|>frzndkhwandh	f a ɾ z a n d x ɑː n d a
<|FAS|>atchar	ɑː t͡ʃ ɑː ɾ
<|FAS|>saln	s ɑː l o n
<|FAS|>khwshbkht	x o ʃ b a x t
<|FAS|>mkhtlt	m o x t a l e t
<|FAS|>sfarsh	s e f ɑː ɾ e ʃ
<|FAS|>msdr	m a s d a ɾ
<|FAS|>nzr	n a z a ɾ
<|FAS|>jrftr	ʒ a ɾ f t a ɾ
<|FAS|>shad	ʃ ɑː d
<|FAS|>khfgi	x a f i ɡ iː
<|FAS|>w'dh	v a ʔ d a
<|FAS|>tdrij	t a d ɾ i d͡ʒ
<|FAS|>qlawz	ɢ u l ɑː v u z
<|FAS|>mqds	m o ɢ a d d a s
<|FAS|>naraht	n ɑː ɾ ɑː h a t
<|FAS|>ghar	ɢ ɑː ɾ
<|FAS|>asan	ɑː s ɑː n
<|FAS|>jwhr	d͡ʒ a v h a ɾ
<|FAS|>araish	ɑː ɾ ɑː j i ʃ
<|FAS|>bhbwd	b e h b uː d
<|FAS|>srwr	s a ɾ v a ɾ
<|FAS|>ashtbah	e ʃ t e b ɑː h
<|FAS|>frd	f a ɾ d
<|FAS|>gwashtn	ɡ o v ɑː ʃ t a n
<|FAS|>wiraish	v i ɾ ɑː j i ʃ
<|FAS|>wl	v e l
<|FAS|>klp	k l a p
<|FAS|>gwish	ɡ oː j i ʃ
<|FAS|>anfjar	e n f e d͡ʒ ɑː ɾ
<|FAS|>rwadid	r a v ɑː d iː d
<|FAS|>arg	o ɾ ɡ
<|FAS|>khzan	x a z ɑː n
<|FAS|>tfsidn	t a f s i d a n
<|FAS|>grdn	ɡ a ɾ d a n
<|FAS|>nwkr	n a v k a r
<|FAS|>admha	ɑː d a m h ɑː
<|FAS|>tchwp	t͡ʃ oː p
<|FAS|>pri	p a ɾ iː
<|FAS|>klng	k o l o n ɡ
<|FAS|>sadhtr	s ɑː d e t a ɾ
<|FAS|>drbarh	d a ɾ b ɑː ɾ a j i
<|FAS|>pnhan	p e n h uː n
<|FAS|>khlaf	x e l ɑː f
<|FAS|>qdr	ɢ a d a ɾ
<|FAS|>astkhwan	o s t o x ɑː n
<|FAS|>shwq	ʃ a v ɢ
<|FAS|>pnjshir	p a n d͡ʒ ʃ e ɾ
<|FAS|>atminan	e t m iː n ɑː n
<|FAS|>saz	s ɑː z
<|FAS|>natwan	n ɑː t a v ɑː n
<|FAS|>narnj	n ɑː ɾ a n d͡ʒ
<|FAS|>pthirftn	p a z i ɾ u f t a n
<|FAS|>gaz	ɡ ɑː z
<|URD|>rayeyedhndgan	ɽ a: ɪ d ə ɦ ə n d ɡ a: n
<|URD|>jdidtrin	d͡ʒ a d iː d t a r iː n
<|URD|>ramw	ɽ a: m ʊ
<|URD|>atwar	ɪ t ʋ a: ɽ
<|URD|>mnh	m ʊ ɦ
<|URD|>khsarh	x ɪ s a: ɽ a: ɦ
<|URD|>mshrwb	m a ʃ r uː b
<|URD|>arb	ə ɽ ə b
<|URD|>ghirmsthkm	ɣ ɪ r m ʊ s t ɦ a k a m
<|URD|>abhshik	ə bʰ ɪ ʂ eː k
<|URD|>rngwli	ɽ ə ŋ ɡ oː l iː
<|URD|>akash	a: k a: ʃ
<|URD|>hmsfr	ɦ ə m s ə f ə ɽ
<|URD|>hqart	ɦ ʊ q a: ɽ ə t
<|URD|>msyelh	m ə s l a:
<|URD|>asttayesttks	ɪ s ʈ a: ɪ s ʈ k s
<|URD|>balye	b a: l eː
<|URD|>grna	ɡ ɪ ɽ n a:
<|URD|>flahi	f l a: ɦ iː
<|URD|>tmhin	t ʊ m e:
<|URD|>skw	s k uː
<|URD|>sfr	s ə f ə ɽ
<|URD|>rwiyeh	ɽ ə ʋ ə i a:
<|URD|>lwth	l oː tʰ
<|URD|>mizan	m iː z a: n
<|URD|>nafth	n a: f ɪ z
<|URD|>par	p a: ɽ
<|URD|>awdblaw	uː d b ɪ l a: oː
<|URD|>bashndh	b a: ʃ ɪ n d a:
<|URD|>rajw	ɽ a: d͡ʒ oː
<|URD|>jam'h	d͡ʒ a: m ɪ ʔ a:
<|URD|>palisi	p a: l iː s iː
<|URD|>kargzari	k a: r ɡ ʊ z a: r iː
<|URD|>smi'	s ə m iː a
<|URD|>sngh	s ɪ ŋ ɡʰ
<|URD|>ardw	ʊ ɽ d uː
<|URD|>rimark	r eɪ m a: r k
<|URD|>prkash	p ɽ ə k a: ʃ
<|URD|>sfrwan	s ɪ f ə ɽ ʋ a:
<|URD|>mlazm	m ʊ l a: z ə m
<|URD|>akhtiarkrdh	ə x t iː j aː ɽ k ə ɽ d ə ɦ
<|URD|>khag	kʰ a: ɡ
<|URD|>diwakr	d iː ʋ a: k ə ɽ
<|URD|>rbwh	ɽ ə b ʋ a: ɦ
<|URD|>mak	m a: k
<|URD|>dardr	d a: ɽ ɪ d ɽ
<|URD|>phla	p ə ɦ l a:
<|URD|>raja	ɽ a: d͡ʒ a:
<|URD|>ddhytth	ɖʰ iː ʈʰ
<|URD|>strwin	s t ɽ oː ʋ eː n
<|URD|>bhwngir	bʰ ʊ ŋ ɡ iː r
<|URD|>ddifns	ɖ iː f n ɪ s
<|URD|>dstbrdar	d ʊ s t b ɛ r d a: r
<|URD|>jgr	d͡ʒ ə ɡ ə r
<|URD|>jani	d͡ʒ a: n iː
<|URD|>pwlit	p oː l iː t
<|URD|>shrw'	ʃ ʊ ɽ uː a
<|URD|>ddgis	ɖ ɪ ɡ iː s
<|URD|>wrzsh	ʋ ə ɽ z ɪ ʃ
<|URD|>ftttch	f t͡ʃ
<|URD|>ftnh	f ə t n ə
<|URD|>gwdhra	ɡ oː dʰ ɽ aː
<|URD|>skhti	s a x t iː
<|URD|>kwhir	k oː ɦ iː ɽ
<|URD|>prim	p ɽ eː m
<|URD|>ghirdrwri	ɣ eː ɽ z ə ɽ uː ɽ iː
<|URD|>ddr	ɖ ə ɽ
<|URD|>bhar	b ə ɦ a: ɽ
<|URD|>kmishn	k a m iː ʃ a n
<|URD|>'ks	a k s
<|URD|>pna	p ə n n a:
<|URD|>shayeq	ʃ a: ɪ q
<|URD|>tkniki	t a k n iː k iː
<|URD|>iranddia	a iː r aː n d iː aː
<|URD|>khwdksh	x ʊ d k ʊ ʃ
<|URD|>rwpia	ɽ uː p iː a:
<|URD|>afq	a: f ə q
<|URD|>'jayeb	ə d͡ʒ a: ɪ b
<|URD|>tisri	t eː s r iː
<|URD|>ardn	a: r d ə n
<|URD|>jalh	ʒ a: l ə
<|URD|>pishab	p eː ʃ a: b
<|URD|>librmn	l iː b ə r m ə n
<|URD|>prtbha	p ə r t ʊ bʰ a:
<|URD|>imandar	iː m a: n d a: ɽ
<|URD|>pwrkr	p u: r k ə r
<|URD|>bsti	b ə s t iː
<|URD|>mhlwk	m ə ɦ l oː k
<|URD|>lig	l iː ɡ
<|URD|>myei	m eː ɪ
<|URD|>halankh	ɦ a: l a: k iː
<|URD|>diksht	d iː k ʃ t
<|URD|>kshti	k ə ʃ t iː
<|URD|>twti	ʈ ɔː ʈ iː
<|URD|>lrrki	l ə ɽ k iː
<|URD|>khani	kʰ a: n iː
<|URD|>atba'	ɪ t ɪ b a: a:
<|URD|>bwtha	b oː tʰ a:
<|URD|>malit	m a: l iː t
<|URD|>gz	ɡ ʊ z
<|URD|>jws	d͡ʒ oʊ s
<|URD|>tal	t a: l
<|URD|>wsnt	ʋ ʊ s n a t
<|URD|>klkttr	k ʊ l k ʈ ɛ ɽ
<|URD|>jhwtt	d͡ʒ ʱ uː ʈ
<|URD|>dina	d eː n a:
<|URD|>rngariddi	ɽ ə ŋ ɡ a: ɽ iː d iː
<|URD|>sh	ʃ
<|URD|>'wami	a ʋ aː m iː
<|URD|>d'ayeye	d̪ʊ a: ɪ eː
<|URD|>liktchrr	l iː k t͡ʃ ə ɽ ɽ
<|URD|>kwrtt	k ɔː r ʈ
<|URD|>swr	s uː ə ɽ
<|URD|>mittrs	m eː t ə r s
<|URD|>prswn	p ə ɽ s o:
<|URD|>glal	ɡ ʊ l a: l
<|URD|>grjna	ɡ ə ɽ ə d͡ʒ n a:
<|URD|>iwniwrstti	j uː n iː ʋ a r s ʈ iː
<|URD|>akhttam.pzir	a: x t t a: m p ə z iː ɽ
<|URD|>mittabwlayez	m eː ʈ a: b oː l aː ɪ z
<|URD|>kardd	k a: ɽ d
<|URD|>bnd	b ə n d
<|URD|>flk	f ə l ə k
<|URD|>tchharr	t͡ʃʰ a: ɽ
<|URD|>grdi	ɡ ʊ r d iː
<|URD|>dhwl	dʰ uː l
<|URD|>iman	iː m a: n
<|URD|>tchwtt	t͡ʃ oː ʈ
<|URD|>wswli	ʋ ʊ s uː l iː
<|URD|>marishis	m a: r iː ʃ iː s
<|URD|>msthkm	m ʊ s t a ɦ k a m
<|URD|>jrat	d͡ʒ ʊ ɽ ɽ ə t
<|URD|>akantts	ə k a: n ʈ s
<|URD|>jrthwmh	d͡ʒ ʊ ɽ s uː m a:
<|URD|>babrh	b a: b ɽ a:
<|URD|>prrhna	p ə ɽʰ n a:
<|URD|>ddabsn	ɖ a: b s ə n
<|URD|>nzrandaz	n ʊ z ɽ a: n d a: z
<|URD|>ahtmal	eː ɦ t eː m a: l
<|URD|>yen	ʔ ɪ n
<|URD|>khwn	x uː n
<|URD|>mjh	m ʊ d͡ʒʰ
<|URD|>pstan	p ɪ s t a: n
<|URD|>'lamh	a ə l aː m ə
<|URD|>aiyena	a: iː ə n ə
<|URD|>tgna	t ɪ ɡ n a:
<|URD|>that	z a: t
<|URD|>blin	b ɛː l iː n
<|URD|>dikhna	d eː kʰ n a:
<|URD|>andr	ɪ n d ə ɽ
<|URD|>jhwtti	d͡ʒ ʱ uː ʈ iː
<|URD|>karkhanh	k a: r x a: n ə
<|URD|>mnswr	m ə n s ʊ ɽ
<|URD|>snjidh	s ʊ n d͡ʒ iː d a
<|URD|>asrayeil	ɪ s ɽ a: iː l
<|URD|>pwrh	p uː r a:
<|URD|>phwl	pʰ uː l
<|URD|>prdib	p ə ɽ d iː b
<|URD|>pitt	p eː ʈ
<|URD|>kawih	k a: ʋ j ə
<|URD|>laprwahi	l a: p ɽ ʋ a: ɦ iː
<|URD|>tyein	t ɛː ɪ n
<|URD|>lsaniat	l ɪ s a: n ɪ j a: t
<|URD|>mittng	m iː ʈ ɪ ŋ ɡ
<|URD|>shwlt	s ʊ ɦ ʊ l t
<|URD|>ahsan	ə ɦ ə s a: n
<|URD|>iwgandda	j ʊ ɡ a: n ʈ a:
<|URD|>ghrnath	ɣ ə ɽ n a: t a: ɦ
<|URD|>hswl	ɦ ʊ s uː l
<|URD|>shringr	ʃ ɽ iː n ə ɡ ə ɽ
<|URD|>fttns	f ɪ t n ə s
<|URD|>frar	f a r aː r
<|URD|>karrha	k a: ɽʰ a:
<|URD|>mwjwdh	m oː d͡ʒ uː d a:
<|URD|>thsil	t ɦ ʊ s iː l
<|URD|>sh'r	ʃ eː ɽ
<|URD|>dwran	d ʊ ɽ a: n
<|URD|>thlil	z ə l iː l
<|URD|>wh	ʋ oː
<|URD|>kwi6	k oː ɪ a 6
<|URD|>bli	b ə l iː
<|URD|>khswsa	x ʊ s uː s ə n
<|URD|>khjli	kʰ ʊ d͡ʒ l iː
<|URD|>aswl	ʊ s uː l
<|URD|>atrna	ʊ t ə ɽ n a:
<|URD|>kshadh	k ə ʃ aː d ə
<|URD|>swalih	s uː aː l iː ə
<|URD|>bawli	b aː oː l iː
<|URD|>arstw	ə ɽ ə s t uː
<|URD|>hsin	ɦ ʊ s eɪ n
<|URD|>bghir	b ɪ ɣ ɛː r
<|URD|>ihwd	j ə ɦ uː d
<|URD|>mswri	m ʊ s ʋ ʊ r iː
<|URD|>wiria	ʋ iː r iː a:
<|URD|>kttrpsnd	k ʈ ə ɽ p s ʊ n d
<|URD|>tchlana	t͡ʃ ɪ l l a: n a:
<|URD|>ddkar	ɖ ə k a: ɽ
<|URD|>slib	s ə l iː b
<|URD|>asttal	ɪ s ʈ aː l
<|URD|>tchngal	t͡ʃ ə ŋ ɡ a: l
<|URD|>shye6	ʃ eː t͡ʃʰ ʰ
<|URD|>awdhaw	ɔː dʰ a: ʊ
<|URD|>akhrt	a: x ɪ ɽ ə t
<|URD|>tchta	t͡ʃ ʊ t a:
<|URD|>rajish	ɽ a: d͡ʒ iː ʃ
<|URD|>pharr	pʰ a: ɽ
<|URD|>wsal	ʋ ɪ s a: l
<|URD|>lkij	l ə k iː d͡ʒ
<|URD|>bjtt	b ə d͡ʒ ʈ
<|URD|>tchwtha	t͡ʃ ɔː tʰ a:
<|URD|>pwliw	p oː l iː oː
<|URD|>jlsh	d͡ʒ ə l s a ɦ
<|URD|>allh	ə l l a: ɦ
<|URD|>bhithit	b ɦ ɪ s iː t
<|URD|>arjt	ə ɽ d͡ʒ ɪ t
<|URD|>balkhsws	b a: l x a s ʊ s
<|URD|>jnwri	d͡ʒ a n uː r iː
<|URD|>btaiakh	b ɪ t a: j a: k ɛː
<|URD|>dl	d ɪ l
<|URD|>nh	n a:
<|URD|>bilarws	b eː l a: ɽ uː s
<|URD|>rishi	r eː ʃ iː
<|URD|>bahwbli	b a: ɦ ʊ b ə l iː
<|URD|>tchwthayei	t͡ʃ ɔː tʰ a: iː
<|URD|>mdira	m ə d iː ɽ a:
<|URD|>frmayesh	f ə ɽ m a: ɪ ʃ
<|URD|>blkh	b ə l k iː
<|URD|>anttrmlan	ɪ n ʈ ə ɽ m ə l a: n
<|URD|>tlbih	t ə l b iː ə
<|URD|>smkh	s ə m m ʊ kʰ
<|URD|>mtwfi	m ʊ t ʋ ɔː f iː
<|URD|>prtchh	p ə ɽ t͡ʃ ə
<|URD|>kti	k ə t iː
<|URD|>ikspris	aɪ k s p ɽ iː s
<|URD|>nakhwsh	n a: x ʊ ʃ
<|URD|>rwanh	ɽ ə ʋ a: n a:
<|URD|>bimar	b eː m a: ɽ
<|URD|>mwrti	m uː ɽ t iː
<|URD|>tthws	ʈʰ oː s
<|URD|>bawn	b a: ʊ n
<|URD|>jamn	d͡ʒ a: m ə n , d͡ʒ a: m ʊ n
<|URD|>sath	s a: tʰ
<|URD|>mkh	m ʊ kʰ
<|URD|>shiwaji	ʃ iː ʋ a: d͡ʒ iː
<|URD|>n'rh	n a: ɽ a: ɦ
<|URD|>'jb	a d͡ʒ a b
<|URD|>anfrasttrktchr	ɪ n f r a: s t ɽ ʊ k t͡ʃ ʊ ɽ
<|URD|>gmana	ɡ ʊ m a: n a:
<|URD|>ptti	p ʈ iː
<|URD|>tchrria	t͡ʃ ɪ ɽ ɪ j a:
<|URD|>biag	b j aː ɡ
<|URD|>dmshq	d ə m ɪ ʃ q
<|URD|>lyeye	l ɛː
<|URD|>liaps	l iː a: p s
<|URD|>tb	t ə b
<|URD|>balkl	b ɪ l k ʊ l
<|URD|>ishin	eː ʃ iː n
<|URD|>kpasi	k ə p a: s iː
<|URD|>rwzgar	r oː z ɡ a: r
<|URD|>pakstan	p a: k ɪ s t a: n
<|URD|>'bid	a ʊ b eː d
<|URD|>tint	ʈ ɪ n t
<|URD|>ghirdstwri	ɣ ɛː r d ʊ s t ʊ ɽ iː
<|URD|>bitth	b eː ʈʰ
<|URD|>tchitapwr	t͡ʃ iː t aː p ɔː r
<|URD|>tchpl	t͡ʃ ə p ə l
<|URD|>rashttrpti	r a: ʃ t r p a t iː
<|URD|>ttiksas	ʈ iː k s a: s
<|URD|>btdrij	b ə t d ɽ iː d͡ʒ
<|URD|>tlkh	t ə l ə x
<|URD|>thwkna	tʰ uː k n a:
<|URD|>amn	ə m ə n
<|URD|>brtr	b ɪ ɽ t ɽ
<|URD|>hwna	ɦ oː n a:
<|URD|>gftgw	ɡ ʊ f t ɡ oʊ
<|URD|>'almi	a a: l ə m iː
<|URD|>iwsf	j uː s ə f
<|URD|>kala	k a: l a:
<|URD|>khasi	x a: s iː
<|URD|>shaft	s ɪ ɦ a: f ə t
<|URD|>biwi	b iː ʋ iː
<|URD|>m'lwm	m aː l uː m
<|URD|>mlk	m ʊ l k
<|URD|>bye.tchin	b eː t͡ʃ eː n
<|URD|>kalng	k a: l ə ŋ ɡ
<|URD|>sarrhye	s aː r a
<|URD|>dwphr	d uː p ɛː ɽ
<|URD|>sinkrra	s ɛː ŋ k ɽ a:
<|URD|>thrwt	s ə ɽ ʋ ə t
<|URD|>gnbth	ɡ ʊ m b ə z
<|URD|>andra	ɪ n d r a:
<|URD|>mnsttra	m ə n s ʈ ɽ a:
<|URD|>afsir	a: f s iː ɽ
<|URD|>ttayeils	ʈ a: ɪ l s
<|URD|>garri	ɡ a: ɽ iː
<|URD|>iwntt	a: j uː n ʈ
<|URD|>albth	a l b ə t a:
<|URD|>iwntts	j ʊ n ɪ t s
<|URD|>bhna	b ɛ ɦ n a:
<|URD|>ankh	a: kʰ
<|URD|>sina	s iː n a:
<|URD|>tchwttki	t͡ʃʰ ʊ ʈ k iː
<|URD|>lmba	l ə m b a:
<|URD|>snh	s ɪ ŋ ɦ
<|URD|>tndrst	t ə n d ʊ ɽ ʊ s t
<|URD|>agar	a: ɡ a: ɽ
<|URD|>amit	a m iː t
<|URD|>sfayei	s ɪ f a: iː
<|URD|>khridna	x ə ɽ iː d n a:
<|URD|>glbrgh	ɡ ʊ l b ə ɽ ɡ ə
<|URD|>sid	s eː d
<|URD|>alm	ə l ə m
<|URD|>itharsaniwn	a: ɪ z a: ɽ s a: n iː ʊ n
<|URD|>bks	b ə k s
<|URD|>shrkra	ʃ ə ɽ k ə ɽ a:
<|URD|>brih	b ə ɽ j ə
<|URD|>amdad	ɪ m d a: d
<|URD|>antkhab	ɪ n t ɪ x a: b
<|URD|>srznsh	s ə ɽ z n ɪ ʃ
<|URD|>hrit	ɦ ʊ r iː t
<|URD|>bashah	b a: ʃ a: ɦ
<|URD|>skna	s ə k n a:
<|URD|>bkm	b ʊ k m
<|URD|>tndrsti	t ə n d ʊ ɽ ʊ s t iː
<|URD|>bhtr	b ə ɦ ə t t ə ɽ
<|URD|>nhait	n ɪ ɦ a: j ə t
<|URD|>mt	m ə t
<|URD|>msttrsnha	m ɪ s ʈ ə r s n ə ɦ a:
<|URD|>nkslayett	n ɪ k s l a: iː t
<|URD|>jwr	d͡ʒ ʋ ə ɽ
<|URD|>hrj	ɦ ʊ r d͡ʒ
<|URD|>klwmittr	k ɪ l oʊ m iː t ə ɽ
<|URD|>mhnt	m ɪ ɦ n ə t
<|URD|>adha	a: dʰ a:
<|URD|>ghrd	ɣ ʊ r d z
<|URD|>zirqiadt	z i: r q iː a: d t
<|URD|>kimikl	k iː m iː k ə l
<|URD|>djlh	d ə d͡ʒ l a:
<|URD|>sayeins	s a: ɪ n s
<|URD|>mah	m aː ɦ
<|URD|>dagh	d a: ɣ
<|URD|>ghirnye	ɡʰ iː r n eɪ
<|URD|>mqfl	m ʊ q f ʊ l
<|URD|>azmana	a: z m a: n a:
<|URD|>biwrw	b j ʊ ɽ oː
<|URD|>wshnw	ʋ ɪ ʃ n uː
<|URD|>qwm	q ɔː m
<|URD|>pnkha	p ə ŋ kʰ a:
<|URD|>khwks	kʰ oː k s
<|URD|>angrizi	ə ŋ ɡ ɽ eː z iː
<|URD|>bhwtni	bʰ uː t ɪ n iː
<|URD|>nkal	n ɪ k a: l
<|URD|>shrt	ʃ ə ɽ t
<|URD|>smjhdar	s ə m ə d͡ʒʰ d a: ɽ
<|URD|>barha	b a: ɽ ɦ a:
<|URD|>nsrt	n ʊ s ɽ ə t
<|URD|>nila	n iː l a:
<|URD|>shih	s ə ɦ iː
<|URD|>twhidit	t ɔː ɦ iː d ɪ j ə t
<|URD|>ras	ɽ aː s
<|URD|>nhs	n ɛ ɦ s
<|URD|>ghrrial	ɡʰ ə ɽ ɪ j a: l
<|URD|>falhal	f ɪ l ɦ a: l
<|URD|>khttayei	kʰ ə ʈ a: iː
<|URD|>jswr	d͡ʒ ə s uː ɽ
<|URD|>bhkti	bʰ ə k t iː
<|URD|>rhna	ɽ ə ɦ n a:
<|URD|>tchtts	t͡ʃ ə ʈ s
<|URD|>brtchhit	b ə ɽ t͡ʃʰ ɛː t
<|URD|>khata	kʰ a: t a:
<|URD|>tchharm	t͡ʃ ə ɦ a: ɽ ʊ m
<|URD|>jdwl	d͡ʒ ʊ d ʊ l
<|URD|>asttiwn	ɪ s t iː ʋ ə n
<|URD|>nmayendh	n ʊ m a: ɪ n d ə ɦ
<|URD|>rkha	ɽ ʊ kʰ a:
<|URD|>tnaz'	t ə n a: z oː ʔ
<|URD|>mhajrt	m ʊ ɦ a: d͡ʒ ə ɽ ə t
<|URD|>latthi	l a: ʈʰ iː
<|URD|>ka	k a:
<|URD|>wjwd	ʋ ə d͡ʒ uː d
<|URD|>tlqin	t ə l q iː n
<|URD|>khda	x ʊ d a:
<|URD|>rikarddz	ɽ eɪ k a: ɽ ɖ z
<|URD|>nkth	n ʊ k t a:
<|URD|>awmish	oː m iː ʃ
<|URD|>dhwsr	dʰ uː s ə r
<|URD|>lina	l eː n a:
<|URD|>hbsh	ɦ ə b ə ʃ
<|URD|>agan	ə ɡ a: n
<|URD|>sinittr	s iː n eː ʈ ə ɽ
<|URD|>swar	s ʋ a: ɽ
<|URD|>srwnam	s ə ɽ ʋ n a: m
<|URD|>mthakrh	m ʊ z a: k ə r a:
<|URD|>shbhat	ʃ ə b ɦ a: t
<|URD|>qlm	q ə l ə m
<|URD|>kwlkata	k oː l k a: t a:
<|URD|>tchkna	t͡ʃ ʊ k n a:
<|URD|>sha'ri	ʃ a: j ɽ iː
<|URD|>nwtts	n oː ʈ s
<|URD|>ssti	s ʊ s t iː
<|URD|>mwq'	m ɔː q a:
<|URD|>al'rfaye	ə l a ɽ f a: ɪ
<|URD|>snjidgi	s ʊ n d͡ʒ iː d ɡ iː
<|URD|>rwzh	ɽ oː z a:
<|URD|>twsif	t ʋ o s iː f
<|URD|>jgarr	d͡ʒ ʊ ɡ a: ɽ
<|URD|>adasi	ʊ d a: s iː
<|URD|>astqbal	ɪ s t ɪ q b a: l
<|URD|>phlna	pʰ ə l n a:
<|URD|>tmam.tr	t ʊ m a: m t ɽ
<|URD|>swtchna	s oː t͡ʃ n a:
<|URD|>ddiwlpmntt	ɖ iː oʊ l p m ə n ʈ
<|URD|>siriz	s iː ɽ iː z
<|URD|>srsid	s ə ɽ s iː d
<|URD|>llatt	l ə l a: ʈ
<|URD|>falsyei	f a: l s ə iː
<|URD|>if	eː f
<|URD|>bghyr	b ə ɣ ɛː ɽ
<|URD|>antkhabi	ɪ n t ɪ x a: b iː
<|URD|>tmhara	t ʊ m a: ɽ a:
<|URD|>qidi	q iː d iː
<|URD|>sayebrttawrs	s a: ɪ b ə ɽ ʈ a: ʋ ə ɽ s
<|URD|>snatn	s ə n a: t ə n
<|URD|>kmiwntti	k a m j uː n ɪ ʈ iː
<|URD|>zir.qiadt	z iː ɽ q iː a: d ə t
<|URD|>rngt	ɽ ə ŋ ɡ ə t
<|URD|>timwr	t ɛː m uː ɽ
<|URD|>ttili	ʈ iː l iː
<|URD|>'nqad	a ɪ n q a: d
<|URD|>gnjan	ɡ ʊ n d͡ʒ a: n
<|URD|>ddal	ɖ a: l
<|URD|>tchndrbnd	t͡ʃ ə n d ə ɽ ə b ɪ n d ʊ
<|URD|>shkaiat	ʃ iː k aː j aː t
<|URD|>atls	ə t l ə s
<|URD|>sirsh	s eː ɽ s ə
<|URD|>mthra	m ə tʰ ʊ ɽ a:
<|URD|>khrjw	kʰ ə ɽ d͡ʒ uː
<|URD|>kwshsh	k oː ʃ ɪ ʃ
<|URD|>gmbhir	ɡ ə m bʰ iː ɽ
<|URD|>dmant	z ə m a: n ə t
<|URD|>sinkrrwn	s eː n k ə ɽ oː n
<|URD|>nwwan	n ə u ʋ a:
<|URD|>hrana	ɦ ə ɽ a: n a:
<|URD|>sayensdan	s a: ɪ n s d a: n
<|URD|>ghaw	ɡʰ a: ʋ
<|URD|>dla'	z ʊ l a: a
<|URD|>thmh.daranh	z ə m ɦ ɖ a: ɽ a: n a:
<|URD|>ankddl	ɪ n k ə ɖ l
<|URD|>'lwm	ʔ ʊ l uː m
<|URD|>jrrwan	d͡ʒ ʊ ɽ ʋ a:
<|URD|>dltchsp	d ɪ l t͡ʃ ə s p
<|URD|>rnddi	ɽ ə n ɖ iː
<|URD|>aqamt	ɪ q a: m ə t
<|URD|>gind	ɡ eː n d
<|URD|>mqbwdh	m ə q b uː z ə
<|URD|>rwpye	ɽ uː p eː
<|URD|>badabth	b a: z a: b ɪ t ɦ a:
<|URD|>dhara	dʰ a: ɽ a:
<|URD|>bmbh	b ə m b
<|URD|>tthis	ʈʰ iː s
<|URD|>kshma	k ʂ ə m a:
<|URD|>ddhank	ɖʰ a: n k
<|URD|>askwadd	a: s k uː a: d
<|URD|>khatiwn	x a: t iː j oː n
<|URD|>azdwaj	ɪ z d ɪ ʋ a: d͡ʒ
<|URD|>mwjhi	m oʊ d͡ʒʰ iː
<|URD|>mina	m eː n a:
<|URD|>waq'ati	ʋ a: q eː a: t iː
<|URD|>khald	x a: l ɪ d
<|URD|>primyer	p r eɪ m ɪə r
<|URD|>rayeyedhi	ɽ aː ɪ ə d ɦ iː
<|URD|>gjwil	ɡ ə d͡ʒ ʋ ə iː l
<|URD|>dbyei	d ʊ b ə iː
<|URD|>prshnsa	p ɽ ə ʃ ə n s a:
<|URD|>ansha'	ɪ n ʃ a: ʔ
<|URD|>nwmwhiwn	n ʊ m ʊ ɦ iː ʊ n
<|URD|>tchwtr	t͡ʃ uː t ə ɽ
<|URD|>kar	k a: ɽ
<|URD|>afghanstan	ə f ɣ a: n ɪ s t a: n
<|URD|>praddktts	p ɽ a: ʈ k ʈ s
<|URD|>tmna	t ə m ə n n a:
<|URD|>drsgah	d ə r s ɡ a: ɦ
<|URD|>bt	b ʊ t
<|URD|>kwdda	k ʊ d a:
<|URD|>mrhwmh	m ə ɽ ɦ uː m ə
<|URD|>ghzh	ɣ ə z ə
<|URD|>mtwjh	m ʊ t ə ʋ ə d͡ʒ d͡ʒ ʊ ɦ
<|URD|>bdd'a	b ə d d ʊ a:
<|URD|>nbd	n ə b z
<|URD|>astthni	ɪ s t ɪ s n a: iː
<|URD|>arye	ə ɽ eː
<|URD|>askinddls	ə s k iː n d ə l s
<|URD|>mnan	m ʊ n a: n
<|URD|>brslz	b ɽ ə s ə l z
<|URD|>alhnd	ʔ ə l ɦ ɪ n d
<|URD|>kptan	k ə p t a: n
<|URD|>hwmgardd	ɦ oː m ɡ aː r ɖ
<|URD|>kwnsl	k oː n s ə l
<|URD|>dhndh	d ə ɦ n d ə
<|URD|>ddrwns	ɖ ɽ oː n s
<|URD|>mhngi	m ə ɦ n ɡ iː
<|URD|>baqa'dgi	b a: q a: ʔ ɪ d ɡ iː
<|URD|>pttye	p a t eɪ
<|URD|>'adl	a a: d ə l
<|URD|>ramayen	ɽ a: m a: j ə n
<|URD|>as	a: s
<|URD|>grantts	ɡ r a: n t s
<|URD|>mwthn	m ʊ ə z z ɪ n
<|URD|>ttayeltt	ʈ a: ɪ l ʈ
<|URD|>jnrl	d͡ʒ ə n ɽ ə l
<|URD|>zayed	z a: ɪ d
<|URD|>tng	t ə ŋ ɡ
<|URD|>arriwa	ə ɽ eː ʋ a:
<|URD|>kalsangra	k a: l s a: ŋ ɡ r a:
<|URD|>jhndda	d͡ʒʰ ə n ɖ a:
<|URD|>hwili	ɦ ə ʋ eː l iː
<|URD|>mkhn	m ə kʰ ə n
<|URD|>kpwt	k ə p oː t
<|URD|>marktts	m a: r k ɪ t s
<|URD|>minttn	m eː n ʈ n
<|URD|>hjr	ɦ ə d͡ʒ ɽ
<|URD|>snwar	s ʊ n ʋ a: r
<|URD|>thayeqh	z a: j q a:
<|URD|>mkanpwr	m ə k a: n p ɔː ɽ
<|URD|>khsrh	x ə s ɽ a:
<|URD|>alfaz	a l f a: z
<|URD|>qasmi	q aː s m iː
<|URD|>bhalw	bʰ a: l uː
<|URD|>tchwmna	t͡ʃ uː m n a:
<|URD|>'isia	iː s a:
<|URD|>tnazr	t ə n a: z ə r
<|URD|>glani	ɡ l a: n iː
<|URD|>jrmni	d͡ʒ ə ɽ m ə n iː
<|URD|>dam	d a: m
<|URD|>kshdha	k ʂ ʊ dʰ a:
<|URD|>bjli	b ɪ d͡ʒ l iː
<|URD|>pawr	p a: ʋ ə ɽ
<|URD|>wahd	ʋ a: ɦ ɪ d
<|URD|>brrhwtri	b a ɽ ʊ t ɽ iː
<|URD|>khnk	kʰ ə n ə k
<|URD|>swymwr	s ʋ ə j ə m ʋ ə ɽ
<|URD|>rws	ɽ uː s
<|URD|>qimti	q iː m ə t iː
<|URD|>jbri	d͡ʒ ʊ b r iː
<|URD|>rikarddkrdh	r eː k a: r ʈ k ʊ r d ə ɦ
<|URD|>tchhwtta	t͡ʃʰ oː ʈ a:
<|URD|>kharjh	x a: ɽ ɪ d͡ʒ a:
<|URD|>ddwji	ɖ oː d͡ʒ iː
<|URD|>warsa	ʋ a: ɽ s a:
<|URD|>snna	s ʊ n n a:
<|URD|>flstin	f ɪ l ɪ s t iː n
<|URD|>mttna	m ɪ ʈ n a:
<|URD|>gngwli	ɡ ʊ ŋ ɡ ɔː l iː
<|URD|>mjrmanh	m ʊ d͡ʒ ɽ ɪ m a: n a:
<|URD|>karn	k a: ɽ ə n
<|URD|>hmin	ɦ ə m e:
<|URD|>in	iː n
<|URD|>jwhr	d͡ʒ ɔː ɦ ə ɽ
<|URD|>slah	s ʊ l a: ɦ
<|URD|>'shq	ɪ ʃ q
<|URD|>swtt	s uː ʈ
<|URD|>shri	ʃ ɽ iː
<|URD|>akhlaq	ə x l a: q
<|URD|>agrbti	ə ɡ ə ɽ b ə t t iː
<|URD|>shwar'	ʃ oː aː r a
<|URD|>anshwrns	ɪ n ʃ ʊ r ə n s
<|URD|>tchwtrr	t͡ʃ uː t ə ɽ
<|URD|>bhwg	bʰ ʊ ɡ
<|URD|>kksh	k ə k ʃ
<|URD|>raw	r aː ʋ
<|URD|>gnda	ɡ ʊ n d a:
<|URD|>narad	n a: ɽ a: z
<|URD|>fhd	f ə ɦ d
<|URD|>mrna	m ə ɽ n a:
<|URD|>ahh	ɪ ɦ
<|URD|>sljwqi	s ə l d͡ʒ uː q iː
<|URD|>tmashh	t ʊ m a: ʃ a:
<|URD|>adtrari	ɪ z t ɪ ɽ a: ɽ iː
<|URD|>alwda'	ə l ʋ ɪ d a:
<|URD|>tchhwtt	t͡ʃʰ uː ʈ
<|URD|>awsw	ɔː s o
<|URD|>lkjri	l ʊ k z ʊ r iː
<|URD|>zndh	z ɪ n d a:
<|URD|>t'aqb	t a a: q ʊ b
<|URD|>dwsra	d uː s ɽ a:
<|URD|>nayett	n aɪ t
<|URD|>mrdanh	m ə ɽ d a: n a:
<|URD|>awqaf	ɔː q a: f
<|URD|>tkhlih	t ə x l iː ə
<|URD|>dbt	z a b t
<|URD|>tchhan	t͡ʃʰ a: n
<|URD|>dwstanh	d oː s t a: n a:
<|URD|>kimiayei	k iː m ɪ j a: iː
<|URD|>garr	ɡ a: ɽ
<|URD|>swhal	s uː ɦ aː l
<|URD|>prdish	p ɽ ə d iː ʃ
<|URD|>knji	k ʊ n d͡ʒ iː
<|URD|>mwhni	m oː ɦ n iː
<|URD|>ldakh	l ə d a: x
<|URD|>ji	d͡ʒ iː
<|URD|>pirs	p ɛː ɽ ɪ s
<|URD|>tqriban	t ə q ɽ iː b ə n
<|URD|>ansit	ɪ n s iː t
<|URD|>art'ash	ɪ ɽ t eː a: ʃ
<|URD|>sfid	s ə f eː d
<|URD|>nbi	n ə b iː
<|URD|>mzahrh	m ʊ z a: ɦ ɪ ɽ a:
<|URD|>bkra	b ə k ɽ a:
<|URD|>nzm	n ə z ə m
<|URD|>khna	k ə ɦ n a:
<|URD|>alnkar	ə l ə ŋ k a: ɽ
<|URD|>rahdari	ɽ a: ɦ d a: ɽ iː
<|URD|>nst'liq	n ə s t a: l iː q
<|URD|>nbatiat	n ə b a: t ɪ j a: t
<|URD|>fsl	f a s l
<|URD|>m'bwd	m a: ʔ b uː d
<|URD|>dndna	d ə n d ə n a:
<|URD|>jwnir	d͡ʒ ʊ n iː ɽ
<|URD|>sye	s eː
<|URD|>kb	k a b
<|URD|>rwp	ɽ uː p
<|URD|>tirna	t ɛː ɽ n a:
<|URD|>andhi	a: n dʰ iː
<|URD|>natt	n a: ʈ
<|URD|>lln	l ʊ l ə n
<|URD|>ksmprsi	k ə s m ʊ p r ə s iː
<|URD|>rwzn	ɽ ɔː z ə n
<|URD|>garddiwla	ɡ aː ɽ ɖ iː oː l aː
<|URD|>migh	m eː ɡʰ
<|URD|>pantch	p a: t͡ʃ
<|URD|>damwdr	d a: m uː d a r
<|URD|>bal	b a: l
<|URD|>anqlab	ɪ n q ɪ l a: b
<|URD|>jpna	d͡ʒ ə p n a:
<|URD|>jrathim	d͡ʒ ə ɽ a: s iː m
<|URD|>mqdsh	m ʊ q ə d d ə s a:
<|URD|>ddnkrk	ɖ ə n k ə ɽ k
<|URD|>jl	d͡ʒ ə l
<|URD|>hws	ɦ ə ʋ ə s
<|URD|>ghirmhfwz	ɣ ɛː ɽ m ɦ ʊ f ʊ z
<|URD|>qiam	q iː a: m
<|URD|>ghflt	ɣ ə f l ə t
<|URD|>layeinz	l aɪ n z
<|URD|>mhmdw	m ʊ ɦ ə m ə d ʋ oʊ
<|URD|>nwbt	n ɔː b ə t
<|URD|>mrkndh	m ʊ ɽ k ə n d ə
<|URD|>jayezh	d͡ʒ a: ɪ z a:
<|URD|>mfahmt	m ʊ f a: ɦ ɪ m ə t
<|URD|>srkar	s ə ɽ k a: ɽ
<|URD|>m'aljh	m a a a: l ɪ d͡ʒ a:
<|URD|>bwayez	b oʊ z
<|URD|>hiddkwarttr	ɦ iː ʈ k ʋ a: ɽ ʈ ə ɽ
<|URD|>m'lnh	m a ə l ə n ə ɦ
<|URD|>piaz	p ɪ j a: z
<|URD|>gdh	ɡ ɪ d dʰ
<|URD|>mindds	m eː n ɖ s
<|URD|>htchkna	ɦ ɪ t͡ʃ ə k n a:
<|URD|>trabls	t ɽ a: b ʊ l s
<|URD|>bzahr	b ə z a: ɦ ɪ ɽ
<|URD|>intti	ʔ eː n ʈ iː
<|URD|>jlws	d͡ʒ ʊ l uː s
<|URD|>shhzadh	ʃ ə ɦ z a: d a:
<|URD|>brma	b ə ɽ m a:
<|URD|>apdhan	ʊ p dʰ a: n
<|URD|>kwari	k ʋ a: r iː
<|URD|>nazm	n a: z ɪ m
<|URD|>jda	d͡ʒ ʊ d a:
<|URD|>askam	ə s k a: m
<|URD|>tchhtti	t͡ʃʰ ʊ ʈ iː
<|URD|>gng	ɡ ʊ ŋ ɡ
<|URD|>miksikw	m eː k s iː k oː
<|URD|>bdha	b ʊ dʰ a:
<|URD|>shntanw	ʃ ə n t ə n uː
<|URD|>wna	ʋ ɪ n a:
<|URD|>zbrdsti	z ʊ b ɽ d ʊ s t iː
<|URD|>smprdaye	s ə m p ɽ ə d a: eː
<|URD|>da'sh	d a: ʔ ɪ ʃ
<|URD|>blye	b ʊ l eː
<|URD|>tw	t uː
<|URD|>mft	m ʊ f t
<|URD|>attapttw	a t aː p t o
<|URD|>dljm'i	d ə l d͡ʒ ʊ m a iː
<|URD|>fwn	f o: n
<|URD|>praddktt	p ɽ aː ɖ a k ʈ
<|URD|>khrash	x ə ɽ a: ʃ
<|URD|>nsq	n ɪ s q
<|URD|>ast'mal	ɪ s t eː m a: l
<|URD|>tchimpin	t͡ʃ iː m p iː n
<|URD|>amdadi	ə m d a: d iː
<|URD|>asib	a: s eː b
<|URD|>apstht	ʊ p ə s tʰ ɪ t
<|URD|>binalaqwami	b eɪ n a: l a: q ʋ a: m iː
<|URD|>kitish	k eː t iː ʃ
<|URD|>swprasttar	s uː p ɽ a: s ʈ a: ɽ
<|URD|>mhrwm	m ə ɦ ɽ uː m
<|URD|>kimp	k eː m p
<|URD|>nafthal'ml	n aː f iː z ʔ ə l a ə m ə l
<|URD|>anwrallh	a: n ʋ ə r a: l l a: ɦ
<|URD|>glw	ɡ ʊ l oː , ɡ ʊ l uː , ɡ ə l uː
<|URD|>hthili	ɦ ə tʰ eː l iː
<|URD|>jwfri	d͡ʒ o f r iː
<|URD|>kamrs	k aː m ə ɽ s
<|URD|>arknsas	a: ɽ k ə n s a: s
<|URD|>mmta	m ʊ m t a:
<|URD|>tchhwttna	t͡ʃʰ uː ʈ n a:
<|URD|>gayeiddns	ɡ a: iː d n s
<|URD|>pnisr	p a n iː s ɛ r
<|URD|>bshmwl	b ə ʃ m ʊ l
<|URD|>pwshidh	p oː ʃ iː d ə
<|URD|>mshkl	m ʊ ʃ k ɪ l
<|URD|>t'dad	t ə ʔ d a: d
<|URD|>frq	f ɽ q
<|URD|>msnw'at	m ʊ s n u: a a: t
<|URD|>pawddr	p a: ʊ ʈ ə ɽ
<|URD|>tthik	ʈʰ iː k
<|URD|>m'tmd	m ʊ ʔ t ə m ɪ d
<|URD|>khawt	k ə ɦ a: ʋ ə t
<|URD|>flpayen	f ɪ l ɪ p a: ɪ n
<|URD|>sndh	s ɪ n dʰ
<|URD|>khbrin	x ə b ɽ iː n
<|URD|>jwrr	d͡ʒ oː ɽ
<|URD|>qmid	q ə m iː z
<|URD|>diwbndi	d eː ʋ b ə n d iː
<|URD|>maih	m aː j ɦ
<|URD|>ababil	ə b a: b iː l
<|URD|>kfr	k ə f ə r
<|URD|>wshakha	ʋ ʊ ʃ a: kʰ a:
<|URD|>tlash	t ə l a: ʃ
<|URD|>klb	k ʊ l b
<|URD|>tizab	t eː z aː b
<|URD|>tchanslr	t͡ʃ a: n s ə l ə ɽ
<|URD|>alwdgi	a: l uː d ə ɡ iː
<|URD|>'man	ʔ o m a: n
<|URD|>tbdili	t a b d iː l iː
<|URD|>thri'h	z ə ɽ ɪ j ə
<|URD|>jhnm	d͡ʒ ə ɦ ə n n ə m
<|URD|>mrasm	m ʊ r aː s ɪ m
<|URD|>angli	ʊ ŋ ɡ l iː
<|URD|>hwa	ɦ ə ʋ a:
<|URD|>qst	q ɪ s t
<|URD|>wlthatti	ʋ ʊ l tʰ a: ʈ iː
<|URD|>qrmzi	q ɪ ɽ m ɪ z iː
<|URD|>'bd	a ʊ b d
<|URD|>almslmin	ʊ l m ʊ s l iː m iː n
<|URD|>pkar	p ʊ k a: ɽ
<|URD|>slm	s ʊ l m
<|URD|>ghirmwsmi	ɣ ɛː ɽ m oː s m iː
<|URD|>tchilnj	t͡ʃ eː l n d͡ʒ
<|URD|>mdhkh	m ʊ z ɦ a: k ə
<|URD|>sha'rh	ʃ a: j ɽ a:
<|URD|>hankna	ɦ a: ŋ k n a:
<|URD|>aspatt	ɪ s p a: ʈ
<|URD|>prskwn	p ə ɽ s k uː n
<|URD|>ghrwr	ɣ ʊ ɽ uː ɽ
<|URD|>jgnw	d͡ʒ ʊ ɡ n uː
<|URD|>bnawtti	b ə n a: ʋ ə ʈ iː
<|URD|>lkshmn	l ʊ k ʃ m ʊ n
<|URD|>ttktts	ʈ ɪ k ʈ s
<|URD|>jswnt	d͡ʒ ʊ s ʊ n t
<|URD|>rat	ɽ a: t
<|URD|>hlqh	ɦ ə l q ə
<|URD|>akayei	a: k a: iː
<|URD|>bamshqt	b a: m ʃ q a t
<|URD|>midan	m eː d a: n
<|URD|>mahwl	m a: ɦ ɔː l
<|URD|>wfaq	ʋ ɪ f a: q
<|URD|>swari	s ʋ a: ɽ iː
<|URD|>khtm	x ə t m
<|URD|>tchrbi	t͡ʃ ə ɽ b iː
<|URD|>mhrbn	m ə ɦ r b ə n
<|URD|>khlarri	kʰ l a: ɽ iː
<|URD|>brmnghm	b ə ɽ m ɪ n ɡʰ ə m
<|URD|>bayeiskl	b a: iː s ɪ k ə l
<|URD|>kta	k ʊ t t a:
<|URD|>byehwsh	b eː ɦ oː ʃ
<|URD|>kpas	k ə p a: s
<|URD|>dirwz	d iː ɽ oː z
<|URD|>ajnbi	ə d͡ʒ n ə b iː
<|URD|>jlana	d͡ʒ ə l a: n a:
<|URD|>lfz	l ə f z
<|URD|>tmntchh	t ə m ə n t͡ʃ a:
<|URD|>dada	d a: d a:
<|URD|>'bdalhmid	a b d ʊ l ɦ ə m iː d
<|URD|>astbl	ə s t ə b ə l
<|URD|>khra	k ʊ ɦ ɽ a:
<|URD|>ghrri	ɡʰ ə ɽ iː
<|URD|>wzirdakhlh	ʋ ə z iː r d a: x l ə
<|URD|>mndda	m ʊ n ɖ a:
<|URD|>khrrye	kʰ ə ɽ eː
<|URD|>mnijr	m ə n iː d͡ʒ ə r
<|URD|>wjih	ʋ ə d͡ʒ iː ɦ
<|URD|>hayeikwrtt	ɦ aː iː k ɔː ɽ ʈ
<|URD|>pdma	p ə d m a:
<|URD|>mqrrh	m ʊ q ɽ a: ɽ ə
<|URD|>mr	m ə ɽ
<|URD|>itta	eɪ ʈ a:
<|URD|>ghzwh	ɣ ə z ʋ ə
<|URD|>pttakha	p ə ʈ a: x a:
<|URD|>smn	s ʊ m ə n
<|URD|>rajsthan	ɽ a: d͡ʒ s tʰ a: n
<|PUS|>ar	ɑ r
<|PUS|>arh	ɑ r a
<|PUS|>asw	ɑ s u
<|PUS|>ayat	ɑ j ɑ t̪
<|PUS|>abadwl	a b ɑ d̪ a w ə l
<|PUS|>atl	a t̪ ə l
<|PUS|>atlh	a t̪ ə l a
<|PUS|>ath	a t̪ ə
<|PUS|>atya	a t̪ j ɑ
<|PUS|>atn	a t̪ a ɳ
<|PUS|>akhth	a x t̪ a
<|PUS|>akhlm	a x l ə m
<|PUS|>akhystl	a x i s t ə l
<|PUS|>akhkhl	a . ˈx ə l
<|PUS|>akhkhi	ˈa x . ʂ a i
<|PUS|>arzan	a r . z ɑ n
<|PUS|>arzanh	a r z ɑ n a
<|PUS|>arzkht	a r . z ə ʂ t̪
<|PUS|>arman	a r m ɑ n
<|PUS|>ary	a r i
<|PUS|>as	a s
<|PUS|>astwl	a s t a w ə l
<|PUS|>asman	a s m ɑ n
<|PUS|>asmany	a s m ɑ n i
<|PUS|>astralya	a s ʈ r ɑ l j ɑ
<|PUS|>aspanya	ɑ s p ɑ n j ɑ
<|PUS|>asph	a s p a
<|PUS|>aghzi	a ɣ z a i
<|PUS|>aghwndm	a ɣ u n d ə m
<|PUS|>aghgm	a ɣ a ʐ ə m
<|PUS|>afghanstan	a f ˈɣ ɑ n ˈɪ s ˈt ɑ n
<|PUS|>albnd	i l ˈb a n d
<|PUS|>almanya	a l m ɑ n j ɑ
<|PUS|>alwbalw	a l u b ɑ l u
<|PUS|>alwtl	a l w ə t ə l
<|PUS|>alwtkh	a l w a t̪ ə k a
<|PUS|>alwzm	a l w ə z ə m
<|PUS|>amryka	a m r i k ɑ
<|PUS|>amrykayi	a m r i k ɑ j a ɪ
<|PUS|>amlwk	a m l u k
<|PUS|>amel	a ˈm e l
<|PUS|>ana	a n ɑ
<|PUS|>and	a n d̪
<|PUS|>anzwr	a n d͡z o r
<|PUS|>anzwrgr	a n d͡z o r ɡ a r
<|PUS|>anglstan	ɪ ŋ ɡ . l ɪ s . t̪ ɑ n
<|PUS|>angwri	a n ɡ o ɺ ˞ a i
<|PUS|>ahar	a h ɑ ɻ
<|PUS|>ahwr	a ˈh u ɽ
<|PUS|>aw	a w
<|PUS|>awbasm	u b ɑ s ə m
<|PUS|>awbh	o b ə
<|PUS|>awr	o r
<|PUS|>awrlwbh	o r l o b a
<|PUS|>awrm	a w r ə m
<|PUS|>awrwl	a w r a w ə l
<|PUS|>awrygamy	o r i ɡ ɑ m i
<|PUS|>awrgadi	o r . ɡ ɑ . ɖ a ɪ
<|PUS|>awredl	a w r e d ə l
<|PUS|>awredwnki	a w r e d u n k a i
<|PUS|>awsm	o s ə m
<|PUS|>awsedwnki	o s e d̪ u n k a ɪ
<|PUS|>awsedwnke	o s e d̪ u n k e
<|PUS|>awsh	o ʃ
<|PUS|>awshh	o ʃ a
<|PUS|>awls	u l ə s
<|PUS|>awm	u m
<|PUS|>awmamy	u m ɑ m i
<|PUS|>awwh	u w ə
<|PUS|>awym	o j ə m
<|PUS|>awrm	a w ɺ ˞ ə m
<|PUS|>awri	o ɻ a ɪ
<|PUS|>awgh	o ʐ a
<|PUS|>aystl	i s t ə l
<|PUS|>ayslnd	a i s ˈl ə ŋ ɖ
<|PUS|>aynw	i n o
<|PUS|>aprydi	a p r i d̪ a ɪ
<|PUS|>apym	a p i m
<|PUS|>apyn	a p i n
<|PUS|>atchwl	a t͡ʃ a w ə l
<|PUS|>arkh	a ɺ̢ x
<|PUS|>agl	a ɡ a l
<|PUS|>aekh	e x
<|PUS|>aestwnya	e s ʈ o n j ɑ
<|PUS|>aemwjy	e m o d͡ʒ i
<|PUS|>aekwadwr	e k w ɑ d o r
<|PUS|>baba	b ɑ ˈb ɑ
<|PUS|>badwl	b ɑ d a w ə l
<|PUS|>baran	b ɑ ˈr ɑ n
<|PUS|>barwl	b ɑ r a w ə l
<|PUS|>bazw	b ɑ z u
<|PUS|>bagh	b ɑ ɣ
<|PUS|>baghwan	b ɑ ɣ w ɑ n
<|PUS|>balkht	b ɑ ˈl ə ʂ t
<|PUS|>bam	b ɑ m
<|PUS|>bande	b ɑ n d e
<|PUS|>bth	b ə t̪ a
<|PUS|>bkhkhl	b a ˈx ə l
<|PUS|>bkhkhnh	b a x . x ə . n a
<|PUS|>bd	b ə d
<|PUS|>bdrw	b a d̪ r u
<|PUS|>bdstrgi	b a d s t ə r ɡ a i
<|PUS|>bdlari	b a d l ɑ r a i
<|PUS|>bdledl	b a d l e d ə l
<|PUS|>bdmkhi	b ə d m ə x a i
<|PUS|>bdh	b ə d a
<|PUS|>brabr	b a r ɑ ˈb a r
<|PUS|>brayy	b ə r ɑ j i
<|PUS|>brbnd	b ə r b ə ŋ ɖ
<|PUS|>brtanyh	b a r t ɑ n j a
<|PUS|>brj	b r a d͡ʒ
<|PUS|>brjye	b ʊ r d͡ʒ ə i
<|PUS|>brtanyh	b a r t . ɑ n . j a
<|PUS|>brght	b ə r ɣ ə ʈ
<|PUS|>brytanya	b r i t ɑ n i ˈj ɑ
<|PUS|>bret	b r e t̪
<|PUS|>bghri	b a ɣ a r a ɪ
<|PUS|>bghwr	b ə ɣ w ə r
<|PUS|>bla	b ə ˈl ɑ
<|PUS|>blgharstan	b o l . ɣ ɑ . r ɪ s . t̪ ɑ n
<|PUS|>blgharya	b o l ɣ ɑ r ˈj ɑ
<|PUS|>blgharyh	b u l ɣ ɑ r j a
<|PUS|>bll	b a l ə l
<|PUS|>bn	b ə n
<|PUS|>bnj	b a n d͡ʒ
<|PUS|>bndh	b a n d̪ a
<|PUS|>bndy	b ə n d̪ i
<|PUS|>bngedl	b ə ŋ ɡ e d ə l
<|PUS|>bh	b a
<|PUS|>bhedl	b ə h e d ə l
<|PUS|>bhegm	b a h e ɡ ə m
<|PUS|>bwkht	b o x t̪
<|PUS|>bwrh	b u r a
<|PUS|>bwzedl	b u z e d ə l
<|PUS|>bwlm	b o l ə m
<|PUS|>bwna	b o n ɑ
<|PUS|>bwtan	b u ʈ ɑ n
<|PUS|>bwtpwhnh	b u ʈ p o h ə n a
<|PUS|>bwnedl	b u ɳ e d ə l
<|PUS|>bya	b j ɑ
<|PUS|>byaym	b j ɑ j ə m
<|PUS|>byzw	b i z o
<|PUS|>bywl	b i w ə l
<|PUS|>byyi	b i j a ɪ
<|PUS|>byjkye	b i ʒ a k ə i
<|PUS|>btsrki	b ə t͡s ə r k a ɪ
<|PUS|>btch	b a t͡ʃ
<|PUS|>bdaih	b u ˈd aː . j a
<|PUS|>brstn	b ɺ ˞ ə s t ə n
<|PUS|>bkanh	b a k ɑ ɳ a
<|PUS|>bn	b a ɳ
<|PUS|>bnki	b ə ɳ k a ɪ
<|PUS|>be	b e
<|PUS|>bekhy	b e x i
<|PUS|>be	b e
<|PUS|>bel	b e l
<|PUS|>beltwn	b e l t̪ u n
<|PUS|>beltchh	b e l c h a
<|PUS|>berye	b e ɽ ə i
<|PUS|>tasw	t ɑ s o
<|PUS|>tase	ˈt ɑ s e
<|PUS|>tanwki	t̪ ɑ n u k a ɪ
<|PUS|>tanh	t̪ ɑ n ə
<|PUS|>taw	t ɑ w
<|PUS|>tawwl	t ɑ w a w ə l
<|PUS|>tl	t æ l
<|PUS|>tll	t̪ l ə l
<|PUS|>tnwr	t̪ ə n u r
<|PUS|>th	t a
<|PUS|>twt	t̪ u t̪
<|PUS|>twd	t̪ o d̪
<|PUS|>twdwkhy	t ə w d u x i
<|PUS|>twywl	t o j a w ə l
<|PUS|>twpan	t̪ o p ɑ n
<|PUS|>tapuws	t a ˈp o s
<|PUS|>tnye	t̪ a ɳ ə i
<|PUS|>th	t ə
<|PUS|>terwtl	t̪ e r w a t̪ ə l
<|PUS|>terwtnh	t̪ e r w a t̪ ə n a
<|PUS|>terh	t̪ e r ə
<|PUS|>jla	d ʒ ə l ɑ
<|PUS|>jnkye	d͡ʒ i n ə k ə i
<|PUS|>jngwl	d ʒ a ŋ ɡ a w ə l
<|PUS|>jngyali	d͡ʒ ə ŋ ɡ j ɑ l a i
<|PUS|>jnye	d ʒ i n ə i
<|PUS|>jwr	d ʒ o ɻ
<|PUS|>jwrwl	d͡ʒ o ɽ a w ə l
<|PUS|>jkr	d͡ʒ a k a ɽ
<|PUS|>jgtya	d͡ʒ ə ɡ t̪ j ɑ
<|PUS|>jgrn	d͡ʒ ə ɡ ɺ ˞ ə n
<|PUS|>jgrh	d͡ʒ ə ɡ ə ɺ ˞ a
<|PUS|>jgrwl	d ʒ a ɡ ɺ ˞ a w ə l
<|PUS|>je	d͡ʒ e
<|PUS|>jebwty	j e b u t̪ i
<|PUS|>kham	x ɑ m
<|PUS|>kht	x ə t̪
<|PUS|>khtl	x a t̪ ə l
<|PUS|>khtyz	x a t̪ i d͡z
<|PUS|>khmtche	x ə m a t͡ʃ e
<|PUS|>khwashyni	x w ɑ ʃ i n a i
<|PUS|>khwagh	x w ɑ ʐ ə
<|PUS|>khwr	x o r
<|PUS|>khwlh	x w l ə
<|PUS|>khwnh	ˈx u n a
<|PUS|>khwth	x w ə ʈ a
<|PUS|>khwrnzi	x w ə ɻ ə n d͡z a ɪ
<|PUS|>khwg	x o ʐ
<|PUS|>khydk	x a i d ə k
<|PUS|>khyrn	x i r ə n
<|PUS|>khprwnh	x p a r a w ə n a
<|PUS|>khpsh	x ə p ə s a
<|PUS|>khph	x ə p a
<|PUS|>khr	x ə ɻ
<|PUS|>kheth	x e ʈ a
<|PUS|>da	d̪ ɑ
<|PUS|>darw	d ɑ ˈr u
<|PUS|>dase	d ɑ s e
<|PUS|>danh	d ɑ n a
<|PUS|>dang	ɖ ɑ ŋ ɡ
<|PUS|>darl	d ɑ ɺ ˞ ə l
<|PUS|>dr	d a r
<|PUS|>drzy	d̪ a r z i
<|PUS|>drml	d̪ a r m a l
<|PUS|>drmltwn	d̪ ə r m ə l t̪ u n
<|PUS|>drmlpwhnh	d̪ ə r m ə l p o h ə n a
<|PUS|>drwzh	d̪ r u z a
<|PUS|>drwstl	d ə r w ə s t̪ ə l
<|PUS|>drwgh	d̪ r o ɣ
<|PUS|>drwnd	d̪ r u ŋ d̪
<|PUS|>drkwl	d a r k a w ə l
<|PUS|>dredl	d̪ r e d̪ ə l
<|PUS|>dregm	d a ˈr e ɡ ə m
<|PUS|>d'wh	d̪ ɑ w a
<|PUS|>dwbi	d̪ o b a i
<|PUS|>dwd	d̪ o d̪
<|PUS|>dwnh	d̪ o n a
<|PUS|>dwh	d w a
<|PUS|>dwwls	d w o l a s
<|PUS|>dwym	d̪ w a i m
<|PUS|>dyarls	d̪ j ɑ r l ə s
<|PUS|>drd	d̪ ə ɺ ˞ d̪
<|PUS|>di	d̪ a i
<|PUS|>de	d̪ e
<|PUS|>dew	d̪ e w
<|PUS|>deg	d̪ e ɡ
<|PUS|>degli	d̪ e ɡ l a ɪ
<|PUS|>thkr	z ɪ k ə r
<|PUS|>ra	r ɑ
<|PUS|>ratll	r ɑ t̪ l ə l
<|PUS|>rase	r ɑ s e
<|PUS|>rahise	r ɑ h i s e
<|PUS|>rawstl	r ɑ w ə s t̪ ə l
<|PUS|>rawlm	r ɑ w a l ə m
<|PUS|>rawrl	r ɑ w ɽ ə l
<|PUS|>rakwl	r ɑ k a w ə l
<|PUS|>rhm	r a ˈh ə m
<|PUS|>rsnye	r ə s ə n a i
<|PUS|>rndye	r ə n ɖ ə i̯
<|PUS|>rwsyh	r u s j a
<|PUS|>rwghtwn	r o ɣ t̪ u n
<|PUS|>rwghtya	r o ɣ t j ɑ
<|PUS|>rwl	r o l
<|PUS|>rna	r ə ˈɳ ɑ
<|PUS|>rebz	r e b ə z
<|PUS|>zambh	z ɑ m b a
<|PUS|>zanh	z ɑ ɳ a
<|PUS|>zbatl	z b ɑ t̪ ə l
<|PUS|>zbrzwak	z ə b ə r d͡z w ɑ k
<|PUS|>zbrg	z b ə r ɡ
<|PUS|>zdh	z d̪ a
<|PUS|>zr	z ə r
<|PUS|>zrghwn	z ə r ɣ u n
<|PUS|>zghrh	ˈz ɣ ə r a
<|PUS|>zghml	z ɣ a m ə l
<|PUS|>zlikha	z ʊ . l ə i . x a
<|PUS|>zma	z m ɑ
<|PUS|>zmri	z m a r a ɪ
<|PUS|>zmrye	z m a r ə i
<|PUS|>zmwng	z ə m u n ɡ
<|PUS|>zmwg	z m u ʐ
<|PUS|>zwi	z o ɪ
<|PUS|>znki	z ɘ ɳ k ɑ i
<|PUS|>zegedl	z e ˈʐ e ˈd ə l
<|PUS|>sapt	s ɑ ˈp a ʈ
<|PUS|>sarh	s ɑ ɺ̢ ə
<|PUS|>sak	s ɑ k
<|PUS|>sta	s t̪ ɑ
<|PUS|>stasw	s t̪ ɑ s o
<|PUS|>stase	s t ɑ s e
<|PUS|>str	s t ə r
<|PUS|>strgh	s t̪ ə r ɡ a
<|PUS|>stwri	s t̪ o r a ɪ
<|PUS|>skhi	s x a ɪ
<|PUS|>srh	s ə r a
<|PUS|>srekh	s r e x
<|PUS|>sl	s ə l
<|PUS|>sm	s ə m
<|PUS|>smndr	s ə m ə n d̪ ə r
<|PUS|>snda	s a n ɖ ɑ
<|PUS|>swr	s u r
<|PUS|>swrlndi	s u r l ə n ɖ a i
<|PUS|>swmalya	s o m ɑ l j ɑ
<|PUS|>swmr	s u m ə r
<|PUS|>swr	s o ɻ
<|PUS|>swi	s o j
<|PUS|>swel	s w e l
<|PUS|>sylye	s i l ə i
<|PUS|>symh	s i m a
<|PUS|>stk	s a ʈ a k
<|PUS|>sprli	s p ɑ r ˈl a i
<|PUS|>sprh	s p ə r a
<|PUS|>spnj	s p ə ŋ d͡ʒ
<|PUS|>spwgmye	s p o ʐ ˈm ə i
<|PUS|>spyn	s p i n
<|PUS|>spk	s p a k
<|PUS|>spi	s p a ɪ
<|PUS|>spelny	s p e . l a ˈn i
<|PUS|>srh	s ə ɻ a
<|PUS|>sri	s a ɺ̢ a ɪ
<|PUS|>sga	s ə ˈ. ʐ a ɪ
<|PUS|>skalw	s k ɑ l o
<|PUS|>skh	s a k a
<|PUS|>selye	s e l ə i
<|PUS|>shaly	ʃ ɑ l i
<|PUS|>shahd	ʃ ɑ ˈh e d
<|PUS|>shrm	ʃ a r a m
<|PUS|>shrmkh	ʃ ə r ˈm ə ʂ
<|PUS|>shrw'	ʃ ʊː r ʊː
<|PUS|>shghal	ʃ a ˈɣ ɑ l
<|PUS|>shl	ʃ ə l
<|PUS|>shltalw	ʃ a l t̪ ɑ l u
<|PUS|>shmerpwhnh	ʃ m e r p o h ə n a
<|PUS|>shwtalw	ʃ a w t̪ ɑ l u
<|PUS|>shwl	ʃ w ə l
<|PUS|>shwmle	ʃ u m . l e
<|PUS|>shwmer	ʃ u m e r
<|PUS|>shwni	ʃ o n a i
<|PUS|>shyn	ʃ i n
<|PUS|>shygrh	ʃ i ɡ a r a
<|PUS|>shpars	ʃ p ɑ ɺ ˞ ə s
<|PUS|>shpg	ʃ p a ɡ
<|PUS|>shpeth	ʃ p e t ə
<|PUS|>shdl	ʃ ə ɖ ə l
<|PUS|>talb	t̪ ɑ l ɪ b
<|PUS|>ghakh	ɣ ɑ ʂ
<|PUS|>ghbrgawi	ɣ b a r ɡ ɑ w a i
<|PUS|>ghr	ɣ a r
<|PUS|>ghryz	ɣ a r ˈi z
<|PUS|>ghrtsni	ɣ a r t͡s ə n a i
<|PUS|>ghl	ɣ a l
<|PUS|>ghla	ɣ l ɑ
<|PUS|>ghlt	ɣ a . l a ˈt̪
<|PUS|>ghmjn	ɣ a m d͡ʒ a n
<|PUS|>ghndl	ɤ a n d̪ ə l
<|PUS|>ghnm	ɣ a n ə m
<|PUS|>ghwa	ɣ w ɑ
<|PUS|>ghwarm	ɣ w ɑ ɺ̢ ə m
<|PUS|>ghwbh	ɣ o b a
<|PUS|>ghwrh	ɣ w ə r a
<|PUS|>ghwrzng	ɣ o r ˈd͡z a ŋ ɡ
<|PUS|>ghwrzwl	ɣ o r d͡z a w ə l
<|PUS|>ghwmbh	ɣ u m b a
<|PUS|>ghwnh	ɣ u n a
<|PUS|>ghwnd	ɣ w ə ŋ ɖ
<|PUS|>ghwndari	ɣ w ə n . ɖ ɑ . r a i
<|PUS|>ghwwl	ɣ o w ə l
<|PUS|>ghwyi	ɣ w a j a ɪ
<|PUS|>ghwry	ɣ w a ɺ̢ i
<|PUS|>ghwg	ɣ w a ɡ
<|PUS|>ghwkhtl	ɣ u x ˈt ə l
<|PUS|>ghwkhh	ɣ w a ˈ. ʂ a
<|PUS|>ghym	ɣ ə j ə m
<|PUS|>ght	ɣ a ʈ
<|PUS|>ghpa	ɣ a p ɑ
<|PUS|>ghpwl	ɣ a p a w ə l
<|PUS|>ghpedl	ɣ a p e d ə l
<|PUS|>ghrwmbl	ɣ ɺ̢ u m b ə l
<|PUS|>ghgedl	ɣ a . ɡ e . d̪ ə l
<|PUS|>ghkhtl	ɣ ə ʂ ˈt̪ ə l
<|PUS|>ghnh	ɣ ə ɳ a
<|PUS|>gheg	ɣ e ɡ
<|PUS|>tanh	t̪ ɑ n ə
<|PUS|>twn	t̪ u n
<|PUS|>ghari	ɣ ɑ ɻ a i
<|PUS|>wr	w ə ɻ
<|PUS|>zi	d͡z a i
<|PUS|>frans	f r ɑ ŋ s
<|PUS|>fransh	ɸ r . ɑ n . s a
<|PUS|>frdws	f ɪ r ˈd̪ a w s
<|PUS|>qamws	k ɑ m o s
<|PUS|>qsh	q ɪ s a
<|PUS|>qtr	ˈk a t ə r
<|PUS|>katchwghh	k ɑ t͡ʃ o ɣ a
<|PUS|>krh	k a r a
<|PUS|>kwtrh	k a w t̪ ə r a
<|PUS|>lar	l ɑ r
<|PUS|>larywn	l ɑ r j u n
<|PUS|>las	l ɑ s
<|PUS|>lambl	l ɑ m b ə l
<|PUS|>lambw	l ɑ m b o
<|PUS|>lrghwnpwhnh	l ə r ɣ u n p o h ə n a
<|PUS|>lrgi	l ə r ɡ a i
<|PUS|>lre	l ə r e
<|PUS|>ls	l a s
<|PUS|>lshh	l a ʃ a
<|PUS|>lmr	l a m a r
<|PUS|>lmryz	l m a r i z
<|PUS|>lmsi	l m a s a i
<|PUS|>lmn	l a m ə n
<|PUS|>lwbwl	l o b a w ə l
<|PUS|>lwbedl	l o b e d ə l
<|PUS|>lwr	l u r
<|PUS|>lwst	l w ə s t̪
<|PUS|>lwstl	l w ə s t̪ ə l
<|PUS|>lwmbr	l u m b a ɽ
<|PUS|>lwmri	l u m ɺ ˞ a i
<|PUS|>lwts	l u t͡s
<|PUS|>lwr	l w a ɻ
<|PUS|>lwrl	l o ɽ ə l
<|PUS|>lwkhy	l o ʃ i
<|PUS|>lwi	l o i
<|PUS|>lwedyz	l o e d̪ i d͡z
<|PUS|>lydl	l i d ə l
<|PUS|>lrh	l ə ɽ a
<|PUS|>lg	l ə ɡ
<|PUS|>lewr	l e w a r
<|PUS|>lewni	l e w a n a i
<|PUS|>lewh	l e w ə
<|PUS|>malk	m ɑ l ɪ k
<|PUS|>malgh	m ɑ l ɡ a
<|PUS|>mama	m ɑ m ɑ
<|PUS|>mande	ˈm ɑ n d e
<|PUS|>mangr	m ɑ ŋ . ˈɡ ə r
<|PUS|>makham	m ɑ ˈx ɑ m
<|PUS|>manw	m ɑ ɳ o
<|PUS|>manye	m ɑ ɳ ə i
<|PUS|>mkhweynh	m ə x w e j ə n a
<|PUS|>mthhb	m a ˈz a b
<|PUS|>mrkheri	m a r x e ɺ̢ a i
<|PUS|>mrstwni	m r a s t̪ u n a ɪ
<|PUS|>mrgh	m r a ɣ
<|PUS|>mrghh	m a r ˈɣ a
<|PUS|>mrghri	m a r ɣ a ɺ̢ a i
<|PUS|>mrghh	m ə r . ɣ ə ˈ
<|PUS|>mrg	m a r ɡ
<|PUS|>mzri	m z a r a ɪ
<|PUS|>mshranwjrgh	m ə ʃ ə r ɑ n o d͡ʒ a r ɡ a
<|PUS|>m'dn	m ɑ d̪ ə n
<|PUS|>ml	m a l
<|PUS|>mlgre	m ə l ɡ ə r e
<|PUS|>mnnh	m ə n ɘ n ə
<|PUS|>mnw	m a n o
<|PUS|>mny	m a n i
<|PUS|>mnt	m ɪ n ə ʈ
<|PUS|>mnz	m a n d z
<|PUS|>mnzni	m ə n d͡z ə n ə i
<|PUS|>mndh	m ə n ɖ a
<|PUS|>mni	ˈm ə n a ɪ
<|PUS|>mwr	m o r
<|PUS|>mwsyqy	m u ˈs i ˈk i
<|PUS|>mwndl	m u n d̪ ə l
<|PUS|>mwng	m u n ɡ
<|PUS|>mwtk	m u ʈ a k
<|PUS|>mwg	m u ʐ
<|PUS|>mwgk	m u ʐ ə k
<|PUS|>myasht	m j ɑ ʃ t̪
<|PUS|>mylywn	m i l j u n
<|PUS|>mynh	m i n a
<|PUS|>myer	m j e r
<|PUS|>mt	m ə ʈ
<|PUS|>mtwnga	m ə ʈ u n ɡ a i
<|PUS|>mrh	m ə ɽ a
<|PUS|>mrye	m a ɺ̢ ə i̯
<|PUS|>mgh	m ə ɡ a
<|PUS|>mgr	m ə . ˈɡ ə r
<|PUS|>miasht	m i ɑ ʃ t
<|PUS|>me	ˈm e
<|PUS|>meji	m e ʒ a i
<|PUS|>mekh	m e x
<|PUS|>meshykw	m e ʃ i k o
<|PUS|>meshkwr	m e ʃ k o ɻ
<|PUS|>melmh	m e l m a
<|PUS|>melh	m e l a
<|PUS|>melwh	m e l a w a
<|PUS|>mergi	m e ɻ ɡ a i
<|PUS|>merh	m e ɻ ə
<|PUS|>na	n ɑ
<|PUS|>narnjy	n ɑ r ə n d͡ʒ i
<|PUS|>nasm	n ɑ s ə m
<|PUS|>na	n ɑ
<|PUS|>narwli	n ɑ ɻ a w ɘ l a i
<|PUS|>njlye	n d ʒ ə l ə i
<|PUS|>nrkashh	n ə r k ɑ ʃ a
<|PUS|>nzde	n i z d e
<|PUS|>ns	n a s
<|PUS|>nswary	n a s w ɑ r i
<|PUS|>nsht	n ə ʃ t̪
<|PUS|>ntfh	n ʊ t̪ ˈf a
<|PUS|>nmazdygr	n ə . m ɑ z . d̪ i . ɡ a r
<|PUS|>nmaskhwtn	n ə . m ɑ s . x o . t a n
<|PUS|>nmaspekhyn	n ə . m ɑ s . p e . ʂ i n
<|PUS|>nmakham	n ə . m ɑ ˈʂ ɑ m
<|PUS|>nmwnz	ⁿm u ŋ d͡z
<|PUS|>nng	n ə ŋ ɡ
<|PUS|>nh	n ə
<|PUS|>nw	n u
<|PUS|>nwr	n w a r
<|PUS|>nwls	n u l a s
<|PUS|>nwmlr	n u m l a ɻ
<|PUS|>nwy	n a w i
<|PUS|>nwkghwtsi	n u k ɣ w ə t͡s a i
<|PUS|>nwi	n ə w a i
<|PUS|>nyaw	n j ɑ w
<|PUS|>nyly	n i l i
<|PUS|>nymbw	n i m b u
<|PUS|>nywkh	n i w ə k a
<|PUS|>ngde	n i ɡ ˈd e
<|PUS|>njde	n i ʒ d e
<|PUS|>nkhtr	n ə x ˈt̪ a r
<|PUS|>hdf	h a d ə f
<|PUS|>hsk	h a s k
<|PUS|>hghh	h a . ˈɣ ə
<|PUS|>hghe	h a . ˈɣ e
<|PUS|>hlth	h a l t a
<|PUS|>hlk	h a ˈl ə k
<|PUS|>hmalyh	h ɪ m ɑ l ə j ə
<|PUS|>hmel	h a ˈm e l
<|PUS|>hw	h o
<|PUS|>hwkhyar	h u x j ɑ r
<|PUS|>hylh	h i l a
<|PUS|>htsh	h a t͡s a
<|PUS|>hgye	h ə ɡ ə i
<|PUS|>her	h e r
<|PUS|>helye	h e l ə i
<|PUS|>hewad	h e w ɑ d̪
<|PUS|>wye	w ə i
<|PUS|>wawrtwn	w ɑ w r a t̪ u n
<|PUS|>wawrh	w ɑ ˈw r a
<|PUS|>wat	w ɑ ʈ
<|PUS|>wak	w ɑ k
<|PUS|>wtl	w a t̪ ə l
<|PUS|>wkh	w a x
<|PUS|>wdan	w ə d̪ ɑ n
<|PUS|>wdanwl	w a d ɑ n a w ə l
<|PUS|>wr	w a r
<|PUS|>wrshw	w a r ʃ o
<|PUS|>wrw	w r o ʊ
<|PUS|>wrwstl	w a r w a s t ə l
<|PUS|>wrwlm	w a r w a l ə m
<|PUS|>wryje	w r i d͡ʒ e
<|PUS|>wryje	w r i ʒ e
<|PUS|>wrz	w r a d͡z
<|PUS|>wrkwl	w a r k a w ə l
<|PUS|>wzyr	w ə z i r
<|PUS|>wzirstan	w ə z i r ɪ s t̪ ɑ n
<|PUS|>wlswaly	w ə l ə s w ɑ l i
<|PUS|>wlswalye	w ə l ə s w ɑ l ə i
<|PUS|>wlh	w a l a
<|PUS|>wm	w ə m
<|PUS|>wnh	w ə n a
<|PUS|>wwrki	w o ɺ̢ k a i
<|PUS|>wwrkye	w o ɺ̢ k ə i
<|PUS|>wwri	w o ɺ ˞ a i
<|PUS|>wydh	w i d ə
<|PUS|>wyshtl	w i ʃ t ə l
<|PUS|>wyng	w a j a ŋ ɡ
<|PUS|>wyh	w a j a
<|PUS|>wyywnh	w i j u n a
<|PUS|>wyypangh	w ə j i p ɑ ŋ ɡ a
<|PUS|>wyi	w ə j a i
<|PUS|>wth	w ə ʈ a
<|PUS|>wrya	w ə ɻ j ɑ
<|PUS|>wgi	w ə ɡ a i
<|PUS|>wgrwaky	w ə ɡ ə ɻ w ɑ k i
<|PUS|>wgrpwhnh	w ə ɡ ə ɻ p o h ə n a
<|PUS|>wgri	w ə ɡ ə ɻ a i
<|PUS|>werwl	w e r a w ə l
<|PUS|>weredl	w e r e d ə l
<|PUS|>wekhtan	w e ʃ t̪ ɑ n
<|PUS|>yad	j ɑː d
<|PUS|>ym	j ə m
<|PUS|>yhk	j h a k
<|PUS|>yw	j a w
<|PUS|>ywm	j u m
<|PUS|>ywni	y u n a i
<|PUS|>ywwls	j a w o l a s
<|PUS|>ye	j e
<|PUS|>tapw	ʈ ɑ p u
<|PUS|>tbr	ʈ a b a r
<|PUS|>tmatr	ʈ a m ɑ ʈ ə r
<|PUS|>tndh	ʈ ə n ɖ a
<|PUS|>twsparye	ʈ u s p ɑ r ɘ y
<|PUS|>twl	ʈ o l
<|PUS|>twpki	ʈ u p a k a i
<|PUS|>twkr	ʈ u k ə r
<|PUS|>twkh	ʈ o k a
<|PUS|>twky	ʈ o k i
<|PUS|>tyng	ʈ i ŋ ɡ
<|PUS|>tpaki	ʈ u p ɑ k a i
<|PUS|>tki	ˈʈ ə k a i
<|PUS|>parsh	p ɑ r . s a
<|PUS|>parsiwan	p ɑ r s i w ɑ n
<|PUS|>pamdwr	p ɑ m a d̪ o r
<|PUS|>paywl	p ɑ y a w ə l
<|PUS|>parw	p ɑ ɻ u
<|PUS|>panh	p ɑ ɳ a
<|PUS|>pt	p a t̪
<|PUS|>ptkhh	p a t̪ ə x a
<|PUS|>ptng	p a t̪ a ŋ ɡ
<|PUS|>pkhwl	p a x a w ə l
<|PUS|>prtlh	p a r t̪ a l a
<|PUS|>prtwg	p a r t̪ u ɡ
<|PUS|>prwt	p r o t̪
<|PUS|>prwrh	p r o ˈɻ a
<|PUS|>prez	p a r e z
<|PUS|>prekrh	p r e k ɻ a
<|PUS|>psrli	p ə s ə r l a i
<|PUS|>psh	p s ə
<|PUS|>pse	p ə s e
<|PUS|>pshye	p ə ʃ ə i̯
<|PUS|>plaz	p l ɑ z
<|PUS|>plazmenh	p l ɑ z m e n a
<|PUS|>plalh	p l ɑ . l a
<|PUS|>plm	p ɪ l m
<|PUS|>plwrl	p l o r ə l
<|PUS|>pmnki	p a m a n k a ɪ
<|PUS|>pnzws	p ə n d z o s
<|PUS|>pnzpwhnh	p ə ŋ d͡z p o h ə n a
<|PUS|>pndws	p ə n ɖ u s
<|PUS|>pwkh	p o ʊ x
<|PUS|>pwlh	p u l a
<|PUS|>pwlys	p o l i s
<|PUS|>pwh	p o h
<|PUS|>pwhand	p o h ɑ n d
<|PUS|>pwhntwn	p o . h a n ˈt̪ u n
<|PUS|>pwhnh	p o h ə n a
<|PUS|>pwhh	ˈp o h a
<|PUS|>pwhedl	p o h e d ə l
<|PUS|>pwhegy	p o ˈh e ɡ i
<|PUS|>pwtsh	p o t͡s a
<|PUS|>pwrye	p o ˈɻ ə i
<|PUS|>pwkhtnh	p o x t̪ ə n a
<|PUS|>pyshw	p i ʃ o
<|PUS|>pyl	p a ɪ l
<|PUS|>ptki	p a ʈ . k a i
<|PUS|>prang	p ɽ ɑ ŋ ɡ
<|PUS|>prswb	p a ɻ s o b
<|PUS|>pri	ˈp ə ɽ a i
<|PUS|>pkhtnh	p a ʂ . t̪ a . n a
<|PUS|>pkhtw	p ə ʂ ˈt̪ o
<|PUS|>pkhtwn	p a ʂ . t̪ u n
<|PUS|>pkan	p a k ɑ n
<|PUS|>pil	p i l
<|PUS|>pe	p e
<|PUS|>perl	p e r ə l
<|PUS|>perye	p e ɻ ə i
<|PUS|>pekhwr	p e ˈχ ə w ə r
<|PUS|>zar	d͡z ɑ r
<|PUS|>zan	d z ɑ n
<|PUS|>zai	d͡z ɑ i
<|PUS|>zghlm	d z ɣ ə l ə m
<|PUS|>zghlwl	d z ɣ ə l a w ə l
<|PUS|>zl	d͡z ə l
<|PUS|>zlmi	z ɘ l m ɑ i
<|PUS|>zm	d z ə m
<|PUS|>zmkpwhnh	d͡z m ə k p o h ə n a
<|PUS|>zwan	d͡z w ɑ n
<|PUS|>zwak	d͡z w ɑ k
<|PUS|>zyrk	d͡z i r a k
<|PUS|>zyne	ˈd z i n e
<|PUS|>zkh	d͡z ə k a
<|PUS|>zig	z i ʐ
<|PUS|>zel	d͡z e l
<|PUS|>tsadr	t͡s ɑ d̪ a r
<|PUS|>tsarwnka	t͡s ɑ r u n k a ɪ ɪ
<|PUS|>tsarwa	t͡s ɑ r w a ɪ
<|PUS|>tsarwi	t͡s ɑ r w a i
<|PUS|>tsawar	t͡s ɑ w ɑ r
<|PUS|>tsaperh	t͡s ɑ p e ɽ a
<|PUS|>tsakhkh	t͡s ɑ ˈx . k a
<|PUS|>tsrkhwl	t s a r x a w ə l
<|PUS|>tslwr	t͡s a . l o r
<|PUS|>tslwekht	t s a l ˈw e ç t
<|PUS|>tsndh	t s ə n ɖ a
<|PUS|>tsng	t s a n ɡ
<|PUS|>tsngl	t͡s ə ŋ ɡ ə l
<|PUS|>tsh	t͡s ə
<|PUS|>tswmrh	t͡s u m r a
<|PUS|>tswk	t͡s o k
<|PUS|>tstk	t͡s a ʈ a k
<|PUS|>tsplye	t͡s a p l ə i
<|PUS|>tsperh	t͡s a p e ɽ a
<|PUS|>tskhak	t͡s x ɑ k
<|PUS|>tskl	t s k a l
<|PUS|>tserh	t s e r a
<|PUS|>tsernh	t͡s e ɻ ə n a
<|PUS|>tchaynk	t͡ʃ ɑ i n ə k
<|PUS|>tchaklet	t͡ʃ ɑ ˈk l e ʈ
<|PUS|>tchwrlkh	t͡ʃ u r l ə k a
<|PUS|>tchwpr	t͡ʃ o p ə ɻ
<|PUS|>tchwnya	t͡ʃ u ɳ j ɑ
<|PUS|>tchytr	t͡ʃ eː . ˈt ə r
<|PUS|>tchytchl	t ʃ i t ʃ ə l
<|PUS|>tcherth	t͡ʃ e r t a
<|PUS|>tchery	t͡ʃ e r i
<|PUS|>dand	ɖ ɑ ŋ ɖ
<|PUS|>dakw	ɖ ɑ k u
<|PUS|>dlh	ɖ a l a
<|PUS|>dnd	ɖ a n ɖ
<|PUS|>dngr	ɖ a ŋ ɡ ə r
<|PUS|>dwl	ɖ a w l
<|PUS|>dwly	ɖ ə ʊ l i
<|PUS|>dwdye	ɖ o ɖ ə i
<|PUS|>dyr	ɖ a i r
<|PUS|>dk	ɖ a k
<|PUS|>der	ɖ e r
<|PUS|>rwmbi	ɺ ˞ u m b a i
<|PUS|>gghedl	ʐ a ɣ e d ə l
<|PUS|>gmnz	ʐ m̩ ə ŋ d͡z
<|PUS|>jbarl	ʒ b ɑ ɻ ə l
<|PUS|>jbh	ʒ ə b ə
<|PUS|>jbpwhnh	ʒ ə b p o h ə n a
<|PUS|>jbkye	ʒ a b a k ə i
<|PUS|>jrndh	ʒ r a n . d̪ a
<|PUS|>jmi	ˈʒ ə m a ɪ
<|PUS|>jwr	ʒ a . w a ˈr
<|PUS|>jwndynkh	ʒ w a n d̪ i n a k a
<|PUS|>jwndi	ʒ w ə n d̪ a i
<|PUS|>jwpwhnh	ʒ o p o h ə n a
<|PUS|>jgag	ʒ ɪ ɡ ɑ ɡ
<|PUS|>jer	ʒ e ɻ
<|PUS|>khar	ʂ ɑ r
<|PUS|>kharw	x ɑ . r o ˈ
<|PUS|>khaghli	ʂ ɑ ˈɣ ə ˈl a i
<|PUS|>khamar	ʂ ɑ . m ɑ ˈr
<|PUS|>khayy	x ɑ ˈy i
<|PUS|>khaisth	ʂ ɑ j s t a
<|PUS|>khh	x ə
<|PUS|>khwwnzi	ʂ o w ə n ˈd z a i
<|PUS|>khwwnki	x o . ˈw u n . k a ɪ
<|PUS|>khwwnke	x o ˈw u n ˈk e
<|PUS|>khzh	ʂ ə ˈd͡z a
<|PUS|>khzynh	x ə z i ˈn a
<|PUS|>khkar	x k ɑ r
<|PUS|>khkarh	x k ɑ ˈr a
<|PUS|>khkli	ʂ k w ə ˈl a i
<|PUS|>khknzl	x k ə n d͡z ə l
<|PUS|>khh	x ə
<|PUS|>karghh	k ɑ r ˈɣ ə
<|PUS|>kal	k ɑ l
<|PUS|>kalni	k ɑ l a n a i
<|PUS|>kaly	k ɑ l i
<|PUS|>kapywrh	k ɑ p i w a r a
<|PUS|>kagl	k ɑ ɡ ə l
<|PUS|>kb	k a b
<|PUS|>ktab	k ɪ t̪ . ɑ b
<|PUS|>ktl	k a t ə l
<|PUS|>ksm	k ə s ə m
<|PUS|>klh	ˈk ə l a
<|PUS|>klk	k l a k
<|PUS|>klkwala	k l a k w ɑ l a ɪ
<|PUS|>kli	k ə l a ɪ
<|PUS|>kndhar	k a n d̪ a h ɑ r
<|PUS|>kngal	k a n ɡ ɑ l
<|PUS|>kh	k ə
<|PUS|>kwba	k u b ɑ
<|PUS|>kwr	k o r
<|PUS|>kwrbh	k o r b a
<|PUS|>kwrnye	k o r a n ə i̯
<|PUS|>kws	k w ə s
<|PUS|>kwl	k a w ə l
<|PUS|>kwnh	k w ə n a
<|PUS|>kwnr	k u n a ɻ
<|PUS|>kwngra	k u n ɡ r a ɪ
<|PUS|>kwt	k o ʈ
<|PUS|>kwth	k o ʈ a
<|PUS|>kr	k ə ɻ
<|PUS|>kkhe	k ʂ e
<|PUS|>kinkhy	k i . n a . x i
<|PUS|>kedl	k e d ə l
<|PUS|>ganh	ɡ ɑ ɳ a
<|PUS|>gbyn	ɡ a b i n
<|PUS|>grd	ɡ ə r d
<|PUS|>grdi	ɡ ə r d̪ a i
<|PUS|>grmy	ɡ a r m i
<|PUS|>grwh	ɡ r o h
<|PUS|>grzedl	ɡ ə r d͡z e d̪ ə l
<|PUS|>gl	ɡ w ə l
<|PUS|>glaby	ɡ w ə l ɑ b i
<|PUS|>gndh	s x ɑ
<|PUS|>ghyz	ɡ ə h i d͡z
<|PUS|>gwdr	ɡ u d̪ a r
<|PUS|>gwrl	ɡ o r ə l
<|PUS|>gytye	ɡ i ʈ ə i
<|PUS|>gtl	ɡ a ʈ ə l
<|PUS|>gdwn	ɡ a ɖ u n
<|PUS|>grdwd	ɡ ə ɻ d̪ o d̪
<|PUS|>gn	ɡ a ɳ
<|PUS|>gnl	ɡ a ɳ ə l
<|PUS|>gedh	ɡ e ɖ a
<|ARB|>'myq	ʕ a m iː q
<|ARB|>mnbh	m u n a b b i h
<|ARB|>hwrs	ħ uː r u s
<|ARB|>mhwl	m u ħ a w w i l
<|ARB|>blghm	b a l ɣ a m
<|ARB|>mtsamh	m u t a s aː m i ħ
<|ARB|>ktaba	k i t aː b a
<|ARB|>mjry	m a d͡ʒ a r i j j
<|ARB|>sjyn	s a d͡ʒ iː n
<|ARB|>tthkar	t a ð k aː r
<|ARB|>khrza	x u r z a
<|ARB|>trsd	t a r a sˤ sˤ a d a
<|ARB|>tnjyra	tˤ a n d͡ʒ iː r a
<|ARB|>mhmd	m a ħ m a d
<|ARB|>rwnq	r a w n a q
<|ARB|>hywan	ħ a j a w aː n
<|ARB|>'fyf	ʕ a f iː f
<|ARB|>iqala	ʔ i q aː l a
<|ARB|>kads	k aː d i s
<|ARB|>shhatha	ʃ i ħ aː ð a
<|ARB|>jrth	d͡ʒ u r a ð
<|ARB|>sar	s aː r r
<|ARB|>aqr'	ʔ a q r a ʕ
<|ARB|>iklyl	ʔ i k l iː l
<|ARB|>thrwa	ð u r w a
<|ARB|>astthmar	i s t i θ m aː r
<|ARB|>hltyth	ħ i l t iː θ
<|ARB|>khla'y	x a l aː ʕ i j j
<|ARB|>t'lyq	t a ʕ l iː q
<|ARB|>mradf	m u r aː d i f
<|ARB|>blghary	b u l ɣ aː r i j j
<|ARB|>arstwtalys	ʔ a r i s tˤ uː tˤ aː l iː s
<|ARB|>qbj	q a b a d͡ʒ
<|ARB|>mhn	m i ħ a n
<|ARB|>wtny	w a tˤ a n i j j
<|ARB|>khsws	x u sˤ uː sˤ
<|ARB|>mthnan	m a θ n aː n
<|ARB|>tqdm	t a q a d d a m a
<|ARB|>lwyathan	l a w i j aː θ aː n
<|ARB|>astrk	ʔ a sˤ tˤ a r a k
<|ARB|>nfqa	n a f a q a
<|ARB|>mkswr	m a k s uː r
<|ARB|>ina'	ʔ i n aː ʔ
<|ARB|>'rnsya	ʕ a r a n s i j j a
<|ARB|>tbata	t a b aː tˤ a ʔ a
<|ARB|>ma'wn	m aː ʕ uː n
<|ARB|>mthy'	m u ð iː ʕ
<|ARB|>qra'a	q i r aː ʔ a
<|ARB|>hsna'	ħ a s n aː ʔ
<|ARB|>shahlwj	ʃ aː h a l uː d͡ʒ
<|ARB|>ws'	w a s i ʕ a
<|ARB|>mwskw	m uː s k uː
<|ARB|>lkma	l a k m a
<|ARB|>'dmya	ʕ a d a m i j j a
<|ARB|>jnsya	d͡ʒ i n s i j j a
<|ARB|>k'k	k a ʕ k
<|ARB|>'zm	ʕ a ðˤ m
<|ARB|>akhdr	ʔ a x d a r
<|ARB|>aman	ʔ a m aː n
<|ARB|>'nab	ʕ u n n aː b
<|ARB|>lasltwy	l aː s u l tˤ a w i j j
<|ARB|>brshyd	b a r ʃ iː d
<|ARB|>ishbyna	ʔ i ʃ b iː n a
<|ARB|>alys'	a l j a s a ʕ
<|ARB|>sa'	s aː ʔ a
<|ARB|>kanwn	k aː n uː n
<|ARB|>'ma	ʕ a m m aː
<|ARB|>nadl	n aː d i l
<|ARB|>akhtl	i x t a l l a
<|ARB|>'asf	ʕ aː sˤ i f
<|ARB|>wqwd	w a q uː d
<|ARB|>'nyf	ʕ a n iː f
<|ARB|>z'tr	z a ʕ t a r
<|ARB|>mrwha	m i r w a ħ a
<|ARB|>srkhs	s a r x a s
<|ARB|>mzhr	m a ðˤ h a r
<|ARB|>nbtha	n u b ð a
<|ARB|>mqdwns	m a q d uː n i s
<|ARB|>ihlylj	ʔ i h l iː l a d͡ʒ
<|ARB|>hwb	ħ uː b
<|ARB|>jathbya	d͡ʒ aː ð i b i j j a
<|ARB|>mktb	m a k t a b
<|ARB|>slh	s a l a ħ a
<|ARB|>ayhqan	ʔ a j h a q aː n
<|ARB|>kwykb	k u w a j k i b
<|ARB|>shbh	ʃ a b a ħ
<|ARB|>brqwq	b a r q uː q
<|ARB|>da'sh	d aː ʕ i ʃ
<|ARB|>wrat	w i r aː tˤ
<|ARB|>ghalbya	ɣ aː l i b i j j a
<|ARB|>hjwm	h u d͡ʒ uː m
<|ARB|>fsyfsa'	f u s a j f i s aː ʔ
<|ARB|>nkha'	n u x aː ʕ
<|ARB|>jzdan	d͡ʒ i z d aː n
<|ARB|>atha'	ʔ a ð aː ʕ a
<|ARB|>astyqz	i s t a j q a ðˤ a
<|ARB|>'rbyzy	ʕ a r a b iː z i j j
<|ARB|>isktlndy	ʔ i s k u t l a n d i j j
<|ARB|>zwm	z uː m
<|ARB|>thyeba	ð i ʔ b a
<|ARB|>t'am	tˤ a ʕ aː m
<|ARB|>fasd	f aː s i d
<|ARB|>alsrbya	a sˤ sˤ i r b i j j a
<|ARB|>lkna	l u k n a
<|ARB|>thra	ð a r r a
<|ARB|>'ba'a	ʕ a b aː ʔ a
<|ARB|>mqas	m a q aː sˤ sˤ
<|ARB|>t'ta	t a ʕ a tˤ tˤ aː
<|ARB|>qtyfa	q a tˤ iː f a
<|ARB|>rkhkha	r i x a x a
<|ARB|>asbh	ʔ a sˤ b a ħ
<|ARB|>tsadm	t a sˤ aː d a m a
<|ARB|>qndhar	q u n d u h aː r
<|ARB|>amwy	ʔ u m a w i j j
<|ARB|>a'rn	ʔ a ʕ r a n a
<|ARB|>alan	a l ʔ aː n a
<|ARB|>rtana	r a tˤ aː n a
<|ARB|>hds	h a d a s
<|ARB|>alhbsha	a l ħ a b a ʃ a
<|ARB|>atah	ʔ a t aː ħ a
<|ARB|>snara	sˤ i n aː r a
<|ARB|>slaba	sˤ a l aː b a
<|ARB|>kshtban	k u ʃ t u b aː n
<|ARB|>tdryj	t a d r iː d͡ʒ
<|ARB|>awlya'	ʔ a w l i j aː ʔ
<|ARB|>mna'a	m a n aː ʕ a
<|ARB|>tjrba	t a d͡ʒ r i b a
<|ARB|>msafa	m a s aː f a
<|ARB|>hnyf	ħ a n iː f
<|ARB|>a'tab	ʔ a ʕ t aː b
<|ARB|>arz	ʔ a r a z z a
<|ARB|>bas	b a ʔ s
<|ARB|>nayem	n aː ʔ i m
<|ARB|>hasm	ħ aː s i m
<|ARB|>qlya	q i l l i j j a
<|ARB|>ass	ʔ a s s a s a
<|ARB|>frysa	f a r iː s a
<|ARB|>nsrany	n a sˤ r aː n i j j
<|ARB|>'ydya	ʕ iː d i j j a
<|ARB|>mrsban	m a r sˤ a b aː n
<|ARB|>n'na'	n a ʕ n aː ʕ
<|ARB|>'jrfa	ʕ a d͡ʒ r a f a
<|ARB|>qa'a	q aː ʕ a
<|ARB|>ywns	j uː n u s
<|ARB|>mshrk	m u ʃ r i k
<|ARB|>a'sr	ʔ a ʕ sˤ a r a
<|ARB|>qaf	q aː f
<|ARB|>shthr	ʃ a ð r
<|ARB|>sdgh	sˤ a d ɣ
<|ARB|>thqba	θ u q b a
<|ARB|>sakha	sˤ aː x x a
<|ARB|>msbna	m a sˤ b a n a
<|ARB|>mthkra	m u ð a k k a r a
<|ARB|>rtyla	r u t a j l a
<|ARB|>iblyz	ʔ i b l iː z
<|ARB|>frqata	f i r q aː tˤ a
<|ARB|>akhr	ʔ aː x a r
<|ARB|>myanmar	m i j aː n m aː r
<|ARB|>srbya	sˤ i r b i j aː
<|ARB|>wryd	w a r iː d
<|ARB|>m'zf	m i ʕ z a f
<|ARB|>abakhs	ʔ a b aː x i s u
<|ARB|>fnjnksht	f a n d͡ʒ a n k u ʃ t
<|ARB|>alsfn	a s s u f u n
<|ARB|>mnbr	m i n b a r
<|ARB|>ashws	ʔ a ʃ w a s
<|ARB|>sat	s aː tˤ a
<|ARB|>atwm	ʔ a t uː m
<|ARB|>mkml	m u k a m m a l
<|ARB|>sf'	sˤ a f a ʕ a
<|ARB|>antha	i n t a h aː
<|ARB|>nankhwaa	n aː n a x w aː h
<|ARB|>mnwr	m a n w a r
<|ARB|>hsan	ħ i sˤ aː n
<|ARB|>mdam	m u d aː m
<|ARB|>ryeasa	r i ʔ aː s a
<|ARB|>srby	sˤ i r b i j j
<|ARB|>rghyfa	r a ɣ iː f a
<|ARB|>asyakh	ʔ a s j aː x
<|ARB|>hdar	h a d d aː r
<|ARB|>mly'	m a l iː ʔ
<|ARB|>dblja	d a b l a d͡ʒ a
<|ARB|>bragh	b r aː ɣ
<|ARB|>hyth	ħ a j θ u
<|ARB|>dwa	dˤ a w aː
<|ARB|>ihsan	ʔ i ħ s aː n
<|ARB|>majd	m aː d͡ʒ i d
<|ARB|>alswdan	a s s uː d aː n
<|ARB|>mkalma	m u k aː l a m a
<|ARB|>bnaya	b i n aː j a
<|ARB|>isnad	ʔ i s n aː d
<|ARB|>jzmazq	d͡ʒ a z m aː z a q
<|ARB|>bwthy	b uː ð i j j
<|ARB|>ts'mayea	t i s ʕ u m i ʔ a
<|ARB|>wthyqa	w a θ iː q a
<|ARB|>barz	b aː r a z a
<|ARB|>nzha	n u z h a
<|ARB|>blathr	b a l aː ð i r
<|ARB|>khlnjan	x a l a n d͡ʒ aː n
<|ARB|>aljm'a	a l d͡ʒ u m a ʕ a
<|ARB|>abryl	ʔ a b r iː l
<|ARB|>mrfw'	m a r f uː ʕ
<|ARB|>tkmyly	t a k m iː l i j j
<|ARB|>frks	f i r k i s
<|ARB|>'bada	ʕ i b aː d a
<|ARB|>lwz	l a w z
<|ARB|>trq	tˤ a r a q a
<|ARB|>'ayela	ʕ aː ʔ i l a
<|ARB|>syem	s a ʔ i m a
<|ARB|>alsnghal	a s s i n i ɣ aː l
<|ARB|>awqf	ʔ a w q a f a
<|ARB|>bl'wm	b u l ʕ uː m
<|ARB|>mtmad	m u t a m aː d d
<|ARB|>atrj	ʔ u t r u d͡ʒ d͡ʒ
<|ARB|>trbya	t a r b i j a
<|ARB|>mlwkhya	m u l uː x i j j aː
<|ARB|>thss	t a ħ a s s a s a
<|ARB|>nadj	n aː dˤ i d͡ʒ
<|ARB|>mdad	m i d aː d
<|ARB|>antbh	i n t a b a h a
<|ARB|>anzl	ʔ a n z a l a
<|ARB|>mghn	m u ɣ a n n i n
<|ARB|>ibada	ʔ i b aː d a
<|ARB|>'qal	ʕ i q aː l
<|ARB|>ahda	ʔ a h d aː
<|ARB|>dal	dˤ aː l l
<|ARB|>abaskhyrwn	ʔ a b aː s x iː r uː n
<|ARB|>dmgha	d a m ɣ a
<|ARB|>swdd	s u ʔ d a d
<|ARB|>trmym	t a r m iː m
<|ARB|>mst'rb	m u s t a ʕ r i b
<|ARB|>ashyb	ʔ a ʃ j a b
<|ARB|>slyla	s u l a j l aː
<|ARB|>trkmanstan	t u r k u m aː n i s t aː n
<|ARB|>tqlydy	t a q l iː d i j j
<|ARB|>asgha	ʔ a sˤ ɣ aː
<|ARB|>slah	s i l aː ħ
<|ARB|>tbaq	tˤ a b b aː q
<|ARB|>bnfsjy	b a n a f s a d͡ʒ i j j
<|ARB|>art'sh	i r t a ʕ a ʃ a
<|ARB|>fyjn	f a j d͡ʒ a n
<|ARB|>rqyq	r a q iː q
<|ARB|>andml	i n d a m a l a
<|ARB|>msh'r	m a ʃ ʕ a r
<|ARB|>jryd	d͡ʒ a r iː d
<|ARB|>ghaft	ɣ aː f a t
<|ARB|>shwnyz	ʃ uː n iː z
<|ARB|>bhah	b u ħ aː ħ
<|ARB|>abtlal	i b t i l aː l
<|ARB|>brashwt	b a r aː ʃ uː t
<|ARB|>wfa'	w a f aː ʔ
<|ARB|>nsab	n a sˤ sˤ aː b
<|ARB|>qrasya	q a r aː s i j aː
<|ARB|>b'tha	b a ʕ θ a
<|ARB|>ansl	i n s a l l a
<|ARB|>swra	sˤ uː r a
<|ARB|>qawwsh	q aː w uː ʃ
<|ARB|>shy'a	ʃ iː ʕ a
<|ARB|>'yada	ʕ i j aː d a
<|ARB|>tayer	tˤ aː ʔ i r
<|ARB|>alarjntyn	a l ʔ a r d͡ʒ a n t iː n
<|ARB|>slbah	s i l b aː ħ
<|ARB|>twzyf	t a w ðˤ iː f
<|ARB|>ayqn	ʔ a j q a n a
<|ARB|>msttylat	m u s t tˤ iː l aː t
<|ARB|>khmsa	x a m s a
<|ARB|>rfayeyl	r u f aː ʔ iː l
<|ARB|>btrwkh	b a tˤ r uː x
<|ARB|>mla	m u l l aː
<|ARB|>ltwanya	l i t u w aː n i j aː
<|ARB|>bab	b aː b
<|ARB|>astthnayey	i s t i θ n aː ʔ i j j
<|ARB|>dlb	d u l b
<|ARB|>'rbya	ʕ a r a b i j j a
<|ARB|>m'awna	m u ʕ aː w a n a
<|ARB|>akhtrq	i x t a r a q a
<|ARB|>rsatwn	r a s aː tˤ uː n
<|ARB|>tqrr	t a q a r r a r a
<|ARB|>qdad	q a d aː d
<|ARB|>hdf	h a d a f
<|ARB|>iqama	ʔ i q aː m a
<|ARB|>astfrgh	i s t a f r a ɣ a
<|ARB|>ardy	ʔ a r dˤ i j j
<|ARB|>ashtbak	i ʃ t i b aː k
<|ARB|>imda'	ʔ i m dˤ aː ʔ
<|ARB|>ashnan	ʔ u ʃ n aː n
<|ARB|>tlfaf	t i l f aː f
<|ARB|>bthrqtwna	b a ð a r q a tˤ uː n aː
<|ARB|>km'	k a m ʔ
<|ARB|>qwq'a	q a w q a ʕ a
<|ARB|>jyn	d͡ʒ iː n
<|ARB|>astfz	i s t a f a z z a
<|ARB|>nadla	n aː d i l a
<|ARB|>qad	q aː d a
<|ARB|>alqnytra	a l q u n a j tˤ i r a
<|ARB|>akl	ʔ a k a l a
<|ARB|>shfaf	ʃ a f f aː f
<|ARB|>jara	d͡ʒ aː r a
<|ARB|>hjr	ħ a d͡ʒ a r
<|ARB|>amt'd	i m t a ʕ a dˤ a
<|ARB|>skhd	sˤ a x a d a
<|ARB|>lyra	l a j r a
<|ARB|>bnfsj	b a n a f s a d͡ʒ
<|ARB|>krfs	k a r a f s
<|ARB|>tkhdyr	t a x d iː r
<|ARB|>s'wba	sˤ u ʕ uː b a
<|ARB|>shla	ʃ a l l a
<|ARB|>mjsma	m u d͡ʒ a s s a m a
<|ARB|>kstban	k u s t u b aː n
<|ARB|>daj'	dˤ aː d͡ʒ a ʕ a
<|ARB|>azam	ʔ a z ʔ a m a
<|ARB|>'la	ʕ i l l a
<|ARB|>mkwn	m u k a w w i n
<|ARB|>shkara	ʃ i k aː r a
<|ARB|>mghnatysya	m a ɣ n aː tˤ iː s i j j a
<|ARB|>fdwl	f dˤ uː l
<|ARB|>mq'da	m a q ʕ a d a
<|ARB|>brsham	b i r ʃ aː m
<|ARB|>'fryt	ʕ a f r iː t
<|ARB|>mdrb	m i dˤ r a b
<|ARB|>thwb	θ a w b
<|ARB|>khrnq	x i r n i q
<|ARB|>dywn	dˤ a j w a n
<|ARB|>fwr	f a w r
<|ARB|>dwasa	d a w w aː s a
<|ARB|>'ayesha	ʕ aː ʔ i ʃ a
<|ARB|>jnayey	d͡ʒ i n aː ʔ i j j
<|ARB|>hsrm	ħ a sˤ r a m
<|ARB|>znbw'	z a n b uː ʕ
<|ARB|>ftsh	f a t t a ʃ a
<|ARB|>ghlqa	ɣ a l q a
<|ARB|>alashhl	a l ʔ a ʃ h a l
<|ARB|>bd'	b i dˤ ʕ
<|ARB|>shawrma	ʃ aː w a r m aː
<|ARB|>hnalk	h u n aː l i k a
<|ARB|>ghdada	ɣ a dˤ aː dˤ a
<|ARB|>rshfa	r a ʃ f a
<|ARB|>rghwa	r a ɣ w a
<|ARB|>shakr	ʃ aː k i r
<|ARB|>tfaja	t a f aː d͡ʒ a ʔ a
<|ARB|>shsh	sˤ a ħ sˤ a ħ
<|ARB|>artf'	i r t a f a ʕ a
<|ARB|>dnr	d a n n a r a
<|ARB|>khsya	x i sˤ j a
<|ARB|>brkry	b a r k a r i j j
<|ARB|>baraghway	b aː r aː ɣ u w aː j
<|ARB|>qrmzy	q i r m i z i j j
<|ARB|>ghryba	ɣ a r iː b a
<|ARB|>tshwyq	t a ʃ w iː q
<|ARB|>tjawzat	t a d͡ʒ aː w u z aː t
<|ARB|>zryba	z a r iː b a
<|ARB|>ghryghwryws	ɣ i r iː ɣ uː r i j uː s
<|ARB|>shaf	sˤ a ħ ħ aː f
<|ARB|>aftra	i f t a r aː
<|ARB|>sh'ra	ʃ a ʕ r aː
<|ARB|>sykran	s a j k a r aː n
<|ARB|>by'a	b a j ʕ a
<|ARB|>mlbs	m a l b a s
<|ARB|>ftaa	f a t aː h
<|ARB|>qrtas	q i r tˤ aː s
<|ARB|>asmra	ʔ a s m a r a
<|ARB|>nrjyl	n a r d͡ʒ iː l
<|ARB|>sm'y	s a m ʕ i j j
<|ARB|>jzyey	d͡ʒ u z ʔ i j j
<|ARB|>ats'	i t t a s a ʕ a
<|ARB|>ghrfa	ɣ u r f a
<|ARB|>qna'	q i n aː ʕ
<|ARB|>frjwn	f i r d͡ʒ a w n
<|ARB|>thaq	ð aː q a
<|ARB|>msbah	m i sˤ b aː ħ
<|ARB|>skrja	s u k r u d͡ʒ a
<|ARB|>barzd	b aː r z a d
<|ARB|>shbshb	ʃ i b ʃ i b
<|ARB|>an'da	i n ʕ a d aː
<|ARB|>asarwn	ʔ a s aː r uː n
<|ARB|>qlma	q a l l a m aː
<|ARB|>'nq	ʕ a n a q
<|ARB|>answn	ʔ a n s uː n
<|ARB|>f'l	f a ʕ a l a
<|ARB|>far	f a ʔ r
<|ARB|>qwlnj	q a w l a n d͡ʒ
<|ARB|>baswr	b aː sˤ uː r
<|ARB|>aslwb	ʔ u s l uː b
<|ARB|>kwdn	k a w d a n
<|ARB|>madba	m a ʔ d u b a
<|ARB|>kwsa	k uː s aː
<|ARB|>'dala	ʕ a d aː l a
<|ARB|>asthdr	i s t a ħ dˤ a r a
<|ARB|>tman	tˤ a m ʔ a n a
<|ARB|>mqarna	m u q aː r a n a
<|ARB|>zkhat	z a x x aː t
<|ARB|>aktsa	i k t a s aː
<|ARB|>mthljat	m u θ a l l a d͡ʒ aː t
<|ARB|>rthath	r a ð aː ð
<|ARB|>jmana	d͡ʒ u m aː n a
<|ARB|>baqla'	b aː q i l aː ʔ
<|ARB|>iythar	ʔ iː θ aː r
<|ARB|>ahat	ʔ a ħ aː tˤ a
<|ARB|>btana	b i tˤ aː n a
<|ARB|>isb'	ʔ i sˤ b a ʕ
<|ARB|>mwssa	m u ʔ a s s a s a
<|ARB|>bqya	b a q i j j a
<|ARB|>sltwy	s u l tˤ a w i j j
<|ARB|>s'yd	s a ʕ iː d
<|ARB|>tqds	t a q a d d a s a
<|ARB|>ams	ʔ a m a s s a
<|ARB|>mthna	m a tˤ ħ a n a
<|ARB|>tqwd	t a q a w w a dˤ a
<|ARB|>shrbwsh	ʃ a r b uː ʃ
<|ARB|>hnzla	ħ a n ðˤ a l a
<|ARB|>mtfaa	m i tˤ f a ʔ a
<|ARB|>fanws	f aː n uː s
<|ARB|>jnyna	d͡ʒ u n a j n a
<|ARB|>iz'aj	ʔ i z ʕ aː d͡ʒ
<|ARB|>lyela	l i ʔ a l l aː
<|ARB|>'yd	ʕ a j j a d a
<|ARB|>inmwthj	ʔ i n m uː ð a d͡ʒ
<|ARB|>anfha	ʔ a n f i ħ a
<|ARB|>fwdwy	f a w dˤ a w i j j
<|ARB|>lsf	l a sˤ a f
<|ARB|>mdlja	m i d l a d͡ʒ a
<|ARB|>jnaza	d͡ʒ a n aː z a
<|ARB|>m'tzla	m u ʕ t a z i l a
<|ARB|>hnjra	ħ a n d͡ʒ a r a
<|ARB|>mjawr	m u d͡ʒ aː w i r
<|ARB|>ljyn	l u d͡ʒ a j n
<|ARB|>rjla	r u d͡ʒ l a
<|ARB|>msd	m a s a d a
<|ARB|>jm'	d͡ʒ a m a ʕ a
<|ARB|>sfyh	s a f iː h
<|ARB|>abys	ʔ aː b iː s
<|ARB|>dstwr	d u s t uː r
<|ARB|>zrshk	z a r r a ʃ k
<|ARB|>s'yd	sˤ a ʕ iː d
<|ARB|>shmal	ʃ a m aː l
<|ARB|>hdyd	ħ a d iː d
<|ARB|>mjn	m i d͡ʒ a n n
<|ARB|>atfal	ʔ a tˤ f aː l
<|ARB|>ifryqya	ʔ i f r iː q i j a
<|ARB|>nmwthjy	n a m uː ð a d͡ʒ i j j
<|ARB|>ihsayey	ʔ i ħ sˤ aː ʔ i j j
<|ARB|>mash	m aː s i ħ
<|ARB|>tjrd	t a d͡ʒ a r r a d a
<|ARB|>ansrf	i n sˤ a r a f a
<|ARB|>amryky	ʔ a m r iː k i j j
<|ARB|>zhf	z a ħ a f a
<|ARB|>'lqa	ʕ a l a q a
<|ARB|>andr	ʔ a n d a r
<|ARB|>synmayey	s i j n a m aː ʔ i j j
<|ARB|>a'tmd	i ʕ t a m a d a
<|ARB|>qabyl	q aː b iː l
<|ARB|>ayl	ʔ a j j a l
<|ARB|>a'la	ʔ a ʕ l aː
<|ARB|>kbyr	k a b iː r
<|ARB|>khtan	x i t aː n
<|ARB|>tdthr	t a d a θ θ a r a
<|ARB|>ha'	ħ aː ʔ
<|ARB|>fdaha	f a d aː ħ a
<|ARB|>ghamq	ɣ aː m i q
<|ARB|>fhsha'	f a ħ ʃ aː ʔ
<|ARB|>jny	d͡ʒ i n n i j j
<|ARB|>tnbwr	tˤ u n b uː r
<|ARB|>shlnbr	ʃ u l u n b a r
<|ARB|>mwrd	m a w r i d
<|ARB|>ibda'y	ʔ i b d aː ʕ i j j
<|ARB|>tyghar	t a j ɣ aː r
<|ARB|>hamwl	ħ aː m uː l
<|ARB|>dkan	d u k k aː n
<|ARB|>sayema	s aː ʔ i m a
<|ARB|>mtshkr	m u t a ʃ a k k i r
<|ARB|>lkm	l a k a m a
<|ARB|>shryj	sˤ a h r iː d͡ʒ
<|ARB|>mbarza	m u b aː r a z a
<|ARB|>dw'	dˤ a w ʔ
<|ARB|>khrbsh	x a r b a ʃ a
<|ARB|>sha	sˤ i ħ ħ a
<|ARB|>azly	ʔ a z a l i j j
<|ARB|>dys	d iː s
<|ARB|>hrbth	ħ u r b u θ
<|ARB|>'jla	ʕ a d͡ʒ a l a
<|ARB|>ahmq	ʔ a ħ m a q
<|ARB|>b'lbk	b a ʕ l a b a k k
<|ARB|>qws	q a w i s a
<|ARB|>snds	s u n d u s
<|ARB|>wjda	w a d͡ʒ d a
<|ARB|>hrary	ħ a r aː r i j j
<|ARB|>nsa	n a s s aː
<|ARB|>mkhad	m a x aː dˤ
<|ARB|>khra'	x i r aː ʔ
<|ARB|>mryla	m i r j a l a
<|ARB|>jdd	d͡ʒ a d a d
<|ARB|>khfj	x a f a d͡ʒ
<|ARB|>dhlyz	d i h l iː z
<|ARB|>nask	n aː s i k
<|ARB|>mbra	m a b a r r a
<|ARB|>mnqrd	m u n q a r i dˤ
<|ARB|>mwyzj	m a w iː z a d͡ʒ
<|ARB|>flw	f a l u w w
<|ARB|>astsbr	i s t a sˤ b a r a
<|ARB|>a'ma	ʔ a ʕ m aː
<|ARB|>falwdj	f aː l uː d a d͡ʒ
<|ARB|>msth	m u s a tˤ tˤ a ħ
<|ARB|>rdaye'	r a dˤ aː ʔ i ʕ
<|ARB|>aliskndrya	a l ʔ i s k a n d a r i j j a
<|ARB|>atham	i t t i h aː m
<|ARB|>mmathla	m u m aː θ a l a
<|ARB|>frasywn	f a r aː s i j uː n
<|ARB|>njy	n a d͡ʒ i j j
<|ARB|>bnan	b a n aː n
<|ARB|>ahly	ʔ a h l i j j
<|ARB|>twaqf	t a w aː q a f a
<|ARB|>qswa	q a s w a
<|ARB|>dfa'	d i f aː ʕ
<|ARB|>wjb	w a d͡ʒ a b a
<|ARB|>arkhbyl	ʔ a r x a b iː l
<|ARB|>lkn	l aː k i n
<|ARB|>abas	ʔ u b aː s
<|ARB|>mhmwm	m a ħ m uː m
<|ARB|>tbshwra	tˤ a b ʃ uː r a
<|ARB|>ana	ʔ a n aː
<|ARB|>kwz	k uː z
<|ARB|>btata	b a t aː t aː
<|ARB|>rysha	r iː ʃ a
<|ARB|>frata	f u r aː tˤ a
<|ARB|>abajwr	ʔ a b aː d͡ʒ uː r
<|ARB|>srakha	sˤ a r r aː x a
<|ARB|>m'dat	m u ʕ a d d aː t
<|ARB|>fa'	f aː ʔ
<|ARB|>astyemara	i s t i ʔ m aː r a
<|ARB|>ankmsh	i n k a m a ʃ a
<|ARB|>mqbra	m a q b a r a
<|ARB|>hmym	ħ a m iː m
<|ARB|>iskndrany	ʔ i s k a n d a r aː n i j j
<|ARB|>ahtqr	i ħ t a q a r a
<|ARB|>tlft	t a l a f f a t a
<|ARB|>mka	m a k k a
<|ARB|>arta'	i r t aː ʕ a
<|ARB|>thryr	t a ħ r iː r
<|ARB|>slby	s a l b i j j
<|ARB|>rawd	r aː w a d a
<|ARB|>bathnjan	b aː ð i n d͡ʒ aː n
<|ARB|>sknjbyn	s i k a n d͡ʒ a b iː n
<|ARB|>ghara	ɣ aː r a
<|ARB|>ynayr	j a n aː j i r
<|ARB|>lbn	l a b a n
<|ARB|>m'ml	m a ʕ m a l
<|ARB|>fwtnj	f uː t a n a d͡ʒ
<|ARB|>mwz	m a w z
<|ARB|>haswb	ħ aː s uː b
<|ARB|>sabq	s aː b i q
<|ARB|>lhaq	l a ħ aː q
<|ARB|>msmar	m i s m aː r
<|ARB|>tbyba	tˤ a b iː b a
<|ARB|>wlkn	w a l aː k i n
<|ARB|>asfnyk	ʔ a s f a n iː k
<|ARB|>bsma	b a s m a
<|ARB|>qlqas	q u l q aː s
<|ARB|>qaqla	q aː q i l l a
<|ARB|>lwlwa	l u ʔ l u ʔ a
<|ARB|>njaa	n a d͡ʒ aː h
<|ARB|>sqr	sˤ a q r
<|ARB|>tma	tˤ a m aː
<|ARB|>bakhwm	b aː x uː m
<|ARB|>fsyl	f a sˤ iː l
<|ARB|>ashtrghar	ʔ u ʃ t u r ɣ aː r
<|ARB|>mbkr	m u b a k k i r
<|ARB|>aflatwn	ʔ a f l aː tˤ uː n
<|ARB|>swt	sˤ a w t
<|ARB|>sghar	sˤ i ɣ aː r
<|ARB|>smyth	s a m iː ð
<|ARB|>mksrat	m u k a s s a r aː t
<|ARB|>hndba'	h i n d i b aː ʔ
<|ARB|>nhal	n a ħ ħ aː l
<|ARB|>asasy	ʔ a s aː s i j j
<|ARB|>khnq	x a n a q a
<|ARB|>brq	b a r a q a
<|ARB|>alkhmys	a l x a m iː s
<|ARB|>klh	k a l a ħ a
<|ARB|>khzan	x a z z aː n
<|ARB|>j'fr	d͡ʒ a ʕ f a r
<|ARB|>mrbwt	m a r b uː tˤ
<|ARB|>dkhl	d a x a l
<|ARB|>blyz	b a l iː z
<|ARB|>ayslnda	ʔ aː j i s l a n d aː
<|ARB|>zam	z a ʔ a m a
<|ARB|>jym	d͡ʒ iː m
<|ARB|>mshqa	m a ʃ a q q a
<|ARB|>syf	s a j f
<|ARB|>fady	f aː d iː
<|ARB|>lff	l a f f a f a
<|ARB|>jha	d͡ʒ u ħ aː
<|ARB|>shhdanj	ʃ a h d aː n a d͡ʒ
<|ARB|>shrswf	ʃ u r s uː f
<|ARB|>imala	ʔ i m aː l a
<|ARB|>mshna	m i ʃ a n n a
<|ARB|>shta'	ʃ i t aː ʔ
<|ARB|>abtla	i b t a l aː
<|ARB|>ayqz	ʔ a j q a ðˤ a
<|ARB|>tlfaz	t i l f aː z
<|ARB|>adhya	ʔ u d ħ i j a
<|ARB|>astl	i s t a l l a
<|ARB|>dyan	d a j j aː n
<|ARB|>ksyh	k a s iː ħ
<|ARB|>basta	b aː s t aː
<|ARB|>dwnma	d uː n m a
<|ARB|>kthynq	k u ð iː n a q
<|ARB|>antma	ʔ a n t u m aː
<|ARB|>shwbk	ʃ a w b a k
<|ARB|>hjn	ħ a d͡ʒ a n a
<|ARB|>lhztthak	l a ħ ðˤ a t a ð aː k a
<|ARB|>tqryr	t a q r iː r
<|ARB|>fyl	f iː l
<|ARB|>msdwm	m a sˤ d uː m
<|ARB|>alya	ʔ a l j a
<|ARB|>thmm	ð i m a m
<|ARB|>alyrmwk	a l j a r m uː k
<|ARB|>mkan	m a k aː n
<|ARB|>alqa	ʔ a l q aː
<|ARB|>ttfl	t a tˤ a f f a l a
<|ARB|>nasfa	n aː s i f a
<|ARB|>shyrj	ʃ a j r a d͡ʒ
<|ARB|>l'na	l a ʕ n a
<|ARB|>faswlya	f aː sˤ uː l i j aː
<|ARB|>ajtma'y	i d͡ʒ t i m aː ʕ i j j
<|ARB|>bnjnksht	b a n d͡ʒ a n k u ʃ t
<|ARB|>lath	l aː ð a
<|ARB|>mayw	m aː j uː
<|ARB|>mghsla	m a ɣ s a l a
<|ARB|>astmna	i s t a m n aː
<|ARB|>a'qd	ʔ a ʕ q a d
<|ARB|>bwab	b a w w aː b
<|ARB|>abydjan	ʔ a b iː d d͡ʒ aː n
<|ARB|>mraa	m i r ʔ aː h
<|ARB|>jwhry	d͡ʒ a w h a r i j j
<|ARB|>tsdyr	t a sˤ d iː r
<|ARB|>dstwry	d u s t uː r i j j
<|ARB|>srndyb	s a r a n d iː b
<|ARB|>khadm	x aː d i m
<|ARB|>mstqbly	m u s t a q b a l i j j
<|ARB|>'ana	ʕ aː n aː
<|ARB|>klb	k a l b
<|ARB|>shhn	ʃ a ħ a n a
<|ARB|>shamkh	ʃ aː m i x
<|ARB|>qwnya	q uː n i j a
<|ARB|>zrqtwna	z a r q a tˤ uː n aː
<|ARB|>mtkbr	m u t a k a b b i r
<|ARB|>hnds	h a n d a s a
<|ARB|>sydla	sˤ a j d a l a
<|ARB|>a'tzam	i ʕ t i z aː m
<|ARB|>j'fyl	d͡ʒ a ʕ f iː l
<|ARB|>waha	w aː ħ a
<|ARB|>rmm	r a m m a m a
<|ARB|>mrshd	m u r ʃ i d
<|ARB|>rdwkh	r u dˤ uː x
<|ARB|>inqad	ʔ i n q aː dˤ
<|ARB|>bbnwda	b a b n uː d a
<|ARB|>taywan	t aː j w aː n
<|ARB|>trnh	t a r a n n a ħ a
<|ARB|>bwrtswdan	b uː r t s uː d aː n
<|ARB|>lhy	l a h i j a
<|ARB|>mrw	m a r w
<|ARB|>'sb	ʕ a sˤ a b a
<|ARB|>saka	sˤ a ʔ k a
<|ARB|>hyran	ħ a j r aː n
<|ARB|>qdm	q a d a m
<|ARB|>dbt	dˤ a b a tˤ a
<|ARB|>bqra	b a q a r a
<|ARB|>rwd	r a w w a dˤ a
<|ARB|>bahth	b aː ħ a θ a
<|ARB|>falwthq	f aː l uː ð a q
<|ARB|>aghlb	ʔ a ɣ l a b
<|ARB|>tfah	t u f f aː ħ
<|ARB|>twzy'	t a w z iː ʕ
<|ARB|>darflfl	d aː r f i l f i l
<|ARB|>fhm	f a h h a m a
<|ARB|>qbra	q u b b a r a
<|ARB|>astnfd	i s t a n f a d a
<|ARB|>andb	ʔ a n dˤ a b a
<|ARB|>s'y	s a ʕ j
<|ARB|>sljm	s a l d͡ʒ a m
<|ARB|>anwa'	ʔ a n w aː ʕ
<|ARB|>ts'wn	t a s ʕ a w n a
<|ARB|>mfajaa	m u f aː d͡ʒ a ʔ a
<|ARB|>rhyl	r a ħ iː l
<|ARB|>srb	sˤ a r a b a
<|ARB|>hafa	ħ aː f a
<|ARB|>anwat	ʔ a n w aː tˤ
<|ARB|>sa'	sˤ aː ʕ
<|ARB|>mazrywn	m aː z a r i j uː n
<|ARB|>dhnj	d a h n a d͡ʒ
<|ARB|>mnth	m u n ð u
<|ARB|>fqs	f a q a s a
<|ARB|>'jawa	ʕ u d͡ʒ aː w a
<|ARB|>ajrb	ʔ a d͡ʒ r a b
<|ARB|>nqta	n u q tˤ a
<|ARB|>khrtal	x a r tˤ aː l
<|ARB|>kthyn	k u ð iː n
<|ARB|>itra'	ʔ i tˤ r aː ʔ
<|ARB|>alqahra	a l q aː h i r a
<|ARB|>bhr	b a ħ a r
<|ARB|>ahtdn	i ħ t a dˤ a n a
<|ARB|>tyra	tˤ a j r a
<|ARB|>astwry	ʔ u s tˤ uː r i j j
<|ARB|>awhl	ʔ a w ħ a l a
<|ARB|>zwfa	z uː f aː
<|ARB|>sahly	s aː ħ i l i j j
<|ARB|>astraly	ʔ u s t u r aː l i j j
<|ARB|>j'dyd	d͡ʒ a ʕ dˤ iː dˤ
<|ARB|>hsl	ħ a sˤ a l
<|ARB|>'nqad	ʕ i n q aː d
<|ARB|>trnym	t a r n iː m
<|ARB|>msyh	m a s iː ħ
<|ARB|>mtb	m a tˤ a b b
<|ARB|>mrjan	m a r d͡ʒ aː n
<|ARB|>almghrb	a l m a ɣ r i b
<|ARB|>mrawgha	m u r aː w a ɣ a
<|ARB|>bwlad	b uː l aː d
<|ARB|>rdd	r a d d a d a
<|ARB|>mqlq	m u q l i q
<|ARB|>ashtha	i ʃ t a h aː
<|ARB|>qrd	q a r d
<|ARB|>zayer	z aː ʔ i r
<|ARB|>tjara	t i d͡ʒ aː r a
<|ARB|>m'jzat	m u ʕ d͡ʒ i z aː t
<|ARB|>idhya	ʔ i d ħ i j a
<|ARB|>wsyd	w a sˤ iː d
<|ARB|>ashl	ʔ a ʃ a l l
<|ARB|>hbara	ħ u b aː r aː
<|ARB|>nhn	n a ħ n i
<|ARB|>ghrb	ɣ a r a b
<|ARB|>tthkra	t a ð k i r a
<|ARB|>bwaly'	b a w aː l iː ʕ
<|ARB|>yasyn	j aː s iː n
<|ARB|>my'ad	m iː ʕ aː d
<|ARB|>sha'	ʃ aː ʔ
<|ARB|>hrwla	h a r w a l a
<|ARB|>rhbanya	r a h b aː n i j j a
<|ARB|>tayefa	tˤ aː ʔ i f a
<|ARB|>anhk	ʔ a n h a k a
<|ARB|>qawq	q aː w u q
<|ARB|>dwlab	d a w l aː b
<|ARB|>srq	sˤ a r a q
<|ARB|>mzla	m a ðˤ a l l a
<|ARB|>jayez	d͡ʒ aː ʔ i z
<|ARB|>kara	k aː r a
<|ARB|>astmat	i s t a m aː t a
<|ARB|>asf	ʔ a s a f f a
<|ARB|>ksra	k a s r a
<|ARB|>hnan	ħ a n aː n
<|ARB|>athth	ʔ a θ θ a θ a
<|ARB|>rajl	r aː d͡ʒ i l
<|ARB|>a'tl	i ʕ t a l l a
<|ARB|>sabwra	sˤ aː b uː r a
<|ARB|>ghda	ɣ a dˤ dˤ a
<|ARB|>sryan	s a r a j aː n
<|ARB|>ftkha'	f a t x aː ʔ
<|ARB|>hzyra	ħ a ðˤ iː r a
<|ARB|>astjab	i s t a d͡ʒ aː b a
<|ARB|>fakra	f aː k i r a
<|ARB|>lhja	l a h d͡ʒ a
<|ARB|>nrwyjya	n u r w iː d͡ʒ i j j a
<|ARB|>st'	sˤ a t a ʕ a
<|ARB|>shlyl	ʃ a l iː l
<|ARB|>smn	s a m i n a
<|ARB|>twjh	t a w a d͡ʒ d͡ʒ a h a
<|ARB|>shlal	ʃ a l l aː l
<|ARB|>zhr	ðˤ a h a r a
<|ARB|>ihda'	ʔ i h d aː ʔ
<|ARB|>bndq	b u n d u q
<|ARB|>shl	sˤ a ħ i l a
<|ARB|>astwqf	i s t a w q a f a
<|ARB|>qrwsh	q u r uː ʃ
<|ARB|>ka'b	k aː ʕ i b
<|ARB|>a'ya	ʔ a ʕ j aː
<|ARB|>jkha	d͡ʒ a x x aː
<|ARB|>ray	r a ʔ j
<|ARB|>mbaraa	m u b aː r aː h
<|ARB|>nmla	n a m l a
<|ARB|>fth	f a t a ħ a
<|ARB|>sykwlwjy	s a j k uː l uː d͡ʒ i j j
<|ARB|>wrshnwfa	w a r ʃ a n uː f a
<|ARB|>ahtrq	i ħ t a r a q a
<|ARB|>saha	s aː ħ a
<|ARB|>almrykh	a l m i r r iː x
<|ARB|>ghmwd	ɣ u m uː d
<|ARB|>qawwn	q aː w uː n
<|ARB|>atsm	i t t a s a m a
<|ARB|>trab	t u r aː b
<|ARB|>abhj	ʔ a b h a d͡ʒ a
<|ARB|>blwr	b i l l a w r
<|ARB|>arghan	ʔ a r ɣ aː n
<|ARB|>shn'	ʃ a n n a ʕ a
<|ARB|>arthwthksy	ʔ u r θ uː ð u k s i j j
<|ARB|>jbyz	d͡ʒ a b iː z
<|ARB|>thhb	ð a h a b
<|ARB|>wqt	w a q a t
<|ARB|>shhada	ʃ a h aː d a
<|ARB|>wq'	w a q a ʕ a
<|ARB|>drasy	d i r aː s i j j
<|ARB|>ndm	n a d a m
<|UIG|>yeayeat	ʔ ɑ ʔ i t
<|UIG|>yeayealae	ʔ ɑ ʔ i l ɛ
<|UIG|>yeabdal	ʔ ɑ b d ɑ l
<|UIG|>yeabdulyeaehaed	ʔ ɑ b d u l ʔ ɛ h ɛ t
<|UIG|>yeabdulfaettah	ʔ ɑ b d u l p ɛ t t ɑ h
<|UIG|>yeata	ʔ ɑ t ɑ
<|UIG|>yeatlaqlar	ʔ ɑ t l i q l ɑ r
<|UIG|>yeatamaq	ʔ ɑ t i m ɑ q
<|UIG|>yeajaz	ʔ ɑ d͡ʒ i z
<|UIG|>yeakharaet	ʔ ɑ χ i r ɛ t
<|UIG|>yeadaet	ʔ ɑ d ɛ t
<|UIG|>yeadaettae	ʔ ɑ d ɛ t t ɛ
<|UIG|>yearzu	ʔ ɑ r z u
<|UIG|>yearsan	ʔ ɑ r s i n
<|UIG|>yearasada	ʔ ɑ r i s i d ɑ
<|UIG|>yeazat	ʔ ɑ z ɑ t
<|UIG|>yeazap	ʔ ɑ z ɑ p
<|UIG|>yeazwt	ʔ ɑ z o t
<|UIG|>yeasas	ʔ ɑ s ɑ s
<|UIG|>yeastatan	ʔ ɑ s t ɑ t i n
<|UIG|>yeasfalt	ʔ ɑ s p ɑ l t
<|UIG|>yeasmaq	ʔ ɑ s m ɑ q
<|UIG|>yeashqazan	ʔ ɑ ʃ q ɑ z ɑ n
<|UIG|>yeashyan	ʔ ɑ ʃ j ɑ n
<|UIG|>yeashpaez	ʔ ɑ ʃ p ɛ z
<|UIG|>yeafghan	ʔ ɑ p ʁ ɑ n
<|UIG|>yeaka	ʔ ɑ k ɑ
<|UIG|>yealamaet	ʔ ɑ l ɑ m ɛ t
<|UIG|>yealang	ʔ ɑ l ɑ ŋ
<|UIG|>yealtun	ʔ ɑ l t u n
<|UIG|>yealtae	ʔ ɑ l t ɛ
<|UIG|>yealma	ʔ ɑ l m ɑ
<|UIG|>yealmas	ʔ ɑ l m ɑ s
<|UIG|>yealp	ʔ ɑ l p
<|UIG|>yeamal	ʔ ɑ m ɑ l
<|UIG|>yeamanaet	ʔ ɑ m ɑ n ɛ t
<|UIG|>yeayaz	ʔ ɑ j ɑ z
<|UIG|>yeayaghlar	ʔ ɑ j ɑ ʁ l ɑ r
<|UIG|>yeayaqlar	ʔ ɑ j ɑ q l ɑ r
<|UIG|>yeayran	ʔ ɑ j r ɑ n
<|UIG|>yeayghar	ʔ ɑ j ʁ i r
<|UIG|>yeaymaq	ʔ ɑ j m ɑ q
<|UIG|>yeaprel	ʔ ɑ p r e l
<|UIG|>yeaparan	ʔ ɑ p i r i n
<|UIG|>yeapayaet	ʔ ɑ p i j ɛ t
<|UIG|>yeapelsan	ʔ ɑ p e l s i n
<|UIG|>yeapaet	ʔ ɑ p ɛ t
<|UIG|>yeatchqutch	ʔ ɑ t͡ʃ q u t͡ʃ
<|UIG|>yeatchmaq	ʔ ɑ t͡ʃ m ɑ q
<|UIG|>yeahalae	ʔ ɑ h ɑ l ɛ
<|UIG|>yeavaz	ʔ ɑ w ɑ z
<|UIG|>yeavam	ʔ ɑ w ɑ m
<|UIG|>yeavayeatsayae	ʔ ɑ w i ʔ ɑ t s i j ɛ
<|UIG|>yewttuz	ʔ o t t u z
<|UIG|>yewtun	ʔ o t u n
<|UIG|>yewkhshamaq	ʔ o χ ʃ i m ɑ q
<|UIG|>yewrtaq	ʔ o r t ɑ q
<|UIG|>yewgha	ʔ o ʁ ɑ
<|UIG|>yewq	ʔ o q
<|UIG|>yewqutqutcha	ʔ o q u t q u t͡ʃ i
<|UIG|>yewmum	ʔ o m u m
<|UIG|>yewmumay	ʔ o m u m i j
<|UIG|>yewmumayaet	ʔ o m u m i j ɛ t
<|UIG|>yewnantcha	ʔ o n i n t͡ʃ i
<|UIG|>yeabadaetkhana	ʔ i b ɑ d ɛ t χ ɑ n ɑ
<|UIG|>yeat	ʔ i t
<|UIG|>yeatayeaet	ʔ i t ɑ ʔ ɛ t
<|UIG|>yeajat	ʔ i d͡ʒ ɑ t
<|UIG|>yeajtamayeay	ʔ i d͡ʒ t i m ɑ ʔ i j
<|UIG|>yeajtamayeayaet	ʔ i d͡ʒ t i m ɑ ʔ i j ɛ t
<|UIG|>yeakhtayar	ʔ i χ t i j ɑ r
<|UIG|>yeakhlas	ʔ i χ l ɑ s
<|UIG|>yeas	ʔ i s
<|UIG|>yeastarahaet	ʔ i s t i r ɑ h ɛ t
<|UIG|>yeastasna	ʔ i s t i s n ɑ
<|UIG|>yeastemal	ʔ i s t e m ɑ l
<|UIG|>yeastepa	ʔ i s t e p ɑ
<|UIG|>yeasrap	ʔ i s r ɑ p
<|UIG|>yeaslam	ʔ i s l ɑ m
<|UIG|>yeaslahat	ʔ i s l ɑ h ɑ t
<|UIG|>yeasyantcha	ʔ i s j ɑ n t͡ʃ i
<|UIG|>yeashghal	ʔ i ʃ ʁ ɑ l
<|UIG|>yeashq	ʔ i ʃ q
<|UIG|>yeashqalap	ʔ i ʃ q i l i p
<|UIG|>yeashatmaek	ʔ i ʃ i t m ɛ k
<|UIG|>yeashtcha	ʔ i ʃ t͡ʃ i
<|UIG|>yeashaek	ʔ i ʃ ɛ k
<|UIG|>yeaqlam	ʔ i q l i m
<|UIG|>yealah	ʔ i l ɑ h
<|UIG|>yeam	ʔ i m
<|UIG|>yeamamaet	ʔ i m ɑ m ɛ t
<|UIG|>yeamkan	ʔ i m k ɑ n
<|UIG|>yeamkanayaet	ʔ i m k ɑ n i j ɛ t
<|UIG|>yeansanayaet	ʔ i n s ɑ n i j ɛ t
<|UIG|>yeansha	ʔ i n ʃ ɑ
<|UIG|>yeankar	ʔ i n k ɑ r
<|UIG|>yeana	ʔ i n i
<|UIG|>yeanaek	ʔ i n ɛ k
<|UIG|>yeayul	ʔ i j u l
<|UIG|>yeayun	ʔ i j u n
<|UIG|>yeappaet	ʔ i p p ɛ t
<|UIG|>yeagae	ʔ i ɡ ɛ
<|UIG|>yeagaer	ʔ i ɡ ɛ r
<|UIG|>yeoez	ʔ ø z
<|UIG|>yeoestaeng	ʔ ø s t ɛ ŋ
<|UIG|>yeoektaebr	ʔ ø k t ɛ b r
<|UIG|>yeoepkae	ʔ ø p k ɛ
<|UIG|>yeoetch	ʔ ø t͡ʃ
<|UIG|>yeutuq	ʔ u t u q
<|UIG|>yeurush	ʔ u r u ʃ
<|UIG|>yeul	ʔ u l
<|UIG|>yeular	ʔ u l ɑ r
<|UIG|>yeulugh	ʔ u l u ʁ
<|UIG|>yeunaversatet	ʔ u n i w e r s i t e t
<|UIG|>yeunvan	ʔ u n w ɑ n
<|UIG|>yeuy	ʔ u j
<|UIG|>yeuyghurtchae	ʔ u j ʁ u r t͡ʃ ɛ
<|UIG|>yeuyqu	ʔ u j q u
<|UIG|>yeuva	ʔ u w ɑ
<|UIG|>yeuvaq	ʔ u w ɑ q
<|UIG|>yeyuzyuk	ʔ y z y k
<|UIG|>yeyuzyum	ʔ y z y m
<|UIG|>yeyulpaet	ʔ y l p ɛ t
<|UIG|>yeyutch	ʔ y t͡ʃ
<|UIG|>yeetarap	ʔ e t i r ɑ p
<|UIG|>yeetavar	ʔ e t i w ɑ r
<|UIG|>yeerbay	ʔ e r b i j
<|UIG|>yeeramaek	ʔ e r i m ɛ k
<|UIG|>yeekan	ʔ e k i n
<|UIG|>yeeyaq	ʔ e j i q
<|UIG|>yeehtalam	ʔ e h t i l ɑ m
<|UIG|>yeaebaed	ʔ ɛ b ɛ t
<|UIG|>yeaetar	ʔ ɛ t i r
<|UIG|>yeaejdad	ʔ ɛ d͡ʒ d ɑ t
<|UIG|>yeaejaeb	ʔ ɛ d͡ʒ ɛ p
<|UIG|>yeaejaem	ʔ ɛ d͡ʒ ɛ m
<|UIG|>yeaekhlaq	ʔ ɛ χ l ɑ q
<|UIG|>yeaekhmaet	ʔ ɛ χ m ɛ t
<|UIG|>yeaedaep	ʔ ɛ d ɛ p
<|UIG|>yeaerdaem	ʔ ɛ r d ɛ m
<|UIG|>yeaerz	ʔ ɛ r z
<|UIG|>yeaerpae	ʔ ɛ r p ɛ
<|UIG|>yeaervah	ʔ ɛ r w ɑ h
<|UIG|>yeaeraeb	ʔ ɛ r ɛ p
<|UIG|>yeaeraebtchae	ʔ ɛ r ɛ b t͡ʃ ɛ
<|UIG|>yeaeza	ʔ ɛ z ɑ
<|UIG|>yeaeska	ʔ ɛ s k i
<|UIG|>yeaesla	ʔ ɛ s l i
<|UIG|>yeaeslahae	ʔ ɛ s l i h ɛ
<|UIG|>yeaesar	ʔ ɛ s i r
<|UIG|>yeaesaer	ʔ ɛ s ɛ r
<|UIG|>yeaeqraba	ʔ ɛ q r i b ɑ
<|UIG|>yeaeks	ʔ ɛ k s
<|UIG|>yeael	ʔ ɛ l
<|UIG|>yeaela	ʔ ɛ l ɑ
<|UIG|>yeaelvaettae	ʔ ɛ l w ɛ t t ɛ
<|UIG|>yeaemma	ʔ ɛ m m ɑ
<|UIG|>yeaeyb	ʔ ɛ j p
<|UIG|>yeaeynaen	ʔ ɛ j n ɛ n
<|UIG|>yeaeyap	ʔ ɛ j i p
<|UIG|>yeaepsanavay	ʔ ɛ p s ɑ n i w i j
<|UIG|>yeaepsus	ʔ ɛ p s u s
<|UIG|>yeaepsun	ʔ ɛ p s u n
<|UIG|>yeaepyyun	ʔ ɛ p j y n
<|UIG|>yeaehl	ʔ ɛ h l
<|UIG|>yeaehmayaet	ʔ ɛ h m i j ɛ t
<|UIG|>yeaehaed	ʔ ɛ h ɛ t
<|UIG|>yeaevqap	ʔ ɛ w q ɑ p
<|UIG|>batara	b ɑ t ɑ r i
<|UIG|>batal	b ɑ t i l
<|UIG|>baj	b ɑ d͡ʒ
<|UIG|>badam	b ɑ d ɑ m
<|UIG|>baray	b ɑ r i j
<|UIG|>bazar	b ɑ z ɑ r
<|UIG|>baqay	b ɑ q i j
<|UIG|>bana	b ɑ n ɑ
<|UIG|>bandaj	b ɑ n d ɑ ʒ
<|UIG|>bayanat	b ɑ j ɑ n ɑ t
<|UIG|>bayraq	b ɑ j r ɑ q
<|UIG|>bwluw	b o l u o
<|UIG|>bwlup	b o l u p
<|UIG|>bwysundurmaq	b o j s u n d u r m ɑ q
<|UIG|>bwyun	b o j u n
<|UIG|>batwn	b i t o n
<|UIG|>badyeaet	b i d ʔ ɛ t
<|UIG|>basmut	b i s m u t
<|UIG|>balaen	b i l ɛ n
<|UIG|>banggur	b i ŋ ɡ u r
<|UIG|>boeshyuk	b ø ʃ y k
<|UIG|>boelmaek	b ø l m ɛ k
<|UIG|>boehran	b ø h r ɑ n
<|UIG|>bu	b u
<|UIG|>but	b u t
<|UIG|>butpaeraes	b u t p ɛ r ɛ s
<|UIG|>budjet	b u d d͡ʒ e t
<|UIG|>buradaer	b u r ɑ d ɛ r
<|UIG|>burut	b u r u t
<|UIG|>bugh	b u ʁ
<|UIG|>buqa	b u q ɑ
<|UIG|>buyruq	b u j r u q
<|UIG|>beghar	b e ʁ i r
<|UIG|>belwk	b e l o k
<|UIG|>belaqtcha	b e l i q t͡ʃ i
<|UIG|>benzan	b e n z i n
<|UIG|>baekhtayar	b ɛ χ t i j ɑ r
<|UIG|>baekhsh	b ɛ χ ʃ
<|UIG|>baedael	b ɛ d ɛ l
<|UIG|>baedaen	b ɛ d ɛ n
<|UIG|>baermaek	b ɛ r m ɛ k
<|UIG|>baesh	b ɛ ʃ
<|UIG|>baelghaem	b ɛ l ʁ ɛ m
<|UIG|>baelka	b ɛ l k i
<|UIG|>baensayuaen	b ɛ n s i j u ɛ n
<|UIG|>baensatchu	b ɛ n s i t͡ʃ u
<|UIG|>baeyaz	b ɛ j ɑ z
<|UIG|>taraza	t ɑ r ɑ z ɑ
<|UIG|>taza	t ɑ z i
<|UIG|>tasadapay	t ɑ s ɑ d i p i j
<|UIG|>taqaet	t ɑ q ɛ t
<|UIG|>taksa	t ɑ k s i
<|UIG|>tallay	t ɑ l l i j
<|UIG|>tam	t ɑ m
<|UIG|>tama	t ɑ m ɑ
<|UIG|>tamlar	t ɑ m l ɑ r
<|UIG|>tay	t ɑ j
<|UIG|>tavar	t ɑ w ɑ r
<|UIG|>tavuz	t ɑ w u z
<|UIG|>twruq	t o r u q
<|UIG|>twshqan	t o ʃ q ɑ n
<|UIG|>twq	t o q
<|UIG|>twqsan	t o q s ɑ n
<|UIG|>twqquz	t o q q u z
<|UIG|>twluq	t o l u q
<|UIG|>twnna	t o n n ɑ
<|UIG|>twp	t o p
<|UIG|>twplamaq	t o p l i m ɑ q
<|UIG|>twptcha	t o p t͡ʃ i
<|UIG|>tababaet	t i b ɑ b ɛ t
<|UIG|>tajaraet	t i d͡ʒ ɑ r ɛ t
<|UIG|>tarnaq	t i r n ɑ q
<|UIG|>tarak	t i r i k
<|UIG|>taz	t i z
<|UIG|>takaen	t i k ɛ n
<|UIG|>talavaet	t i l ɑ w ɛ t
<|UIG|>tallar	t i l l ɑ r
<|UIG|>talaek	t i l ɛ k
<|UIG|>tamsakh	t i m s ɑ χ
<|UIG|>tayatar	t i j ɑ t i r
<|UIG|>toesh	t ø ʃ
<|UIG|>toemyur	t ø m y r
<|UIG|>toehmaet	t ø h m ɛ t
<|UIG|>tut	t u t
<|UIG|>tukhum	t u χ u m
<|UIG|>tuz	t u z
<|UIG|>tuzaq	t u z ɑ q
<|UIG|>tul	t u l
<|UIG|>tyutyun	t y t y n
<|UIG|>tyur	t y r
<|UIG|>tyumaen	t y m ɛ n
<|UIG|>tetak	t e t i k
<|UIG|>tekhnetsay	t e χ n e t s i j
<|UIG|>terbay	t e r b i j
<|UIG|>tekae	t e k ɛ
<|UIG|>taebdal	t ɛ b d i l
<|UIG|>taebrak	t ɛ b r i k
<|UIG|>taeblagh	t ɛ b l i ʁ
<|UIG|>taebaessyum	t ɛ b ɛ s s y m
<|UIG|>taetal	t ɛ t i l
<|UIG|>taejrabakhana	t ɛ d͡ʒ r i b i χ ɑ n ɑ
<|UIG|>taejrabae	t ɛ d͡ʒ r i b ɛ
<|UIG|>taekhman	t ɛ χ m i n
<|UIG|>taekhmanaen	t ɛ χ m i n ɛ n
<|UIG|>taedbar	t ɛ d b i r
<|UIG|>taer	t ɛ r
<|UIG|>taerbayava	t ɛ r b i j i w i
<|UIG|>taerjaman	t ɛ r d͡ʒ i m ɑ n
<|UIG|>taerraehhum	t ɛ r r ɛ h h u m
<|UIG|>taerap	t ɛ r i p
<|UIG|>taes	t ɛ s
<|UIG|>taeslam	t ɛ s l i m
<|UIG|>taesaella	t ɛ s ɛ l l i
<|UIG|>taesaevvur	t ɛ s ɛ w w u r
<|UIG|>taeshvash	t ɛ ʃ w i ʃ
<|UIG|>taeshvaqat	t ɛ ʃ w i q ɑ t
<|UIG|>taeqsam	t ɛ q s i m
<|UIG|>taekat	t ɛ k i t
<|UIG|>taekaellup	t ɛ k ɛ l l u p
<|UIG|>taelamay	t ɛ l i m i j
<|UIG|>taelaep	t ɛ l ɛ p
<|UIG|>taelaeppuz	t ɛ l ɛ p p u z
<|UIG|>taenaezzul	t ɛ n ɛ z z u l
<|UIG|>taenaeppus	t ɛ n ɛ p p u s
<|UIG|>taepraqae	t ɛ p r i q ɛ
<|UIG|>taengra	t ɛ ŋ r i
<|UIG|>taehrar	t ɛ h r i r
<|UIG|>taevsayae	t ɛ w s i j ɛ
<|UIG|>jadugaer	d͡ʒ ɑ d u ɡ ɛ r
<|UIG|>jaza	d͡ʒ ɑ z ɑ
<|UIG|>jallat	d͡ʒ ɑ l l ɑ t
<|UIG|>jamayeaet	d͡ʒ ɑ m ɑ ʔ ɛ t
<|UIG|>jahan	d͡ʒ ɑ h ɑ n
<|UIG|>jahal	d͡ʒ ɑ h i l
<|UIG|>javab	d͡ʒ ɑ w ɑ p
<|UIG|>janayaettcha	d͡ʒ i n ɑ j ɛ t t͡ʃ i
<|UIG|>jughrapayae	d͡ʒ u ʁ r ɑ p i j ɛ
<|UIG|>jaeryan	d͡ʒ ɛ r j ɑ n
<|UIG|>jaezabae	d͡ʒ ɛ z i b ɛ
<|UIG|>jaesur	d͡ʒ ɛ s u r
<|UIG|>jaesaet	d͡ʒ ɛ s ɛ t
<|UIG|>jaehaet	d͡ʒ ɛ h ɛ t
<|UIG|>jaevz	d͡ʒ ɛ w z
<|UIG|>khatarae	χ ɑ t i r ɛ
<|UIG|>khwsh	χ o ʃ
<|UIG|>khat	χ i t
<|UIG|>khazmaettcha	χ i z m ɛ t t͡ʃ i
<|UIG|>khusus	χ u s u s
<|UIG|>khususay	χ u s u s i j
<|UIG|>khemar	χ e m i r
<|UIG|>khetchar	χ e t͡ʃ i r
<|UIG|>khaetmae	χ ɛ t m ɛ
<|UIG|>khaetap	χ ɛ t i p
<|UIG|>khaeyrayaet	χ ɛ j r i j ɛ t
<|UIG|>dayeama	d ɑ ʔ i m i
<|UIG|>dada	d ɑ d ɑ
<|UIG|>dastan	d ɑ s t ɑ n
<|UIG|>danae	d ɑ n ɛ
<|UIG|>dava	d ɑ w ɑ
<|UIG|>dwstanae	d o s t ɑ n ɛ
<|UIG|>daqqaet	d i q q ɛ t
<|UIG|>damaq	d i m ɑ q
<|UIG|>dan	d i n
<|UIG|>davan	d i w ɑ n
<|UIG|>duyea	d u ʔ ɑ
<|UIG|>dutar	d u t ɑ r
<|UIG|>duttar	d u t t ɑ r
<|UIG|>dunyava	d u n j ɑ w i
<|UIG|>dyushmaen	d y ʃ m ɛ n
<|UIG|>dekabr	d e k ɑ b r
<|UIG|>demwkratayae	d e m o k r ɑ t i j ɛ
<|UIG|>demaek	d e m ɛ k
<|UIG|>dengaztcha	d e ŋ i z t͡ʃ i
<|UIG|>daert	d ɛ r t
<|UIG|>daerajae	d ɛ r i d͡ʒ ɛ
<|UIG|>daerhal	d ɛ r h ɑ l
<|UIG|>daervaza	d ɛ r w ɑ z ɑ
<|UIG|>daeqaqae	d ɛ q i q ɛ
<|UIG|>daepyeaetaen	d ɛ p ʔ ɛ t ɛ n
<|UIG|>daeptaer	d ɛ p t ɛ r
<|UIG|>daevaet	d ɛ w ɛ t
<|UIG|>raywna	r ɑ j o n i
<|UIG|>rwh	r o h
<|UIG|>rwhanay	r o h ɑ n i j
<|UIG|>razalaet	r i z ɑ l ɛ t
<|UIG|>raghbaet	r i ʁ b ɛ t
<|UIG|>raqabaet	r i q ɑ b ɛ t
<|UIG|>rukhsaet	r u χ s ɛ t
<|UIG|>ruku	r u k u
<|UIG|>referandum	r e p e r ɑ n d u m
<|UIG|>raeyeas	r ɛ ʔ i s
<|UIG|>raezal	r ɛ z i l
<|UIG|>raesmay	r ɛ s m i j
<|UIG|>zalalaet	z ɑ l ɑ l ɛ t
<|UIG|>zaman	z ɑ m i n
<|UIG|>zaharaen	z ɑ h i r ɛ n
<|UIG|>zwhrae	z o h r ɛ
<|UIG|>zakar	z i k i r
<|UIG|>zana	z i n ɑ
<|UIG|>zannaet	z i n n ɛ t
<|UIG|>zayaraet	z i j ɑ r ɛ t
<|UIG|>zoeryur	z ø r y r
<|UIG|>zulum	z u l u m
<|UIG|>zaebur	z ɛ b u r
<|UIG|>zaerrae	z ɛ r r ɛ
<|UIG|>zaeynaep	z ɛ j n ɛ p
<|UIG|>sayeadaet	s ɑ ʔ ɑ d ɛ t
<|UIG|>sakhavaet	s ɑ χ ɑ w ɛ t
<|UIG|>sadaqaet	s ɑ d ɑ q ɛ t
<|UIG|>saray	s ɑ r ɑ j
<|UIG|>saq	s ɑ q
<|UIG|>saqtcha	s ɑ q t͡ʃ i
<|UIG|>sayae	s ɑ j ɛ
<|UIG|>sap	s ɑ p
<|UIG|>sahabae	s ɑ h ɑ b ɛ
<|UIG|>sahab	s ɑ h i p
<|UIG|>savap	s ɑ w ɑ p
<|UIG|>swyeal	s o ʔ ɑ l
<|UIG|>swdagaer	s o d i ɡ ɛ r
<|UIG|>sarkae	s i r k ɛ
<|UIG|>sank	s i n k
<|UIG|>sanapdash	s i n i p d ɑ ʃ
<|UIG|>sayar	s i j i r
<|UIG|>sangal	s i ŋ i l
<|UIG|>sekhay	s e χ i j
<|UIG|>semazyewt	s e m i z ʔ o t
<|UIG|>sehargaer	s e h i r ɡ ɛ r
<|UIG|>saedaqae	s ɛ d i q ɛ
<|UIG|>saerkhush	s ɛ r χ u ʃ
<|UIG|>saeksaenput	s ɛ k s ɛ n p u t
<|UIG|>saekkaz	s ɛ k k i z
<|UIG|>saekkazantcha	s ɛ k k i z i n t͡ʃ i
<|UIG|>saenyeaetkar	s ɛ n ʔ ɛ t k ɑ r
<|UIG|>saepaer	s ɛ p ɛ r
<|UIG|>saehayae	s ɛ h i j ɛ
<|UIG|>sharapaet	ʃ ɑ r ɑ p ɛ t
<|UIG|>shapayeaet	ʃ ɑ p ɑ ʔ ɛ t
<|UIG|>shahadaet	ʃ ɑ h ɑ d ɛ t
<|UIG|>shahmat	ʃ ɑ h m ɑ t
<|UIG|>shahat	ʃ ɑ h i t
<|UIG|>sharkaet	ʃ i r k ɛ t
<|UIG|>shamalay	ʃ i m ɑ l i j
<|UIG|>shanjang	ʃ i n d͡ʒ ɑ ŋ
<|UIG|>shyanggang	ʃ j ɑ ŋ ɡ ɑ ŋ
<|UIG|>shekaer	ʃ e k ɛ r
<|UIG|>shaekhsayaet	ʃ ɛ χ s i j ɛ t
<|UIG|>shaert	ʃ ɛ r t
<|UIG|>shaerq	ʃ ɛ r q
<|UIG|>shaeraep	ʃ ɛ r ɛ p
<|UIG|>shaeykh	ʃ ɛ j χ
<|UIG|>shaepkae	ʃ ɛ p k ɛ
<|UIG|>shaehaer	ʃ ɛ h ɛ r
<|UIG|>shaevkaet	ʃ ɛ w k ɛ t
<|UIG|>ghayap	ʁ ɑ j i p
<|UIG|>ghayaet	ʁ ɑ j ɛ t
<|UIG|>ghurbaet	ʁ u r b ɛ t
<|UIG|>ghurur	ʁ u r u r
<|UIG|>ghaerb	ʁ ɛ r p
<|UIG|>ghaerbay	ʁ ɛ r b i j
<|UIG|>ghaerp	ʁ ɛ r p
<|UIG|>ghaezaep	ʁ ɛ z ɛ p
<|UIG|>ghaelabae	ʁ ɛ l i b ɛ
<|UIG|>ghaelvar	ʁ ɛ l w i r
<|UIG|>ghaeyraet	ʁ ɛ j r ɛ t
<|UIG|>ghaeyur	ʁ ɛ j u r
<|UIG|>fashast	p ɑ ʃ i s t
<|UIG|>qayeadae	q ɑ ʔ i d ɛ
<|UIG|>qabalayaet	q ɑ b i l i j ɛ t
<|UIG|>qat	q ɑ t
<|UIG|>qar	q ɑ r
<|UIG|>qarar	q ɑ r ɑ r
<|UIG|>qarargah	q ɑ r ɑ r ɡ ɑ h
<|UIG|>qarsha	q ɑ r ʃ i
<|UIG|>qaran	q ɑ r i n
<|UIG|>qazaghastan	q ɑ z ɑ ʁ i s t ɑ n
<|UIG|>qazanmaq	q ɑ z ɑ n m ɑ q
<|UIG|>qassap	q ɑ s s ɑ p
<|UIG|>qagha	q ɑ ʁ ɑ
<|UIG|>qalqan	q ɑ l q ɑ n
<|UIG|>qalun	q ɑ l u n
<|UIG|>qanayeaet	q ɑ n ɑ ʔ ɛ t
<|UIG|>qanunsaz	q ɑ n u n s i z
<|UIG|>qayghu	q ɑ j ʁ u
<|UIG|>qatcha	q ɑ t͡ʃ ɑ
<|UIG|>qaharae	q ɑ h i r ɛ
<|UIG|>qwrqaq	q o r q ɑ q
<|UIG|>qwrquntch	q o r q u n t͡ʃ
<|UIG|>qwza	q o z ɑ
<|UIG|>qwzaqulaq	q o z i q u l ɑ q
<|UIG|>qwntch	q o n t͡ʃ
<|UIG|>qwyun	q o j u n
<|UIG|>qwngghuz	q o ŋ ʁ u z
<|UIG|>qwvm	q o w m
<|UIG|>qwvurgha	q o w u r ʁ ɑ
<|UIG|>qarghan	q i r ʁ i n
<|UIG|>qaraq	q i r i q
<|UIG|>qazalghaz	q i z i l ʁ ɑ z
<|UIG|>qassae	q i s s ɛ
<|UIG|>qashlaq	q i ʃ l ɑ q
<|UIG|>qalaq	q i l i q
<|UIG|>qayas	q i j ɑ s
<|UIG|>qayma	q i j m ɑ
<|UIG|>qatchaq	q i t͡ʃ i q
<|UIG|>qutluq	q u t l u q
<|UIG|>quzghun	q u z ʁ u n
<|UIG|>qusmaq	q u s m ɑ q
<|UIG|>qumtchaq	q u m t͡ʃ ɑ q
<|UIG|>quyruq	q u j r u q
<|UIG|>qutchaq	q u t͡ʃ ɑ q
<|UIG|>quvantch	q u w ɑ n t͡ʃ
<|UIG|>qelan	q e l i n
<|UIG|>qeyan	q e j i n
<|UIG|>qaetyeayaet	q ɛ t ʔ i j ɛ t
<|UIG|>qaedaeh	q ɛ d ɛ h
<|UIG|>qaeraenfal	q ɛ r ɛ n p i l
<|UIG|>qaesar	q ɛ s i r
<|UIG|>qaelb	q ɛ l p
<|UIG|>qaelbaen	q ɛ l b ɛ n
<|UIG|>qaelaem	q ɛ l ɛ m
<|UIG|>qaendal	q ɛ n d i l
<|UIG|>qaepaez	q ɛ p ɛ z
<|UIG|>kabal	k ɑ b i l
<|UIG|>katwlak	k ɑ t o l i k
<|UIG|>kategwrayae	k ɑ t e ɡ o r i j ɛ
<|UIG|>kadmay	k ɑ d m i j
<|UIG|>kakavu	k ɑ k ɑ w u
<|UIG|>kaltsay	k ɑ l t s i j
<|UIG|>kalla	k ɑ l l ɑ
<|UIG|>kalay	k ɑ l i j
<|UIG|>kamalaet	k ɑ m ɑ l ɛ t
<|UIG|>kavtchuk	k ɑ w t͡ʃ u k
<|UIG|>kramnay	k r i m n i j
<|UIG|>kraptwn	k r i p t o n
<|UIG|>kwr	k o r
<|UIG|>kwrluq	k o r l u q
<|UIG|>kwnsul	k o n s u l
<|UIG|>kat	k i t
<|UIG|>kar	k i r
<|UIG|>karpak	k i r p i k
<|UIG|>karpatch	k i r p i t͡ʃ
<|UIG|>kanw	k i n o
<|UIG|>kapaek	k i p ɛ k
<|UIG|>koez	k ø z
<|UIG|>koeks	k ø k s
<|UIG|>koel	k ø l
<|UIG|>koemaek	k ø m ɛ k
<|UIG|>koeynaek	k ø j n ɛ k
<|UIG|>koepyuk	k ø p y k
<|UIG|>koetch	k ø t͡ʃ
<|UIG|>kutupkhana	k u t u p χ ɑ n ɑ
<|UIG|>kyulpaet	k y l p ɛ t
<|UIG|>kyumyush	k y m y ʃ
<|UIG|>kyun	k y n
<|UIG|>kyup	k y p
<|UIG|>kelaer	k e l ɛ r
<|UIG|>kepal	k e p i l
<|UIG|>ketcha	k e t͡ʃ ɑ
<|UIG|>kaeshnaz	k ɛ ʃ n i z
<|UIG|>kaeshp	k ɛ ʃ p
<|UIG|>kaeklak	k ɛ k l i k
<|UIG|>kaelmaek	k ɛ l m ɛ k
<|UIG|>kaent	k ɛ n t
<|UIG|>kaendar	k ɛ n d i r
<|UIG|>kaeypayat	k ɛ j p i j ɑ t
<|UIG|>kaetchyuryung	k ɛ t͡ʃ y r y ŋ
<|UIG|>kaevsaer	k ɛ w s ɛ r
<|UIG|>lak	l ɑ k
<|UIG|>layaq	l ɑ j i q
<|UIG|>layahae	l ɑ j i h ɛ
<|UIG|>lava	l ɑ w ɑ
<|UIG|>lavrentsay	l ɑ w r e n t s i j
<|UIG|>labas	l i b ɑ s
<|UIG|>lamwnat	l i m o n ɑ t
<|UIG|>langjaen	l i ŋ d͡ʒ ɛ n
<|UIG|>lyutetsay	l j u t e t s i j
<|UIG|>lughaet	l u ʁ ɛ t
<|UIG|>lyutyup	l y t y p
<|UIG|>laezzaet	l ɛ z z ɛ t
<|UIG|>laeqaem	l ɛ q ɛ m
<|UIG|>laenaet	l ɛ n ɛ t
<|UIG|>laep	l ɛ p
<|UIG|>laenggaer	l ɛ ŋ ɡ ɛ r
<|UIG|>mayearap	m ɑ ʔ ɑ r i p
<|UIG|>matka	m ɑ t k ɑ
<|UIG|>majal	m ɑ d͡ʒ ɑ l
<|UIG|>madday	m ɑ d d i j
<|UIG|>maral	m ɑ r ɑ l
<|UIG|>mart	m ɑ r t
<|UIG|>marjan	m ɑ r d͡ʒ ɑ n
<|UIG|>marganetas	m ɑ r ɡ ɑ n e t i s
<|UIG|>maqul	m ɑ q u l
<|UIG|>malayae	m ɑ l i j ɛ
<|UIG|>mamwnt	m ɑ m o n t
<|UIG|>manevar	m ɑ n e w i r
<|UIG|>maymun	m ɑ j m u n
<|UIG|>mavzu	m ɑ w z u
<|UIG|>mwrfan	m o r p i n
<|UIG|>mwlabden	m o l i b d e n
<|UIG|>mas	m i s
<|UIG|>mallaet	m i l l ɛ t
<|UIG|>malyard	m i l j ɑ r t
<|UIG|>mamar	m i m ɑ r
<|UIG|>manguw	m i n ɡ u o
<|UIG|>maneral	m i n e r ɑ l
<|UIG|>mang	m i ŋ
<|UIG|>moeng	m ø ŋ
<|UIG|>muyeamalae	m u ʔ ɑ m i l ɛ
<|UIG|>muyeaezzaem	m u ʔ ɛ z z ɛ m
<|UIG|>muyeaessaesae	m u ʔ ɛ s s ɛ s ɛ
<|UIG|>muyeaellam	m u ʔ ɛ l l i m
<|UIG|>muyeaellap	m u ʔ ɛ l l i p
<|UIG|>mubaraek	m u b ɑ r ɛ k
<|UIG|>mubalaghae	m u b ɑ l i ʁ ɛ
<|UIG|>mutlaeq	m u t l ɛ q
<|UIG|>mutaevaella	m u t ɛ w ɛ l l i
<|UIG|>mukhalap	m u χ ɑ l i p
<|UIG|>mukhtar	m u χ t ɑ r
<|UIG|>mudakhalae	m u d ɑ χ i l ɛ
<|UIG|>muddaet	m u d d ɛ t
<|UIG|>murasam	m u r ɑ s i m
<|UIG|>muraebba	m u r ɛ b b i
<|UIG|>muraekkaep	m u r ɛ k k ɛ p
<|UIG|>muzakarae	m u z ɑ k i r ɛ
<|UIG|>mustaehkaem	m u s t ɛ h k ɛ m
<|UIG|>muskul	m u s k u l
<|UIG|>mushaep	m u ʃ ɛ p
<|UIG|>muqam	m u q ɑ m
<|UIG|>mulazamaet	m u l ɑ z i m ɛ t
<|UIG|>munbaet	m u n b ɛ t
<|UIG|>mupta	m u p t i
<|UIG|>mupaettash	m u p ɛ t t i ʃ
<|UIG|>mupaessael	m u p ɛ s s ɛ l
<|UIG|>muhajar	m u h ɑ d͡ʒ i r
<|UIG|>muhasarae	m u h ɑ s i r ɛ
<|UIG|>muhat	m u h i t
<|UIG|>muvaeppaeqayaet	m u w ɛ p p ɛ q i j ɛ t
<|UIG|>myushkyul	m y ʃ k y l
<|UIG|>myushyuk	m y ʃ y k
<|UIG|>metan	m e t ɑ n
<|UIG|>metrw	m e t r o
<|UIG|>mehnaet	m e h n ɛ t
<|UIG|>maebud	m ɛ b u t
<|UIG|>maetbuyeat	m ɛ t b u ʔ ɑ t
<|UIG|>maejlas	m ɛ d͡ʒ l i s
<|UIG|>maekhluq	m ɛ χ l u q
<|UIG|>maekhmur	m ɛ χ m u r
<|UIG|>maedrasae	m ɛ d r i s ɛ
<|UIG|>maerkaez	m ɛ r k ɛ z
<|UIG|>maerhum	m ɛ r h u m
<|UIG|>maezmun	m ɛ z m u n
<|UIG|>maezhaep	m ɛ z h ɛ p
<|UIG|>maeskharae	m ɛ s χ i r ɛ
<|UIG|>maeslaek	m ɛ s l ɛ k
<|UIG|>maesah	m ɛ s i h
<|UIG|>maesaelaen	m ɛ s ɛ l ɛ n
<|UIG|>maeshraep	m ɛ ʃ r ɛ p
<|UIG|>maeshghulat	m ɛ ʃ ʁ u l ɑ t
<|UIG|>maeshvaeraet	m ɛ ʃ w ɛ r ɛ t
<|UIG|>maeghlubayaet	m ɛ ʁ l u b i j ɛ t
<|UIG|>maeqyeaet	m ɛ q ʔ ɛ t
<|UIG|>maeqsaet	m ɛ q s ɛ t
<|UIG|>maektup	m ɛ k t u p
<|UIG|>maemnun	m ɛ m n u n
<|UIG|>maemur	m ɛ m u r
<|UIG|>maenqulat	m ɛ n q u l ɑ t
<|UIG|>maenpaeyeaet	m ɛ n p ɛ ʔ ɛ t
<|UIG|>maeydan	m ɛ j d ɑ n
<|UIG|>maehbus	m ɛ h b u s
<|UIG|>maehsul	m ɛ h s u l
<|UIG|>maehkaem	m ɛ h k ɛ m
<|UIG|>maevsum	m ɛ w s u m
<|UIG|>maevsyum	m ɛ w s y m
<|UIG|>nayealaj	n ɑ ʔ i l ɑ d͡ʒ
<|UIG|>nayeap	n ɑ ʔ i p
<|UIG|>nayeusta	n ɑ ʔ u s t ɑ
<|UIG|>natray	n ɑ t r i j
<|UIG|>nakhsha	n ɑ χ ʃ ɑ
<|UIG|>nadan	n ɑ d ɑ n
<|UIG|>nazaraet	n ɑ z ɑ r ɛ t
<|UIG|>namaz	n ɑ m ɑ z
<|UIG|>namaqul	n ɑ m ɑ q u l
<|UIG|>namae	n ɑ m ɛ
<|UIG|>namaelum	n ɑ m ɛ l u m
<|UIG|>nan	n ɑ n
<|UIG|>napak	n ɑ p ɑ k
<|UIG|>nwbelay	n o b e l i j
<|UIG|>nwrmal	n o r m ɑ l
<|UIG|>najat	n i d͡ʒ ɑ t
<|UIG|>najasaet	n i d͡ʒ ɑ s ɛ t
<|UIG|>nasbaet	n i s b ɛ t
<|UIG|>naspay	n i s p i j
<|UIG|>nakel	n i k e l
<|UIG|>nawbay	n i o b i j
<|UIG|>nagar	n i ɡ ɑ r
<|UIG|>noelantcha	n ø l i n t͡ʃ i
<|UIG|>noevaet	n ø w ɛ t
<|UIG|>nur	n u r
<|UIG|>nemastchae	n e m i s t͡ʃ ɛ
<|UIG|>neytrwn	n e j t r o n
<|UIG|>naeba	n ɛ b i
<|UIG|>naesar	n ɛ s i r
<|UIG|>naesal	n ɛ s i l
<|UIG|>naeshr	n ɛ ʃ r
<|UIG|>naeqlayat	n ɛ q l i j ɑ t
<|UIG|>naey	n ɛ j
<|UIG|>naepraet	n ɛ p r ɛ t
<|UIG|>naeps	n ɛ p s
<|UIG|>naepaes	n ɛ p ɛ s
<|UIG|>naepaeqae	n ɛ p ɛ q ɛ
<|UIG|>yakhsha	j ɑ χ ʃ i
<|UIG|>yakhshamusaz	j ɑ χ ʃ i m u s i z
<|UIG|>yadakar	j ɑ d i k ɑ r
<|UIG|>yar	j ɑ r
<|UIG|>yara	j ɑ r ɑ
<|UIG|>yazmaq	j ɑ z m ɑ q
<|UIG|>yastuq	j ɑ s t u q
<|UIG|>yaq	j ɑ q
<|UIG|>yaqmaq	j ɑ q m ɑ q
<|UIG|>yaqut	j ɑ q u t
<|UIG|>yalghan	j ɑ l ʁ ɑ n
<|UIG|>yanmaq	j ɑ n m ɑ q
<|UIG|>yanvar	j ɑ n w ɑ r
<|UIG|>yangaq	j ɑ ŋ ɑ q
<|UIG|>yangyu	j ɑ ŋ j u
<|UIG|>yagaw	j ɑ ɡ ɑ o
<|UIG|>yavuz	j ɑ w u z
<|UIG|>yatam	j i t i m
<|UIG|>yaraqlaq	j i r ɑ q l i q
<|UIG|>yalak	j i l i k
<|UIG|>yangnae	j i ŋ n ɛ
<|UIG|>yutquntchaq	j u t q u n t͡ʃ ɑ q
<|UIG|>yultuz	j u l t u z
<|UIG|>yummaq	j u m m ɑ q
<|UIG|>yupqa	j u p q ɑ
<|UIG|>yung	j u ŋ
<|UIG|>yyutmaek	j y t m ɛ k
<|UIG|>yyuz	j y z
<|UIG|>yyusyup	j y s y p
<|UIG|>yetaersaz	j e t ɛ r s i z
<|UIG|>yeqalghu	j e q i l ʁ u
<|UIG|>yepashmaq	j e p i ʃ m ɑ q
<|UIG|>yengalaq	j e ŋ i l i q
<|UIG|>yevrwpay	j e w r o p i j
<|UIG|>yaekyun	j ɛ k y n
<|UIG|>yael	j ɛ l
<|UIG|>yaelkaen	j ɛ l k ɛ n
<|UIG|>yaena	j ɛ n i
<|UIG|>yaehuda	j ɛ h u d i
<|UIG|>pajar	p ɑ d͡ʒ i r
<|UIG|>parasaet	p ɑ r ɑ s ɛ t
<|UIG|>parakaendae	p ɑ r ɑ k ɛ n d ɛ
<|UIG|>parlaq	p ɑ r l ɑ q
<|UIG|>partchalamaq	p ɑ r t͡ʃ i l i m ɑ q
<|UIG|>pasaq	p ɑ s i q
<|UIG|>paqa	p ɑ q ɑ
<|UIG|>pakaz	p ɑ k i z
<|UIG|>pal	p ɑ l
<|UIG|>panay	p ɑ n i j
<|UIG|>paytaekht	p ɑ j t ɛ χ t
<|UIG|>payda	p ɑ j d ɑ
<|UIG|>pahashae	p ɑ h i ʃ ɛ
<|UIG|>prwfesswr	p r o p e s s o r
<|UIG|>pwrazewdam	p o r ɑ z e o d i m
<|UIG|>pat	p i t
<|UIG|>palan	p i l ɑ n
<|UIG|>pangavan	p i n ɡ i w i n
<|UIG|>panhan	p i n h ɑ n
<|UIG|>putbwl	p u t b o l
<|UIG|>pushayman	p u ʃ ɑ j m ɑ n
<|UIG|>pul	p u l
<|UIG|>peqar	p e q i r
<|UIG|>paekhra	p ɛ χ r i
<|UIG|>paerz	p ɛ r z
<|UIG|>paera	p ɛ r i
<|UIG|>paerashtae	p ɛ r i ʃ t ɛ
<|UIG|>paeryat	p ɛ r j ɑ t
<|UIG|>paerhaz	p ɛ r h i z
<|UIG|>paeraezay	p ɛ r ɛ z i j
<|UIG|>paesah	p ɛ s i h
<|UIG|>paeqaet	p ɛ q ɛ t
<|UIG|>paen	p ɛ n
<|UIG|>paenjab	p ɛ n d͡ʒ ɑ p
<|UIG|>tcharaek	t͡ʃ ɑ r ɛ k
<|UIG|>tchwka	t͡ʃ o k ɑ
<|UIG|>tchwlpan	t͡ʃ o l p ɑ n
<|UIG|>tcharaq	t͡ʃ i r ɑ q
<|UIG|>tchaqmaq	t͡ʃ i q m ɑ q
<|UIG|>tchakaetkae	t͡ʃ i k ɛ t k ɛ
<|UIG|>tchetchaek	t͡ʃ e t͡ʃ ɛ k
<|UIG|>tchaekmaek	t͡ʃ ɛ k m ɛ k
<|UIG|>jandarma	ʒ ɑ n d ɑ r m ɑ
<|UIG|>janar	ʒ ɑ n i r
<|UIG|>jurnal	ʒ u r n ɑ l
<|UIG|>gabardan	ɡ ɑ b ɑ r d i n
<|UIG|>gadwlanay	ɡ ɑ d o l i n i j
<|UIG|>gangpaen	ɡ ɑ ŋ p ɛ n
<|UIG|>gwya	ɡ o j ɑ
<|UIG|>garanat	ɡ i r ɑ n i t
<|UIG|>garap	ɡ i r i p
<|UIG|>gayah	ɡ i j ɑ h
<|UIG|>guangsha	ɡ u ɑ ŋ ʃ i
<|UIG|>guruh	ɡ u r u h
<|UIG|>gyullaer	ɡ y l l ɛ r
<|UIG|>gaedaen	ɡ ɛ d ɛ n
<|UIG|>haja	h ɑ d͡ʒ i
<|UIG|>hadasae	h ɑ d i s ɛ
<|UIG|>hazarqa	h ɑ z i r q i
<|UIG|>haya	h ɑ j ɑ
<|UIG|>hava	h ɑ w ɑ
<|UIG|>havz	h ɑ w z
<|UIG|>haylae	h i j l ɛ
<|UIG|>hoejjaet	h ø d͡ʒ d͡ʒ ɛ t
<|UIG|>hoekyum	h ø k y m
<|UIG|>hessay	h e s s i j
<|UIG|>hekayae	h e k ɑ j ɛ
<|UIG|>haeb	h ɛ p
<|UIG|>haebaesh	h ɛ b ɛ ʃ
<|UIG|>haejam	h ɛ d͡ʒ i m
<|UIG|>haerbay	h ɛ r b i j
<|UIG|>haeqar	h ɛ q i r
<|UIG|>haeqaqaetaen	h ɛ q i q ɛ t ɛ n
<|UIG|>haeptae	h ɛ p t ɛ
<|UIG|>haevaeskar	h ɛ w ɛ s k ɑ r
<|UIG|>varaq	w ɑ r ɑ q
<|UIG|>varas	w ɑ r i s
<|UIG|>vaz	w ɑ z
<|UIG|>vapa	w ɑ p ɑ
<|UIG|>velanemaet	w e l i n e m ɛ t
<|UIG|>vaesayaet	w ɛ s i j ɛ t
<|UIG|>vaeqae	w ɛ q ɛ
<|UIG|>vaelsapat	w ɛ l s i p i t
<|UIG|>vaehshaet	w ɛ h ʃ ɛ t
