<|BUL|>holandski	x o ɫ a n t s kʲ i
<|BUL|>bratash	b r ɐ t a ʃ
<|BUL|>ovlastitelen	o v ɫ ɐ s t i t ɛ lʲ ɛ n
<|BUL|>salamandăr	s ɐ ɫ ɐ m a n d ɐ r
<|BUL|>legla	lʲ ɛ ɡ ɫ a
<|BUL|>lakăt	ɫ a k ɐ t
<|BUL|>lipa	lʲ i p a
<|BUL|>săzra	s ɐ z r ɤ
<|BUL|>săstoyanie	s ɐ s t o j a n i ɛ
<|BUL|>vikam	v i k ɐ m
<|BUL|>hidroelektrichen	xʲ i d r o ɛ lʲ ɛ k t r i t͡ʃ ɛ n
<|BUL|>diona	d i ɔ n ɐ
<|BUL|>săbudya	s ɐ b u dʲ ɐ
<|BUL|>homoseksualistka	x ɔ m o s ɛ k s u ɐ lʲ i s k ɐ
<|BUL|>moreletnik	m o r ɛ lʲ ɛ t n i k
<|BUL|>panpsihizăm	p ɐ n p s i xʲ i z ɐ m
<|BUL|>abanos	ɐ b ɐ n ɔ s
<|BUL|>koi	k o i
<|BUL|>ulitsa	u lʲ i t͡s ɐ
<|BUL|>vashta	v a ʃ t ɐ
<|BUL|>turkmenistan	t u r k m ɛ n i s t a n
<|BUL|>kăzhlitsa	k ɐ ʒ lʲ i t͡s ɐ
<|BUL|>bida	b i d ɐ
<|BUL|>materiya	m ɐ t ɛ r i j ɐ
<|BUL|>uzakonyavaha	u z ɐ k o nʲ a v ɐ x ɐ
<|BUL|>zryan	z rʲ a n
<|BUL|>lavka	ɫ a f k ɐ
<|BUL|>andora	ɐ n d ɔ r ɐ
<|BUL|>strămnina	s t r ɐ m n i n a
<|BUL|>rabotilnitsa	r ɐ b o t i ɫ n i t͡s ɐ
<|BUL|>săobshtavam	s ɐ o p ʃ t a v ɐ m
<|BUL|>vărhu	v ɐ r x u
<|BUL|>săvetvam	s ɐ v ɛ t v ɐ m
<|BUL|>draka	d r a k ɐ
<|BUL|>tseziy	t͡s ɛ z i
<|BUL|>nachalo	n ɐ t͡ʃ a ɫ o
<|BUL|>proteka	p r o t ɛ k ɤ
<|BUL|>parizh	p ɐ r i ʃ
<|BUL|>primiram	p r i m i r ɐ m
<|BUL|>galba	ɡ ɐ ɫ b a
<|BUL|>shtiritsa	ʃ t i r i t͡s ɐ
<|BUL|>văstanie	v ɐ s t a n i ɛ
<|BUL|>hudozhnik	x u d ɔ ʒ n i k
<|BUL|>doverchiv	d o v ɛ r t͡ʃ i f
<|BUL|>cheshma	t͡ʃ ɛ ʃ m a
<|BUL|>uspeh	u s p ɛ x
<|BUL|>kateritsa	k a t ɛ r i t͡s ɐ
<|BUL|>trepetlika	t r ɛ p ɛ t lʲ i k ɐ
<|BUL|>vidra	v i d r ɐ
<|BUL|>vrabche	v r ɐ p t͡ʃ ɛ
<|BUL|>svetlosyanka	s v ɛ t ɫ o sʲ a n k ɐ
<|BUL|>shtastie	ʃ t a s t i ɛ
<|BUL|>zhivot	ʒ i v ɔ t
<|BUL|>prostitutka	p r o s t i t u t k ɐ
<|BUL|>krehăk	k r ɛ x ɐ k
<|BUL|>sivkav	s i f k ɐ f
<|BUL|>model	m o d ɛ ɫ
<|BUL|>lipăk	lʲ i p ɐ k
<|BUL|>sluchaen	s ɫ u t͡ʃ ɐ ɛ n
<|BUL|>aromaten	ɐ r o m a t ɛ n
<|BUL|>mărzel	m ɤ r z ɛ ɫ
<|BUL|>koe	k o ɛ
<|BUL|>platya	p ɫ ɐ tʲ ɤ
<|BUL|>tserber	t͡s ɛ r b ɛ r
<|BUL|>pechalen	p ɛ t͡ʃ a lʲ ɛ n
<|BUL|>braniya	b r a n i j ɐ
<|BUL|>părvi	p ɤ r v i
<|BUL|>zarist	z ɐ r i s t
<|BUL|>albaniya	ɐ ɫ b a n i j ɐ
<|BUL|>vărsha	v ɐ r ʃ a
<|BUL|>zanimaya	z ɐ n i m a j ɐ
<|BUL|>abdikiraliya	ɐ b d i kʲ i r ɐ lʲ i j ɐ
<|BUL|>ama	a m ɐ
<|BUL|>kak	k a k
<|BUL|>dekemvri	d ɛ kʲ ɛ m v r i
<|BUL|>zabozhdam	z ɐ b ɔ ʒ d ɐ m
<|BUL|>minsk	m i n s k
<|BUL|>izpeya	i s p ɛ j ɐ
<|BUL|>streme	s t r ɛ m ɛ
<|BUL|>absolyuten	ɐ p s o lʲ u t ɛ n
<|BUL|>selektsionen	s ɛ lʲ ɛ k t͡s i ɔ n ɛ n
<|BUL|>chuvasht	t͡ʃ u v ɐ ʃ t
<|BUL|>slava	s ɫ a v ɐ
<|BUL|>smrad	s m r a t
<|BUL|>hamburger	x a m b u r ɡʲ ɛ r
<|BUL|>krava	k r a v ɐ
<|BUL|>emu	ɛ m u
<|BUL|>muskulen	m u s k u lʲ ɛ n
<|BUL|>lovets	ɫ o v ɛ t͡s
<|BUL|>mrăsen	m r ɤ s ɛ n
<|BUL|>gangster	ɡ a n k s t ɛ r
<|BUL|>kur	k u r
<|BUL|>moyto	m ɔ j t o
<|BUL|>yaven	j a v ɛ n
<|BUL|>nemkinya	n ɛ m kʲ i nʲ ɐ
<|BUL|>svetlana	s v ɛ t ɫ a n ɐ
<|BUL|>opera	ɔ p ɛ r ɐ
<|BUL|>cherkva	t͡ʃ ɛ r k v ɐ
<|BUL|>okolen	o k ɔ lʲ ɛ n
<|BUL|>patkan	p ɐ t k a n
<|BUL|>predstavyam	p r ɛ t s t a vʲ ɐ m
<|BUL|>holmiy	x ɔ ɫ m i
<|BUL|>kakăvto	k ɐ k ɤ f t o
<|BUL|>alka	a ɫ k ɐ
<|BUL|>bizhu	b i ʒ u
<|BUL|>uzakonili	u z ɐ k o n i lʲ i
<|BUL|>sotsialen	s o t͡s i a lʲ ɛ n
<|BUL|>dăh	d ɤ x
<|BUL|>guzhdam	ɡ u ʒ d ɐ m
<|BUL|>izslusham	i s ɫ u ʃ ɐ m
<|BUL|>ezichen	ɛ z i t͡ʃ ɛ n
<|BUL|>vărvite	v ɐ r v i t ɛ
<|BUL|>sklonen	s k ɫ ɔ n ɛ n
<|BUL|>vărvolyak	v ɐ r v o lʲ a k
<|BUL|>tăkan	t ɐ k a n
<|BUL|>ray	r a j
<|BUL|>pankreatit	p ɐ n k r ɛ ɐ t i t
<|BUL|>hladăk	x ɫ a d ɐ k
<|BUL|>dobre	d o b r ɛ
<|BUL|>legalen	lʲ ɛ ɡ a lʲ ɛ n
<|BUL|>alarmen	ɐ ɫ a r m ɛ n
<|BUL|>văzgolyam	v ɐ z ɡ o lʲ a m
<|BUL|>kyuloti	kʲ u ɫ ɔ t i
<|BUL|>hambar	x ɐ m b a r
<|BUL|>zărnest	z ɤ r n ɛ s t
<|BUL|>nos	n ɔ s
<|BUL|>văzsin	v ɐ s s i n
<|BUL|>pobezhdavam	p o b ɛ ʒ d a v ɐ m
<|BUL|>praga	p r a ɡ ɐ
<|BUL|>ednolichen	ɛ d n o lʲ i t͡ʃ ɛ n
<|BUL|>podpisha	p o t p i ʃ ɐ
<|BUL|>visochina	v i s o t͡ʃ i n a
<|BUL|>naredba	n ɐ r ɛ d b ɐ
<|BUL|>praholyak	p r ɐ x o lʲ a k
<|BUL|>zlo	z ɫ ɔ
<|BUL|>kozha	k ɔ ʒ ɐ
<|BUL|>bahăr	b a x ɐ r
<|BUL|>yad	j a t
<|BUL|>kălva	k ɐ ɫ v a
<|BUL|>izdatel	i z d a t ɛ ɫ
<|BUL|>naplastyavane	n ɐ p ɫ ɐ s tʲ a v ɐ n ɛ
<|BUL|>prodam	p r o d a m
<|BUL|>chlenuvana	t͡ʃ lʲ ɛ n u v ɐ n ɐ
<|BUL|>izgreba	i z ɡ r ɛ b ɐ
<|BUL|>dărzhava	d ɐ r ʒ a v ɐ
<|BUL|>izuchaem	i z u t͡ʃ a ɛ m
<|BUL|>koshara	k o ʃ a r ɐ
<|BUL|>peganka	p ɛ ɡ a n k ɐ
<|BUL|>kozharnitsa	k o ʒ a r n i t͡s ɐ
<|BUL|>ikona	i k ɔ n ɐ
<|BUL|>yadyahte	j a dʲ a x t ɛ
<|BUL|>zatvoren	z ɐ t v ɔ r ɛ n
<|BUL|>svoystvo	s v ɔ j s t v o
<|BUL|>abdominalniya	ɐ b d o m i n a ɫ n i j ɐ
<|BUL|>gledam	ɡ lʲ ɛ d ɐ m
<|BUL|>pop	p ɔ p
<|BUL|>istoriya	i s t ɔ r i j ɐ
<|BUL|>povtor	p o f t ɔ r
<|BUL|>danăk	d a n ɐ k
<|BUL|>granata	ɡ r ɐ n a t ɐ
<|BUL|>predpriemach	p r ɛ t p r i ɛ m a t͡ʃ
<|BUL|>katsa	k a t͡s ɐ
<|BUL|>abonamenten	ɐ b o n ɐ m ɛ n t ɛ n
<|BUL|>bekon	b ɛ k ɔ n
<|BUL|>tehnetsiy	t ɛ x n ɛ t͡s i
<|BUL|>kokoshi	k o k ɔ ʃ i
<|BUL|>propast	p r ɔ p ɐ s t
<|BUL|>aviobomba	a v i o b ɔ m b ɐ
<|BUL|>prekalen	p r ɛ k ɐ lʲ ɛ n
<|BUL|>kofa	k ɔ f ɐ
<|BUL|>chiya	t͡ʃ i j a
<|BUL|>vashiya	v a ʃ i j ɐ
<|BUL|>zabelezha	z ɐ b ɛ lʲ ɛ ʒ ɐ
<|BUL|>shtărkel	ʃ t ɤ r kʲ ɛ ɫ
<|BUL|>rezultat	r ɛ z u ɫ t a t
<|BUL|>nerazboriya	n ɛ r ɐ z b o r i j ɐ
<|BUL|>noemvri	n o ɛ m v r i
<|BUL|>pafkam	p a f k ɐ m
<|BUL|>mig	m i k
<|BUL|>siyaehte	s i j a ɛ x t ɛ
<|BUL|>patitsa	p a t i t͡s ɐ
<|BUL|>preda	p r ɛ d ɤ
<|BUL|>dlan	d ɫ a n
<|BUL|>gotov	ɡ ɔ t o f
<|BUL|>bled	b lʲ ɛ t
<|BUL|>vek	v ɛ k
<|BUL|>poilka	p o i ɫ k ɐ
<|BUL|>dosega	d o s ɛ ɡ a
<|BUL|>yadyashtoto	j a dʲ a ʃ t o t o
<|BUL|>izvadya	i z v a dʲ ɐ
<|BUL|>povtorim	p o f t o r i m
<|BUL|>glupost	ɡ ɫ u p o s t
<|BUL|>zavinagi	z ɐ v i n ɐ ɡʲ i
<|BUL|>bărne	b ɐ r n ɛ
<|BUL|>svrachi	s v r a t͡ʃ i
<|BUL|>hidra	xʲ i d r ɐ
<|BUL|>zavivka	z ɐ v i f k ɐ
<|BUL|>chitatelka	t͡ʃ i t a t ɛ ɫ k ɐ
<|BUL|>plen	p lʲ ɛ n
<|BUL|>tsupya	t͡s u pʲ ɐ
<|BUL|>shveytsarski	ʃ v ɛ j t͡s a r s kʲ i
<|BUL|>gadina	ɡ ɐ d i n ɐ
<|BUL|>devoyka	d ɛ v ɔ j k ɐ
<|BUL|>erida	ɛ r i d ɐ
<|BUL|>zryasht	z rʲ a ʃ t
<|BUL|>inakvo	i n a k v o
<|BUL|>deymos	d ɛ j m o s
<|BUL|>sluzha	s ɫ u ʒ ɐ
<|BUL|>nadolu	n ɐ d ɔ ɫ u
<|BUL|>shifăr	ʃ i f ɐ r
<|BUL|>predupredya	p r ɛ d u p r ɛ dʲ ɤ
<|BUL|>karti	k a r t i
<|BUL|>ishtay	i ʃ t a j
<|BUL|>sreda	s r ɛ d a
<|BUL|>bulyak	b u lʲ ɐ k
<|BUL|>stoya	s t o j ɤ
<|BUL|>văzhishtenie	v ɐ s xʲ i ʃ t ɛ n i ɛ
<|BUL|>yala	j a ɫ ɐ
<|BUL|>prust	p r u s t
<|BUL|>volfram	v ɔ ɫ f r ɐ m
<|BUL|>premyana	p r ɛ mʲ a n ɐ
<|BUL|>kaval	k ɐ v a ɫ
<|BUL|>yurod	j u r o t
<|BUL|>bliya	b lʲ i j ɐ
<|BUL|>rog	r ɔ k
<|BUL|>tuhla	t u x ɫ ɐ
<|BUL|>mechok	m ɛ t͡ʃ ɔ k
<|BUL|>neka	n ɛ k ɐ
<|BUL|>zritel	z r i t ɛ ɫ
<|BUL|>apologet	ɐ p o ɫ o ɡʲ ɛ t
<|BUL|>pochti	p o t͡ʃ t i
<|BUL|>tehnichen	t ɛ x n i t͡ʃ ɛ n
<|BUL|>anarhiya	ɐ n a r xʲ i j ɐ
<|BUL|>svra	s v r ɤ
<|BUL|>indiy	i n d i
<|BUL|>supermarket	s u p ɛ r m a r kʲ ɛ t
<|BUL|>mech	m ɛ t͡ʃ
<|BUL|>paresht	p a r ɛ ʃ t
<|BUL|>rusaliya	r u s a lʲ i j ɐ
<|BUL|>shtene	ʃ t ɛ n ɛ
<|BUL|>zarezhdam	z ɐ r ɛ ʒ d ɐ m
<|BUL|>drozen	d r ɔ z ɛ n
<|BUL|>tăpochovka	t ɐ p o t͡ʃ ɔ f k ɐ
<|BUL|>otnesa	o t n ɛ s ɤ
<|BUL|>govno	ɡ o v n ɔ
<|BUL|>haramiya	x ɐ r ɐ m i j ɐ
<|BUL|>vashe	v a ʃ ɛ
<|BUL|>abstrakten	ɐ p s t r a k t ɛ n
<|BUL|>zreshe	z r ɛ ʃ ɛ
<|BUL|>tvorya	t v o rʲ a
<|BUL|>spomnya	s p ɔ m nʲ ɐ
<|BUL|>pankreas	p a n k r ɛ ɐ s
<|BUL|>dărvolazka	d ɐ r v o ɫ a s k ɐ
<|BUL|>pek	p ɛ k
<|BUL|>chutura	t͡ʃ u t u r ɐ
<|BUL|>dăhna	d ɤ x n ɐ
<|BUL|>naselenie	n ɐ s ɛ lʲ ɛ n i ɛ
<|BUL|>săk	s ɤ k
<|BUL|>apologiya	ɐ p o ɫ ɔ ɡʲ i j ɐ
<|BUL|>ton	t ɔ n
<|BUL|>keramika	kʲ ɛ r a m i k ɐ
<|BUL|>biloto	b i ɫ o t o
<|BUL|>treva	t r ɛ v a
<|BUL|>dokazatelstvo	d o k ɐ z a t ɛ ɫ s t v o
<|BUL|>absorbiraniya	ɐ p s o r b i r ɐ n i j ɐ
<|BUL|>sladko	s ɫ a t k o
<|BUL|>otdelen	o d d ɛ lʲ ɛ n
<|BUL|>stihiya	s t i xʲ i j ɐ
<|BUL|>chiito	t͡ʃ i i t o
<|BUL|>prolom	p r o ɫ ɔ m
<|BUL|>lider	lʲ i d ɛ r
<|BUL|>doticham	d o t i t͡ʃ ɐ m
<|BUL|>digna	d i ɡ n ɐ
<|BUL|>net	n ɛ t
<|BUL|>kakadu	k ɐ k ɐ d u
<|BUL|>tekstilen	t ɛ k s t i lʲ ɛ n
<|BUL|>obsăzhdam	o p s ɤ ʒ d ɐ m
<|BUL|>kormoran	k o r m o r a n
<|BUL|>mestnost	m ɛ s n o s t
<|BUL|>chlenuvam	t͡ʃ lʲ ɛ n u v ɐ m
<|BUL|>taros	t a r o s
<|BUL|>nebesa	n ɛ b ɛ s a
<|BUL|>anketen	ɐ n kʲ ɛ t ɛ n
<|BUL|>imala	i m a ɫ ɐ
<|BUL|>vnezapen	v n ɛ z a p ɛ n
<|BUL|>kongres	k o n ɡ r ɛ s
<|BUL|>pepelyav	p ɛ p ɛ lʲ a f
<|BUL|>avgust	a v ɡ u s t
<|BUL|>gyaur	ɡʲ ɐ u r
<|BUL|>stărga	s t ɤ r ɡ ɐ
<|BUL|>sofiyski	s o f i s kʲ i
<|BUL|>neopredelen	n ɛ o p r ɛ d ɛ lʲ ɛ n
<|BUL|>kaygana	k ɐ j ɡ ɐ n a
<|BUL|>shveytsarka	ʃ v ɛ j t͡s a r k ɐ
<|BUL|>zaplitam	z ɐ p lʲ i t ɐ m
<|BUL|>letya	lʲ ɛ tʲ a
<|BUL|>zărnen	z ɤ r n ɛ n
<|BUL|>martenitsa	m a r t ɛ n i t͡s ɐ
<|BUL|>srednovekovie	s r ɛ d n o v ɛ k ɔ v i ɛ
<|BUL|>gradus	ɡ r a d u s
<|BUL|>otvor	o t v ɔ r
<|BUL|>proklitichen	p r o k lʲ i t i t͡ʃ ɛ n
<|BUL|>chuya	t͡ʃ u j ɐ
<|BUL|>zrak	z r a k
<|BUL|>mirta	m i r t ɐ
<|BUL|>mart	m a r t
<|BUL|>napeka	n ɐ p ɛ k ɤ
<|BUL|>karam	k a r ɐ m
<|BUL|>palav	p a ɫ ɐ f
<|BUL|>zashivam	z ɐ ʃ i v ɐ m
<|BUL|>shum	ʃ u m
<|BUL|>nakazhe	n ɐ k a ʒ ɛ
<|BUL|>upravitelen	u p r a v i t ɛ lʲ ɛ n
<|BUL|>avtobiografichno	ɐ f t o b i o ɡ r ɐ f i t͡ʃ n o
<|BUL|>lăzhi	ɫ ɐ ʒ i
<|BUL|>pokazvam	p o k a z v ɐ m
<|BUL|>kărtitsa	k ɐ r t i t͡s ɐ
<|BUL|>yuzhnyachka	j u ʒ nʲ a t͡ʃ k ɐ
<|BUL|>obărna	o b ɤ r n ɐ
<|BUL|>zor	z ɔ r
<|BUL|>grad	ɡ r a t
<|BUL|>obesvam	o b ɛ s v ɐ m
<|BUL|>zyarvam	zʲ a r v ɐ m
<|BUL|>ruse	r u s ɛ
<|BUL|>biografichen	b i o ɡ r ɐ f i t͡ʃ ɛ n
<|BUL|>chestvam	t͡ʃ ɛ s t v ɐ m
<|BUL|>vrăst	v r ɤ s t
<|BUL|>splav	s p ɫ a f
<|BUL|>gurgulitsa	ɡ u r ɡ u lʲ i t͡s ɐ
<|BUL|>namaka	n ɐ m a k ɐ
<|BUL|>protivorechiv	p r o t i v o r ɛ t͡ʃ i f
<|BUL|>kufar	k u f ɐ r
<|BUL|>parfyum	p ɐ r fʲ u m
<|BUL|>den	d ɛ n
<|BUL|>spya	s pʲ ɤ
<|BUL|>zateka	z ɐ t ɛ k ɤ
<|BUL|>korist	k ɔ r i s t
<|BUL|>azot	ɐ z ɔ t
<|BUL|>teatăr	t ɛ a t ɐ r
<|BUL|>gemiya	ɡʲ ɛ m i j ɐ
<|BUL|>predpolagam	p r ɛ t p o ɫ a ɡ ɐ m
<|BUL|>mishtsa	m i ʃ t͡s ɐ
<|BUL|>peka	p ɛ k ɤ
<|BUL|>instinkt	i n s t i n k t
<|BUL|>vestnik	v ɛ s n i k
<|BUL|>abstsisa	ɐ p s t͡s i s ɐ
<|BUL|>pigmenten	p i ɡ m ɛ n t ɛ n
<|BUL|>svalyam	s v a lʲ ɐ m
<|BUL|>laska	ɫ a s k ɐ
<|BUL|>kimna	kʲ i m n ɐ
<|BUL|>pasoh	p a s o x
<|BUL|>dizya	d i zʲ ɐ
<|BUL|>rodnina	r o d n i n ɐ
<|BUL|>paket	p ɐ kʲ ɛ t
<|BUL|>boginya	b o ɡʲ i nʲ ɐ
<|BUL|>shtyahme	ʃ tʲ a x m ɛ
<|BUL|>islandski	i s ɫ a n t s kʲ i
<|BUL|>zhuzhel	ʒ u ʒ ɛ ɫ
<|BUL|>feniks	f ɛ n i k s
<|BUL|>hirurgicheski	xʲ i r u r ɡʲ i t͡ʃ ɛ s kʲ i
<|BUL|>imahte	i m a x t ɛ
<|BUL|>aps	a p s
<|BUL|>măgla	m ɐ ɡ ɫ a
<|BUL|>tămnitsa	t ɐ m n i t͡s ɐ
<|BUL|>avliya	ɐ v lʲ i j ɐ
<|BUL|>stava	s t a v ɐ
<|BUL|>indikativen	i n d i k ɐ t i v ɛ n
<|BUL|>vzriven	v z r i v ɛ n
<|BUL|>luk	ɫ u k
<|BUL|>burgas	b u r ɡ a s
<|BUL|>nagriza	n ɐ ɡ r i z ɐ
<|BUL|>drehi	d r ɛ xʲ i
<|BUL|>tokachka	t o k a t͡ʃ k ɐ
<|BUL|>molya	m ɔ lʲ ɐ
<|BUL|>bălha	b ɐ ɫ x a
<|BUL|>osnovatelnost	o s n o v a t ɛ ɫ n o s t
<|BUL|>zashto	z ɐ ʃ t ɔ
<|BUL|>bregăt	b r ɛ ɡ ɤ t
<|BUL|>kubik	k u b i k
<|BUL|>strog	s t r ɔ k
<|BUL|>cherta	t͡ʃ ɛ r t a
<|BUL|>kotka	k ɔ t k ɐ
<|BUL|>uzakonyah	u z ɐ k o nʲ a x
<|BUL|>soy	s ɔ j
<|BUL|>yurgan	j u r ɡ a n
<|BUL|>ostrie	o s t r i ɛ
<|BUL|>mryashtoto	m rʲ a ʃ t o t o
<|BUL|>ledovit	lʲ ɛ d o v i t
<|BUL|>konkreten	k o n k r ɛ t ɛ n
<|BUL|>ogromen	o ɡ r ɔ m ɛ n
<|BUL|>maham	m a x ɐ m
<|BUL|>razlog	r ɐ z ɫ ɔ k
<|BUL|>arka	a r k ɐ
<|BUL|>lava	ɫ a v ɐ
<|BUL|>mushitrănka	m u ʃ i t r ɤ n k ɐ
<|BUL|>dripav	d r i p ɐ f
<|BUL|>iztrebya	i s t r ɛ bʲ ɐ
<|BUL|>uzakonyavashe	u z ɐ k o nʲ a v ɐ ʃ ɛ
<|BUL|>uzakonyavat	u z ɐ k o nʲ a v ɐ t
<|BUL|>aviatsionen	a v i ɐ t͡s i ɔ n ɛ n
<|BUL|>uzakonenite	u z ɐ k o n ɛ n i t ɛ
<|BUL|>ofis	ɔ f i s
<|BUL|>pryam	p rʲ a m
<|BUL|>zavisim	z ɐ v i s i m
<|BUL|>puyka	p u j k ɐ
<|BUL|>shestvie	ʃ ɛ s t v i ɛ
<|BUL|>trăgna	t r ɐ ɡ n a
<|BUL|>operatsiya	o p ɛ r a t͡s i j ɐ
<|BUL|>nadonesa	n ɐ d o n ɛ s ɤ
<|BUL|>orădie	o r ɤ d i ɛ
<|BUL|>prodavam	p r o d a v ɐ m
<|BUL|>bezsmărten	b ɛ s s m ɤ r t ɛ n
<|BUL|>solen	s o lʲ ɛ n
<|BUL|>uhapete	u x a p ɛ t ɛ
<|BUL|>arestuvahme	a r ɛ s t u v a x m ɛ
<|BUL|>spătnik	s p ɤ t n i k
<|BUL|>dolar	d ɔ ɫ ɐ r
<|BUL|>zhertva	ʒ ɛ r t v ɐ
<|BUL|>padina	p ɐ d i n a
<|BUL|>zabranyavam	z ɐ b r ɐ nʲ a v ɐ m
<|BUL|>doprinasyam	d o p r i n a sʲ ɐ m
<|BUL|>litiy	lʲ i t i
<|BUL|>gradovete	ɡ r ɐ d o v ɛ t ɛ
<|BUL|>trudno	t r u d n o
<|BUL|>fizichen	f i z i t͡ʃ ɛ n
<|BUL|>otpushtam	o t p u ʃ t ɐ m
<|BUL|>tuk	t u k
<|BUL|>vashto	v a ʃ t o
<|BUL|>osven	o s v ɛ n
<|BUL|>bozhe	b ɔ ʒ ɛ
<|BUL|>svităk	s v i t ɐ k
<|BUL|>stranen	s t r a n ɛ n
<|BUL|>skvoze	s k v ɔ z ɛ
<|BUL|>osnovatelno	o s n o v a t ɛ ɫ n o
<|BUL|>kădelya	k ɐ d ɛ lʲ ɐ
<|BUL|>reka	r ɛ k a
<|BUL|>u	u
<|BUL|>săedinitel	s ɐ ɛ d i n i t ɛ ɫ
<|BUL|>gorest	ɡ ɔ r ɛ s t
<|BUL|>otnovo	o t n ɔ v o
<|BUL|>dvorets	d v o r ɛ t͡s
<|BUL|>chăk	t͡ʃ ɤ k
<|BUL|>boets	b o ɛ t͡s
<|BUL|>dilyanka	d i lʲ a n k ɐ
<|BUL|>chetiri	t͡ʃ ɛ t i r i
<|BUL|>zatrese	z ɐ t r ɛ s ɛ
<|BUL|>maniak	m ɐ n i a k
<|BUL|>izkovavam	i s k o v a v ɐ m
<|BUL|>ekip	ɛ kʲ i p
<|BUL|>adet	ɐ d ɛ t
<|BUL|>fabrika	f a b r i k ɐ
<|BUL|>zakonen	z ɐ k ɔ n ɛ n
<|BUL|>pomolvam	p o m ɔ ɫ v ɐ m
<|BUL|>bivam	b i v ɐ m
<|BUL|>uchitelski	u t͡ʃ i t ɛ ɫ s kʲ i
<|BUL|>otves	o t v ɛ s
<|BUL|>takava	t ɐ k a v ɐ
<|BUL|>prozorche	p r o z ɔ r t͡ʃ ɛ
<|BUL|>britaniya	b r i t a n i j ɐ
<|BUL|>kostnitsa	k ɔ s n i t͡s ɐ
<|BUL|>kozhuh	k o ʒ u x
<|BUL|>avarski	ɐ v a r s kʲ i
<|BUL|>bădi	b ɐ d i
<|BUL|>pari	p a r i
<|BUL|>knizhen	k n i ʒ ɛ n
<|BUL|>gadoliniy	ɡ ɐ d o lʲ i n i
<|BUL|>tvoyto	t v ɔ j t o
<|BUL|>zaema	z ɐ ɛ m ɐ
<|BUL|>glas	ɡ ɫ a s
<|BUL|>edinitsa	ɛ d i n i t͡s ɐ
<|BUL|>stilistka	s t i lʲ i s k ɐ
<|BUL|>pate	p a t ɛ
<|BUL|>irlandski	i r ɫ a n t s kʲ i
<|BUL|>deponenten	d ɛ p o n ɛ n t ɛ n
<|BUL|>tayna	t a j n ɐ
<|BUL|>kupi	k u p i
<|BUL|>virus	v i r u s
<|BUL|>lamarinen	ɫ ɐ m ɐ r i n ɛ n
<|BUL|>belezhit	b ɛ lʲ ɛ ʒ i t
<|BUL|>ekspeditsiya	ɛ k s p ɛ d i t͡s i j ɐ
<|BUL|>lyubov	lʲ u b ɔ f
<|BUL|>tants	t a n t͡s
<|BUL|>grazhdanski	ɡ r a ʒ d ɐ n s kʲ i
<|BUL|>entsiklopediya	ɛ n t͡s i k ɫ o p ɛ d i j ɐ
<|BUL|>antre	ɐ n t r ɛ
<|BUL|>shiboy	ʃ i b ɔ j
<|BUL|>pochva	p o t͡ʃ v a
<|BUL|>venera	v ɛ n ɛ r ɐ
<|BUL|>alen	a lʲ ɛ n
<|BUL|>avantyuristicheski	ɐ v ɐ n tʲ u r i s t i t͡ʃ ɛ s kʲ i
<|BUL|>svoyto	s v ɔ j t o
<|BUL|>kalay	k ɐ ɫ a j
<|BUL|>sataninski	s ɐ t ɐ n i n s kʲ i
<|BUL|>elementaren	ɛ lʲ ɛ m ɛ n t a r ɛ n
<|BUL|>yak	j a k
<|BUL|>prochut	p r o t͡ʃ u t
<|BUL|>pristoen	p r i s t ɔ ɛ n
<|BUL|>pismo	p i s m ɔ
<|BUL|>uzakoniloto	u z ɐ k o n i ɫ o t o
<|BUL|>aligator	ɐ lʲ i ɡ a t o r
<|BUL|>văorăzhavam	v ɐ o r ɐ ʒ a v ɐ m
<|BUL|>poluostrov	p o ɫ u ɔ s t r o f
<|BUL|>konop	k o n ɔ p
<|BUL|>podchertavam	p o t t͡ʃ ɛ r t a v ɐ m
<|BUL|>prechupvam	p r ɛ t͡ʃ u p v ɐ m
<|BUL|>lebeditsa	lʲ ɛ b ɛ d i t͡s ɐ
<|BUL|>filosofiya	f i ɫ o s ɔ f i j ɐ
<|BUL|>poluvreme	p o ɫ u v r ɛ m ɛ
<|BUL|>kino	kʲ i n o
<|BUL|>registratsionen	r ɛ ɡʲ i s t r ɐ t͡s i ɔ n ɛ n
<|BUL|>lyubopiten	lʲ u b o p i t ɛ n
<|BUL|>zhaba	ʒ a b ɐ
<|BUL|>roditelen	r o d i t ɛ lʲ ɛ n
<|BUL|>maytneriy	m ɐ j t n ɛ r i
<|BUL|>igriv	i ɡ r i f
<|BUL|>chuzhdenets	t͡ʃ u ʒ d ɛ n ɛ t͡s
<|BUL|>izvikam	i z v i k ɐ m
<|BUL|>otdel	o d d ɛ ɫ
<|BUL|>zhăltenikav	ʒ ɐ ɫ t ɛ n i k ɐ f
<|BUL|>nikta	n i k t ɐ
<|BUL|>chushle	t͡ʃ u ʃ lʲ ɛ
<|BUL|>yadyashto	j a dʲ a ʃ t o
<|BUL|>imate	i m ɐ t ɛ
<|BUL|>monako	m o n a k o
<|BUL|>vid	v i t
<|BUL|>falshiv	f ɐ ɫ ʃ i f
<|BUL|>vodorod	v o d o r ɔ t
<|BUL|>limoni	lʲ i m ɔ n i
<|BUL|>terbiy	t ɛ r b i
<|BUL|>doyda	d ɔ j d ɐ
<|BUL|>razpredelenie	r ɐ s p r ɛ d ɛ lʲ ɛ n i ɛ
<|BUL|>bruya	b r u j ɐ
<|BUL|>bădesh	b ɤ d ɛ ʃ
<|BUL|>nachalen	n ɐ t͡ʃ a lʲ ɛ n
<|BUL|>chervenoshiyka	t͡ʃ ɛ r v ɛ n o ʃ i k ɐ
<|BUL|>hokam	x ɔ k ɐ m
<|BUL|>oktomvri	o k t ɔ m v r i
<|BUL|>tigăr	t i ɡ ɐ r
<|BUL|>vatikana	v ɐ t i k a n ɐ
<|BUL|>magare	m ɐ ɡ a r ɛ
<|BUL|>mir	m i r
<|BUL|>smushtenie	s m u ʃ t ɛ n i ɛ
<|BUL|>sredishte	s r ɛ d i ʃ t ɛ
<|BUL|>uzakoneniyat	u z ɐ k o n ɛ n i j ɐ t
<|BUL|>ozhenya	o ʒ ɛ nʲ ɐ
<|BUL|>bălgarka	b ɤ ɫ ɡ ɐ r k ɐ
<|BUL|>torba	t o r b a
<|BUL|>za	z a
<|BUL|>akumulator	ɐ k u m u ɫ a t o r
<|BUL|>mrazovit	m r ɐ z o v i t
<|BUL|>brosh	b r ɔ ʃ
<|BUL|>zvănliv	z v ɐ n lʲ i f
<|BUL|>yerarh	j ɛ r a r x
<|BUL|>promezhdutăk	p r o m ɛ ʒ d u t ɐ k
<|BUL|>fir	f i r
<|BUL|>ladiya	ɫ ɐ d i j ɐ
<|BUL|>ponapeka	p o n ɐ p ɛ k ɤ
<|BUL|>abisinski	ɐ b i s i n s kʲ i
<|BUL|>chlenuvano	t͡ʃ lʲ ɛ n u v ɐ n o
<|BUL|>chiviya	t͡ʃ i v i j ɐ
<|BUL|>chuk	t͡ʃ u k
<|BUL|>kukuvitsa	k u k u v i t͡s ɐ
<|BUL|>izbiya	i z b i j ɐ
<|BUL|>mazen	m a z ɛ n
<|BUL|>laktatsionen	ɫ ɐ k t ɐ t͡s i ɔ n ɛ n
<|BUL|>mreli	m r ɛ lʲ i
<|BUL|>sluchay	s ɫ u t͡ʃ a j
<|BUL|>shokolad	ʃ o k o ɫ a t
<|BUL|>uzakonyavahte	u z ɐ k o nʲ a v ɐ x t ɛ
<|BUL|>razlat	r ɐ z ɫ a t
<|BUL|>vsyakakva	f sʲ a k ɐ k v ɐ
<|BUL|>măzhkar	m ɐ ʃ k a r
<|BUL|>bedya	b ɛ dʲ ɤ
<|BUL|>kon	k ɔ n
<|BUL|>belarus	b ɛ ɫ ɐ r u s
<|BUL|>dvoystven	d v ɔ j s t v ɛ n
<|BUL|>tolkoz	t ɔ ɫ k o s
<|BUL|>mashina	m ɐ ʃ i n ɐ
<|BUL|>dărvodelets	d ɐ r v o d ɛ lʲ ɛ t͡s
<|BUL|>mosht	m ɔ ʃ t
<|BUL|>tehni	t ɛ x n i
<|BUL|>dragoy	d r ɐ ɡ ɔ j
<|BUL|>otkrivaem	o t k r i v a ɛ m
<|BUL|>zagivam	z ɐ ɡʲ i v ɐ m
<|BUL|>sădeben	s ɐ d ɛ b ɛ n
<|BUL|>seizmichen	s ɛ i z m i t͡ʃ ɛ n
<|BUL|>dayka	d a j k ɐ
<|BUL|>vadya	v a dʲ ɐ
<|BUL|>blagoevgrad	b ɫ ɐ ɡ ɔ ɛ v ɡ r ɐ t
<|BUL|>lilyak	lʲ i lʲ ɐ k
<|BUL|>piron	p i r ɔ n
<|BUL|>shvetsiya	ʃ v ɛ t͡s i j ɐ
<|BUL|>yadyashtata	j a dʲ a ʃ t ɐ t ɐ
<|BUL|>pravo	p r a v o
<|BUL|>robiya	r o b i j ɐ
<|BUL|>strannopriemnitsa	s t r ɐ n n o p r i ɛ m n i t͡s ɐ
<|BUL|>drăvtse	d r ɐ f t͡s ɛ
<|BUL|>vina	v i n a
<|BUL|>otsvetyavam	o t͡s v ɛ tʲ a v ɐ m
<|BUL|>varshava	v ɐ r ʃ a v ɐ
<|BUL|>izrastăk	i z r a s t ɐ k
<|BUL|>elektronen	ɛ lʲ ɛ k t r ɔ n ɛ n
<|BUL|>săshtestvuvam	s ɐ ʃ t ɛ s t v u v ɐ m
<|BUL|>mrenetata	m r ɛ n ɛ t ɐ t ɐ
<|BUL|>podozra	p o d o z r ɤ
<|BUL|>govorete	ɡ o v o r ɛ t ɛ
<|BUL|>bilo	b i ɫ o
<|BUL|>razum	r a z u m
<|BUL|>abdominalen	ɐ b d o m i n a lʲ ɛ n
<|BUL|>kloun	k ɫ ɔ u n
<|BUL|>veroyatno	v ɛ r o j a t n o
<|BUL|>kadife	k ɐ d i f ɛ
<|BUL|>ednovremenen	ɛ d n o v r ɛ m ɛ n ɛ n
<|BUL|>dreha	d r ɛ x ɐ
<|BUL|>shugav	ʃ u ɡ ɐ f
<|BUL|>mastit	m ɐ s t i t
<|BUL|>tayvan	t ɐ j v a n
<|BUL|>matrak	m ɐ t r a k
<|BUL|>razhdane	r a ʒ d ɐ n ɛ
<|BUL|>chedo	t͡ʃ ɛ d o
<|BUL|>izbode	i z b o d ɛ
<|BUL|>cheresharka	t͡ʃ ɛ r ɛ ʃ a r k ɐ
<|BUL|>doverie	d o v ɛ r i ɛ
<|BUL|>arhitekturen	ɐ r xʲ i t ɛ k t u r ɛ n
<|BUL|>siyaehme	s i j a ɛ x m ɛ
<|BUL|>grăncharnitsa	ɡ r ɐ n t͡ʃ a r n i t͡s ɐ
<|BUL|>gălăbitsa	ɡ ɐ ɫ ɐ b i t͡s ɐ
<|BUL|>yastrebov	j a s t r ɛ b o f
<|BUL|>shtem	ʃ t ɛ m
<|BUL|>napălno	n ɐ p ɤ ɫ n o
<|BUL|>negolyam	n ɛ ɡ o lʲ ɐ m
<|BUL|>zrete	z r ɛ t ɛ
<|BUL|>key	kʲ ɛ j
<|BUL|>leydi	lʲ ɛ j d i
<|BUL|>treskav	t r ɛ s k ɐ f
<|BUL|>iglika	i ɡ lʲ i k ɐ
<|BUL|>polichba	p o lʲ i d͡ʒ b ɐ
<|BUL|>bădete	b ɐ d ɛ t ɛ
<|BUL|>poshăl	p ɔ ʃ ɐ ɫ
<|BUL|>izgovori	i z ɡ o v o r i
<|BUL|>nosiya	n o s i j ɐ
<|BUL|>bob	b ɔ p
<|BUL|>krienitsa	k r i ɛ n i t͡s ɐ
<|BUL|>chlenestonogo	t͡ʃ lʲ ɛ n ɛ s t o n ɔ ɡ o
<|BUL|>hlorofil	x ɫ o r o f i ɫ
<|BUL|>lucha	ɫ u t͡ʃ ɐ
<|BUL|>zhiraf	ʒ i r a f
<|BUL|>osobnyak	o s o b nʲ a k
<|BUL|>negovoto	n ɛ ɡ o v o t o
<|BUL|>edinayset	ɛ d i n a j s ɛ t
<|BUL|>neshtastie	n ɛ ʃ t a s t i ɛ
<|BUL|>snoshti	s n ɔ ʃ t i
<|BUL|>mryahme	m rʲ a x m ɛ
<|BUL|>yasmin	j ɐ s m i n
<|BUL|>protome	p r o t ɔ m ɛ
<|BUL|>panair	p ɐ n ɐ i r
<|BUL|>shesti	ʃ ɛ s t i
<|BUL|>struga	s t r u ɡ ɐ
<|BUL|>chesto	t͡ʃ ɛ s t o
<|BUL|>volan	v o ɫ a n
<|BUL|>sraka	s r a k ɐ
<|BUL|>rabotnichka	r ɐ b ɔ t n i t͡ʃ k ɐ
<|BUL|>vashte	v a ʃ t ɛ
<|BUL|>shkola	ʃ k ɔ ɫ ɐ
<|BUL|>văvra	v ɐ v r ɤ
<|BUL|>bog	b ɔ k
<|BUL|>tezi	t ɛ z i
<|BUL|>kărtichi	k ɐ r t i t͡ʃ i
<|BUL|>pasohme	p a s o x m ɛ
<|BUL|>prints	p r i n t͡s
<|BUL|>săchetavam	s ɐ t͡ʃ ɛ t a v ɐ m
<|BUL|>raven	r a v ɛ n
<|BUL|>neyni	n ɛ j n i
<|BUL|>dori	d o r i
<|BUL|>proshtalen	p r o ʃ t a lʲ ɛ n
<|BUL|>otset	o t͡s ɛ t
<|BUL|>hram	x r a m
<|BUL|>dzhiyn	d ʒ i n
<|BUL|>sheptya	ʃ ɛ p tʲ ɤ
<|BUL|>stilov	s t i ɫ o f
<|BUL|>ruho	r u x o
<|BUL|>upravitelka	u p r a v i t ɛ ɫ k ɐ
<|BUL|>razshifrovam	r ɐ ʃ ʃ i f r ɔ v ɐ m
<|BUL|>kinotsentăr	kʲ i n o t͡s ɛ n t ɐ r
<|BUL|>telefon	t ɛ lʲ ɛ f ɔ n
<|BUL|>pasyashtiya	p ɐ sʲ a ʃ t i j ɐ
<|BUL|>chukundur	t͡ʃ u k u n d u r
<|BUL|>oberon	ɔ b ɛ r o n
<|BUL|>zapreda	z ɐ p r ɛ d ɤ
<|BUL|>tatko	t a t k o
<|BUL|>plavey	p ɫ a v ɛ j
<|BUL|>kanara	k ɐ n ɐ r a
<|BUL|>ganimed	ɡ ɐ n i m ɛ t
<|BUL|>kăshto	k ɤ ʃ t o
<|BUL|>kolya	k ɔ lʲ ɐ
<|BUL|>huliganstvo	x u lʲ i ɡ a n s t v o
<|BUL|>sobol	s o b ɔ ɫ
<|BUL|>despotizăm	d ɛ s p o t i z ɐ m
<|BUL|>dvizha	d v i ʒ ɐ
<|BUL|>bi	b i
<|BUL|>otlichim	o t lʲ i t͡ʃ i m
<|BUL|>doya	d o j ɤ
<|BUL|>detsimetăr	d ɛ t͡s i m ɛ t ɐ r
<|BUL|>akusherka	ɐ k u ʃ ɛ r k ɐ
<|BUL|>zlăch	z ɫ ɤ t͡ʃ
<|BUL|>dolina	d o lʲ i n a
<|BUL|>zagreb	z a ɡ r ɛ p
<|BUL|>runtav	r u n t ɐ f
<|BUL|>radvam	r a d v ɐ m
<|BUL|>toalet	t o ɐ lʲ ɛ t
<|BUL|>prevăzhozhdam	p r ɛ v ɐ s x ɔ ʒ d ɐ m
<|BUL|>atentat	ɐ t ɛ n t a t
<|BUL|>gălăb	ɡ ɤ ɫ ɐ p
<|BUL|>gostilnitsa	ɡ o s t i ɫ n i t͡s ɐ
<|BUL|>izgubya	i z ɡ u bʲ ɐ
<|BUL|>preperets	p r ɛ p ɛ r ɛ t͡s
<|BUL|>pantalon	p ɐ n t ɐ ɫ ɔ n
<|BUL|>seren	s ɛ r ɛ n
<|BUL|>vegav	v ɛ ɡ ɐ f
<|BUL|>bodil	b o d i ɫ
<|BUL|>plasht	p ɫ a ʃ t
<|BUL|>lyutiv	lʲ u t i f
<|BUL|>opredelen	o p r ɛ d ɛ lʲ ɛ n
<|BUL|>plashtam	p ɫ a ʃ t ɐ m
<|BUL|>saksiya	s ɐ k s i j ɐ
<|BUL|>pishten	p i ʃ t ɛ n
<|BUL|>ozaglavya	o z ɐ ɡ ɫ ɐ vʲ ɤ
<|BUL|>nevăzmozhno	n ɛ v ɐ z m ɔ ʒ n o
<|BUL|>bastiliya	b ɐ s t i lʲ i j ɐ
<|BUL|>uzakonyavaneto	u z ɐ k o nʲ a v ɐ n ɛ t o
<|BUL|>shtedăr	ʃ t ɛ d ɐ r
<|BUL|>ogorcha	o ɡ o r t͡ʃ a
<|BUL|>mnogo	m n ɔ ɡ o
<|BUL|>braziliya	b r ɐ z i lʲ i j ɐ
<|BUL|>yarăk	j a r ɐ k
<|BUL|>klyun	k lʲ u n
<|BUL|>abdikiralata	ɐ b d i kʲ i r ɐ ɫ ɐ t ɐ
<|BUL|>myah	mʲ a x
<|BUL|>izvikvam	i z v i k v ɐ m
<|BUL|>apsida	ɐ p s i d ɐ
<|BUL|>napredăk	n ɐ p r ɛ d ɐ k
<|BUL|>kultura	k u ɫ t u r ɐ
<|BUL|>bratski	b r a t s kʲ i
<|BUL|>aze	a z ɛ
<|BUL|>zărna	z ɤ r n ɐ
<|BUL|>godinak	ɡ o d i n a k
<|BUL|>razhdam	r a ʒ d ɐ m
<|BUL|>gluh	ɡ ɫ u x
<|BUL|>lyut	lʲ u t
<|BUL|>ochen	ɔ t͡ʃ ɛ n
<|BUL|>fikus	f i k u s
<|BUL|>park	p a r k
<|BUL|>posetitel	p o s ɛ t i t ɛ ɫ
<|BUL|>megametăr	m ɛ ɡ ɐ m ɛ t ɐ r
<|BUL|>stsenariy	s t͡s ɛ n a r i
<|BUL|>kamshik	k ɐ m ʃ i k
<|BUL|>vasheto	v a ʃ ɛ t o
<|BUL|>smradlivets	s m r ɐ d lʲ i v ɛ t͡s
<|BUL|>universitet	u n i v ɛ r s i t ɛ t
<|BUL|>materen	m a t ɛ r ɛ n
<|BUL|>kraen	k r a ɛ n
<|BUL|>nar	n a r
<|BUL|>kartal	k ɐ r t a ɫ
<|BUL|>drozd	d r ɔ s t
<|BUL|>petrol	p ɛ t r ɔ ɫ
<|BUL|>pasene	p ɐ s ɛ n ɛ
<|BUL|>izvlicham	i z v lʲ i t͡ʃ ɐ m
<|BUL|>ishtah	i ʃ t a x
<|BUL|>kolibri	k o lʲ i b r i
<|BUL|>ruslo	r u s ɫ o
<|BUL|>redya	r ɛ dʲ a
<|BUL|>institut	i n s t i t u t
<|BUL|>truden	t r u d ɛ n
<|BUL|>kralski	k r a ɫ s kʲ i
<|BUL|>eksalităr	ɐ t o lʲ i t ɐ r
<|BUL|>gniloch	ɡ n i ɫ ɔ t͡ʃ
<|BUL|>dvulichen	d v u lʲ i t͡ʃ ɛ n
<|BUL|>sărbin	s ɤ r b i n
<|BUL|>tritsi	t r i t͡s i
<|BUL|>mirizma	m i r i z m a
<|BUL|>deeprichastie	d ɛ ɛ p r i t͡ʃ a s t i ɛ
<|BUL|>preginya	p r ɛ ɡʲ i nʲ ɐ
<|BUL|>shtyala	ʃ tʲ a ɫ ɐ
<|BUL|>mamut	m ɐ m u t
<|BUL|>uzakonyat	u z ɐ k o nʲ ɤ t
<|BUL|>leko	lʲ ɛ k o
<|BUL|>prăchitsa	p r ɤ t͡ʃ i t͡s ɐ
<|BUL|>gigantski	ɡʲ i ɡ a n t s kʲ i
<|BUL|>duma	d u m ɐ
<|BUL|>iztok	i s t o k
<|BUL|>usmihvam	u s m i x v ɐ m
<|BUL|>blagosloviya	b ɫ ɐ ɡ o s ɫ o v i j ɐ
<|BUL|>svi	s v i
<|BUL|>germanski	ɡʲ ɛ r m a n s kʲ i
<|BUL|>gibel	ɡʲ i b ɛ ɫ
<|BUL|>bagăr	b a ɡ ɐ r
<|BUL|>bezplaten	b ɛ s p ɫ a t ɛ n
<|BUL|>korona	k o r ɔ n ɐ
<|BUL|>aerometăr	a ɛ r o m ɛ t ɐ r
<|BUL|>surovina	s u r o v i n a
<|RUS|>yavstvenno	j a f s t vʲ i n a
<|RUS|>gomer	ɡ a mʲ e r
<|RUS|>spletavshij	s p lʲ i t a f ʂ i j
<|RUS|>usy'novlyajte	u s i n a v lʲ a j tʲ e
<|RUS|>l'da	lʲ d a
<|RUS|>prozvuchish'	p r a z v u t͡ɕ i ʂ
<|RUS|>satirax	s a tʲ i r a x
<|RUS|>remiksov	rʲ i mʲ i k s a f
<|RUS|>zaleplyayu	z a lʲ i p lʲ a j u
<|RUS|>absorbirovaniyami	a p s a r bʲ i r a v a nʲ i j a mʲ i
<|RUS|>plavkoyu	p ɫ a f k a j u
<|RUS|>zashumit	z a ʂ u mʲ i t
<|RUS|>muzhenenavistnichestvam	m u ʐ i nʲ i n a vʲ i sʲ nʲ i t͡ɕ i s t v a m
<|RUS|>zolotisty'm	z a ɫ a tʲ i s t i m
<|RUS|>katerochkax	k a tʲ i r o t͡ɕ k a x
<|RUS|>smeyalos'	s mʲ i j a ɫ a sʲ
<|RUS|>zamy'slu	z a m i s ɫ u
<|RUS|>semiugol'nika	sʲ i mʲ i u ɡ o lʲ nʲ i k a
<|RUS|>prisyagnuvshi	p rʲ i sʲ i ɡ n u f ʂ i
<|RUS|>ponosyat	p a n o sʲ a t
<|RUS|>izuchites'	i z u t͡ɕ i tʲ i sʲ
<|RUS|>pomojkoyu	p a m o j k a j u
<|RUS|>angliczizaczieyu	a n ɡ lʲ i t͡s i z a t͡s i j i j u
<|RUS|>pry'shhavy'j	p r i ɕː a v i j
<|RUS|>usopla	u s o p ɫ a
<|RUS|>poletat'	p a lʲ i t a tʲ
<|RUS|>ukuty'vayushhij	u k u t i v a j u ɕː i j
<|RUS|>muruj	m u r u j
<|RUS|>summiruesh'	s u mʲ i r u j i ʂ
<|RUS|>sekta	sʲ e k t a
<|RUS|>zaklejte	z a k lʲ e j tʲ e
<|RUS|>amilazoj	a mʲ i ɫ a z a j
<|RUS|>posodejstvovat'	p a s a dʲ e j s t v a v a tʲ
<|RUS|>op'yanivshij	a p ⁽ʲ ⁾ j i nʲ i f ʂ i j
<|RUS|>zagovarivajtes'	z a ɡ a v a rʲ i v a j tʲ i sʲ
<|RUS|>uzhestocheniya	u ʐ i s t a t͡ɕ e nʲ i j a
<|RUS|>raspravax	r a s p r a v a x
<|RUS|>letny'j	lʲ e t n i j
<|RUS|>dubu	d u b u
<|RUS|>zagadit	z a ɡ a dʲ i t
<|RUS|>propitajtes'	p r a pʲ i t a j tʲ i sʲ
<|RUS|>otschyotax	a t͡ɕ ɕː o t a x
<|RUS|>desniczu	dʲ i sʲ nʲ i t͡s u
<|RUS|>obuevala	a b u j i v a ɫ a
<|RUS|>vertlug	vʲ i r t ɫ u k
<|RUS|>navevavshij	n a vʲ i v a f ʂ i j
<|RUS|>poligrafiyax	p a lʲ i ɡ r a fʲ i j a x
<|RUS|>zapadaesh'	z a p a d a j i ʂ
<|RUS|>dozreyu	d a z rʲ e j u
<|RUS|>vzy'skivaete	v z i s kʲ i v a j i tʲ e
<|RUS|>iz''yanami	i z j a n a mʲ i
<|RUS|>metafiziku	mʲ i t a fʲ i zʲ i k u
<|RUS|>veseleesh'	vʲ i sʲ i lʲ e j i ʂ
<|RUS|>texnokratiyu	tʲ i x n a k r a tʲ i j u
<|RUS|>prigorodom	p rʲ i ɡ a r a d a m
<|RUS|>pionerov	pʲ i a nʲ e r a f
<|RUS|>poruchitel'stvom	p a r u t͡ɕ i tʲ i lʲ s t v a m
<|RUS|>gost'yax	ɡ o sʲ tʲ j a x
<|RUS|>podtyagivayus'	p a tʲː a ɡʲ i v a j u sʲ
<|RUS|>prischity'vaj	p rʲ i ɕː i t i v a j
<|RUS|>ottayalo	a t a j i ɫ a
<|RUS|>opushalas'	a p u ʂ a ɫ a sʲ
<|RUS|>poklonnichestvo	p a k ɫ o nʲ i t͡ɕ i s t v a
<|RUS|>ablautov	a b ɫ a u t a f
<|RUS|>otekayu	a tʲ i k a j u
<|RUS|>stipendij	sʲ tʲ i pʲ e nʲ dʲ i j
<|RUS|>kromkoj	k r o m k a j
<|RUS|>vlyapalsya	v lʲ a p a ɫ s ⁽ʲ ⁾ a
<|RUS|>uverovat'	u vʲ e r a v a tʲ
<|RUS|>tusknevshi	t u s k nʲ e f ʂ i
<|RUS|>prokaly'vaesh'	p r a k a ɫ i v a j i ʂ
<|RUS|>skonfuzyat	s k a n f u zʲ a t
<|RUS|>izvinyali	i z vʲ i nʲ a lʲ i
<|RUS|>pofigizmami	p a fʲ i ɡʲ i z m a mʲ i
<|RUS|>murzikami	m u r zʲ i k a mʲ i
<|RUS|>rekvizicziyami	rʲ i k vʲ i zʲ i t͡s i j a mʲ i
<|RUS|>administracziyax	a d mʲ i nʲ i s t r a t͡s i j a x
<|RUS|>ottashhila	a t a ɕː i ɫ a
<|RUS|>srodnivshij	s r a dʲ nʲ i f ʂ i j
<|RUS|>nedolyublivajte	nʲ i d a lʲ u b lʲ i v a j tʲ e
<|RUS|>mnozhitsya	m n o ʐ i t͡s a
<|RUS|>nardy'	n a r d i
<|RUS|>isteki	i sʲ tʲ i kʲ i
<|RUS|>pravooxranitel'ny'j	p r a v a a x r a nʲ i tʲ i lʲ n i j
<|RUS|>vy'skablivaya	v i s k a b lʲ i v a j a
<|RUS|>audite	a u dʲ i tʲ e
<|RUS|>obvil	a b vʲ i ɫ
<|RUS|>shepnuv	ʂ i p n u f
<|RUS|>gorkoj	ɡ o r k a j
<|RUS|>fleksijny'j	f lʲ i k sʲ i j n i j
<|RUS|>svyatoyu	s vʲ i t o j u
<|RUS|>kastan'ety'	k a s t a nʲ j e t i
<|RUS|>podejstvovat'	p a dʲ e j s t v a v a tʲ
<|RUS|>kebabax	kʲ i b a b a x
<|RUS|>ozhivlyajtes'	a ʐ i v lʲ a j tʲ i sʲ
<|RUS|>osklablyayu	a s k ɫ a b lʲ a j u
<|RUS|>uklonenii	u k ɫ a nʲ e nʲ i i
<|RUS|>adekvatnostyax	a d i k v a t n a sʲ tʲ a x
<|RUS|>analiziruet	a n a lʲ i zʲ i r u j i t
<|RUS|>lososya	ɫ a s o sʲ a
<|RUS|>babosam	b a b o s a m
<|RUS|>vosstanut	v a s t a n u t
<|RUS|>krasiv	k r a sʲ i f
<|RUS|>chajkovskij	t͡ɕ i j k o f s kʲ i j
<|RUS|>asinxronny'j	a sʲ i n x r o n i j
<|RUS|>mirovy'mi	mʲ i r a v i mʲ i
<|RUS|>vakansiyu	v a k a n ⁽ʲ ⁾ sʲ i j u
<|RUS|>vodyanogo	v a dʲ i n o v a
<|RUS|>obrosshij	a b r o ʂ i j
<|RUS|>tekilax	tʲ i kʲ i ɫ a x
<|RUS|>nasazhdavshi	n a s a ʐ d a f ʂ i
<|RUS|>disketax	dʲ i s kʲ e t a x
<|RUS|>priplyasy'vat'	p rʲ i p lʲ a s i v a tʲ
<|RUS|>plesh'	p lʲ e ʂ
<|RUS|>pred''yavitsya	p rʲ i d j a vʲ i t͡s a
<|RUS|>razmyagchaemy'j	r a z mʲ i x t͡ɕ a j i m i j
<|RUS|>zapryagut	z a p rʲ i ɡ u t
<|RUS|>nastuchav	n a s t u t͡ɕ a f
<|RUS|>guberniyax	ɡ u bʲ e r nʲ i j a x
<|RUS|>unesyotes'	u nʲ i sʲ o tʲ i sʲ
<|RUS|>raskachivaemsya	r a s k a t͡ɕ i v a j i m sʲ a
<|RUS|>bol'nai	b a lʲ n a i
<|RUS|>pomazannikov	p a m a z a nʲ i k a f
<|RUS|>numeracziej	n u mʲ i r a t͡s i j i j
<|RUS|>izgotovleniem	i z ɡ a t a v lʲ e nʲ i j i m
<|RUS|>derzhava	dʲ i r ʐ a v a
<|RUS|>umirish'	u mʲ i rʲ i ʂ
<|RUS|>ubezhim	u bʲ i ʐ i m
<|RUS|>dovodyat	d a v o dʲ a t
<|RUS|>otbud'te	a d b u tʲː e
<|RUS|>xity'	xʲ i t i
<|RUS|>silache	sʲ i ɫ a t͡ɕ e
<|RUS|>prery'vavshi	p rʲ i r i v a f ʂ i
<|RUS|>zondiruem	z a nʲ dʲ i r u j i m
<|RUS|>uprosi	u p r a sʲ i
<|RUS|>giryam	ɡʲ i rʲ a m
<|RUS|>naznachenii	n a z n a t͡ɕ e nʲ i i
<|RUS|>obleplyaemy'j	a b lʲ i p lʲ a j i m i j
<|RUS|>reabilitiruem	rʲ i a bʲ i lʲ i tʲ i r u j i m
<|RUS|>likbezam	lʲ i ɡ bʲ e z a m
<|RUS|>moty'l'kam	m a t i lʲ k a m
<|RUS|>uskorish'sya	u s k o rʲ i ʂ sʲ a
<|RUS|>fasolej	f a s o lʲ i j
<|RUS|>due'ta	d u e t a
<|RUS|>mimikrij	mʲ i mʲ i k rʲ i j
<|RUS|>mejtneriev	mʲ i j tʲ nʲ e rʲ i j i f
<|RUS|>skleilo	s k lʲ e i ɫ a
<|RUS|>burevestnika	b u rʲ i vʲ e sʲ nʲ i k a
<|RUS|>blagoustroj	b ɫ a ɡ a u s t r o j
<|RUS|>zaglinizirovannosti	z a ɡ lʲ i nʲ i zʲ i r a v a n a sʲ tʲ i
<|RUS|>ukreplenij	u k rʲ i p lʲ e nʲ i j
<|RUS|>gostyu	ɡ o sʲ tʲ u
<|RUS|>sgushhayus'	z ɡ u ɕː a j u sʲ
<|RUS|>razgovlyayutsya	r a z ɡ a v lʲ a j u t͡s a
<|RUS|>biotoksichnost'	bʲ i a t a k sʲ i t͡ɕ n a sʲ tʲ
<|RUS|>klavdiya	k ɫ a v dʲ i j a
<|RUS|>dekanaty'	d i k a n a t i
<|RUS|>vozobnovite	v a z a b n a vʲ i tʲ e
<|RUS|>ukry'lsya	u k r i ɫ s ⁽ʲ ⁾ a
<|RUS|>rozhaete	r a ʐ a j i tʲ e
<|RUS|>ugrozhayushhij	u ɡ r a ʐ a j u ɕː i j
<|RUS|>tolkovanii	t a ɫ k a v a nʲ i i
<|RUS|>derevyashkoj	dʲ i rʲ i vʲ a ʂ k a j
<|RUS|>sachkujte	s a t͡ɕ k u j tʲ e
<|RUS|>gvardejcza	ɡ v a r dʲ e j t͡s a
<|RUS|>zaveshivajte	z a vʲ e ʂ i v a j tʲ e
<|RUS|>viselo	vʲ i sʲ e ɫ a
<|RUS|>kapibarami	k a pʲ i b a r a mʲ i
<|RUS|>rastilo	r a sʲ tʲ i ɫ a
<|RUS|>vazochkami	v a z a t͡ɕ k a mʲ i
<|RUS|>l'dinok	lʲ dʲ i n a k
<|RUS|>tuzemczami	t u zʲ e m t͡s a mʲ i
<|RUS|>chaxotke	t͡ɕ i x o t kʲ e
<|RUS|>privstayushhij	p rʲ i f s t a j u ɕː i j
<|RUS|>relikta	rʲ i lʲ i k t a
<|RUS|>otdalyat'	a d a lʲ a tʲ
<|RUS|>blumfontejn	b ɫ u m f a n t i j n
<|RUS|>otstavshij	a t͡s s t a f ʂ i j
<|RUS|>toksichny'j	t a k sʲ i t͡ɕ n i j
<|RUS|>valenkom	v a lʲ i n k a m
<|RUS|>prizemlyavshijsya	p rʲ i zʲ i m lʲ a f ʂ i j sʲ a
<|RUS|>nevezhestvenna	nʲ i vʲ e ʐ i s t vʲ i n a
<|RUS|>artistka	a r tʲ i s t k a
<|RUS|>shampunya	ʂ a m p u nʲ a
<|RUS|>negodovaniyu	nʲ i ɡ a d a v a nʲ i j u
<|RUS|>prigotovleniem	p rʲ i ɡ a t a v lʲ e nʲ i j i m
<|RUS|>magnatov	m a ɡ n a t a f
<|RUS|>vstupleniyax	f s t u p lʲ e nʲ i j a x
<|RUS|>okopa	a k o p a
<|RUS|>ozarila	a z a rʲ i ɫ a
<|RUS|>otvorachivayushhijsya	a t v a r a t͡ɕ i v a j u ɕː i j sʲ a
<|RUS|>prostudivshi	p r a s t u dʲ i f ʂ i
<|RUS|>komissiyami	k a mʲ i sʲ i j a mʲ i
<|RUS|>rasxishhav	r a s xʲ i ɕː a f
<|RUS|>narekla	n a rʲ i k ɫ a
<|RUS|>srovnyajte	s r a v nʲ a j tʲ e
<|RUS|>osiyavaesh'	a sʲ i j i v a j i ʂ
<|RUS|>inaktiviruyu	i n a k tʲ i vʲ i r u j u
<|RUS|>umudrit	u m u d rʲ i t
<|RUS|>guglite	ɡ u ɡ lʲ i tʲ e
<|RUS|>propity'vav	p r a pʲ i t i v a f
<|RUS|>samoczveta	s a m a t͡s vʲ e t a
<|RUS|>tolstyakom	t a ɫ s ⁽ʲ ⁾ tʲ i k o m
<|RUS|>vsklokochenny'j	f s k ɫ a k o t͡ɕ i n i j
<|RUS|>nervnichavshij	nʲ e r v nʲ i t͡ɕ i f ʂ i j
<|RUS|>boryushhijsya	b o rʲ u ɕː i j sʲ a
<|RUS|>zachity'vajsya	z a t͡ɕ i t i v a j sʲ a
<|RUS|>ostuzhav	a s t u ʐ a f
<|RUS|>los'onam	ɫ a sʲ j o n a m
<|RUS|>val'czuyushhij	v a lʲ t͡s u j u ɕː i j
<|RUS|>raspinaya	r a s pʲ i n a j a
<|RUS|>topazu	t a p a z u
<|RUS|>teletekstax	tʲ e lʲ i tʲ e k s t a x
<|RUS|>podzagolovkov	p a d͡z z a ɡ a ɫ o f k a f
<|RUS|>revel	rʲ i vʲ e ɫ
<|RUS|>blagoslovimsya	b ɫ a ɡ a s ɫ a vʲ i m sʲ a
<|RUS|>kakuyu	k a k u j u
<|RUS|>zazhglis'	z a ʐ ɡ lʲ i sʲ
<|RUS|>oroshu	a r a ʂ u
<|RUS|>sharaxat'	ʂ a r a x a tʲ
<|RUS|>rukovodstv	r u k a v o t͡s t f
<|RUS|>klyanchu	k lʲ a nʲ t͡ɕ u
<|RUS|>zaczeplyalo	z a t͡s i p lʲ a ɫ a
<|RUS|>abadancze	a b a d a n t͡s i
<|RUS|>reyav	rʲ e j i f
<|RUS|>ranetki	r a nʲ e t kʲ i
<|RUS|>pokladaya	p a k ɫ a d a j a
<|RUS|>predpishem	p rʲ i t pʲ i ʂ i m
<|RUS|>borozdim	b a r a zʲ dʲ i m
<|RUS|>nuvorisham	n u v a rʲ i ʂ a m
<|RUS|>arke	a r kʲ e
<|RUS|>vzbegav	v z bʲ i ɡ a f
<|RUS|>gumanizme	ɡ u m a nʲ i z mʲ e
<|RUS|>rozh'yu	r o ʐ j u
<|RUS|>gidraty'	ɡʲ i d r a t i
<|RUS|>doveritel'nostyam	d a vʲ i rʲ i tʲ i lʲ n a sʲ tʲ a m
<|RUS|>xolodavshi	x a ɫ a d a f ʂ i
<|RUS|>tyul'pana	tʲ u lʲ p a n a
<|RUS|>vy'krasilo	v i k r a sʲ i ɫ a
<|RUS|>vzvinchival	v z vʲ i nʲ t͡ɕ i v a ɫ
<|RUS|>vuj	v u j
<|RUS|>marazmy'	m a r a z m i
<|RUS|>disgarmonieyu	dʲ i z ɡ a r m o nʲ i j i j u
<|RUS|>lomaku	ɫ a m a k u
<|RUS|>pamyatej	p a mʲ i tʲ i j
<|RUS|>vsedozvolennostyax	f sʲ i d a z v o lʲ i n a sʲ tʲ a x
<|RUS|>kurkumoj	k u r k u m a j
<|RUS|>tushuj	t u ʂ u j
<|RUS|>zanosit	z a n o sʲ i t
<|RUS|>kinoapparatom	kʲ i n a a p a r a t a m
<|RUS|>pripominaesh'	p rʲ i p a mʲ i n a j i ʂ
<|RUS|>zeval	zʲ i v a ɫ
<|RUS|>nakaly'vat'	n a k a ɫ i v a tʲ
<|RUS|>kontraktnikax	k a n t r a k tʲ nʲ i k a x
<|RUS|>obuchavshijsya	a b u t͡ɕ a f ʂ i j sʲ a
<|RUS|>upominayutsya	u p a mʲ i n a j u t͡s a
<|RUS|>abderitami	a b dʲ i rʲ i t a mʲ i
<|RUS|>terebejchuk	tʲ i rʲ i bʲ i j t͡ɕ u k
<|RUS|>uchugov	u t͡ɕ u ɡ a f
<|RUS|>izvedav	i z vʲ e d a f
<|RUS|>dopolnivshij	d a p o ɫ nʲ i f ʂ i j
<|RUS|>davleniyam	d a v lʲ e nʲ i j a m
<|RUS|>prikolot'	p rʲ i k a ɫ o tʲ
<|RUS|>kolos'yam	k a ɫ o sʲ j a m
<|RUS|>mongolom	m a n ɡ o ɫ a m
<|RUS|>vy'sevok	v i sʲ i v a k
<|RUS|>zateshesh'	z a tʲ e ʂ i ʂ
<|RUS|>durakov	d u r a k o f
<|RUS|>korenivshis'	k a rʲ i nʲ i f ʂ i sʲ
<|RUS|>tulii	t u lʲ i i
<|RUS|>vy'kraivayutsya	v i k r a i v a j u t͡s a
<|RUS|>mnenij	m nʲ e nʲ i j
<|RUS|>prosvetlevshij	p r a s vʲ i t lʲ e f ʂ i j
<|RUS|>pervy'e	pʲ e r v i j e
<|RUS|>buxanke	b u x a n kʲ e
<|RUS|>svetit'sya	s vʲ i tʲ i t͡s a
<|RUS|>zavorazhivat'	z a v a r a ʐ i v a tʲ
<|RUS|>epitraxilej	j i pʲ i t r a xʲ i lʲ i j
<|RUS|>statejkoj	s t a tʲ e j k a j
<|RUS|>vmazy'vaj	v m a z i v a j
<|RUS|>proshhan'ya	p r a ɕː a nʲ j a
<|RUS|>kochevnike	k a t͡ɕ e v nʲ i kʲ e
<|RUS|>xlebczem	x lʲ e p t͡s i m
<|RUS|>upotreblyali	u p a t rʲ i b lʲ a lʲ i
<|RUS|>xadisa	x a dʲ i s a
<|RUS|>oshhetinila	a ɕː i tʲ i nʲ i ɫ a
<|RUS|>sochineniem	s a t͡ɕ i nʲ e nʲ i j i m
<|RUS|>pripolzat'	p rʲ i p a ɫ z a tʲ
<|RUS|>s''edutsya	s j e d u t͡s a
<|RUS|>czesarem	t͡s e s a rʲ i m
<|RUS|>sosnoyu	s a s n o j u
<|RUS|>patrul'nomu	p a t r u lʲ n a m u
<|RUS|>gobelene	ɡ a bʲ i lʲ e nʲ e
<|RUS|>anusax	a n u s a x
<|RUS|>ispisy'valo	i s pʲ i s i v a ɫ a
<|RUS|>besnovaty'mi	bʲ i s n a v a t i mʲ i
<|RUS|>rize	rʲ i zʲ e
<|RUS|>terroriste	t i r a rʲ i sʲ tʲ e
<|RUS|>prisluzhili	p rʲ i s ɫ u ʐ i lʲ i
<|RUS|>oslixam	a s ⁽ʲ ⁾ lʲ i x a m
<|RUS|>artistke	a r tʲ i s t kʲ e
<|RUS|>oblyuyu	a b lʲ u j u
<|RUS|>vkrady'valas'	f k r a d i v a ɫ a sʲ
<|RUS|>peretekli	pʲ i rʲ i tʲ i k lʲ i
<|RUS|>popravish'	p a p r a vʲ i ʂ
<|RUS|>okayu	o k a j u
<|RUS|>reznyami	rʲ i zʲ nʲ a mʲ i
<|RUS|>podvorotne	p a d v a r o tʲ nʲ e
<|RUS|>zhazhda	ʐ a ʐ d a
<|RUS|>prozhidyax	p r o ʐ i dʲ a x
<|RUS|>xayali	x a j i lʲ i
<|RUS|>svechnike	s vʲ i t͡ɕ nʲ i kʲ e
<|RUS|>obnazhite	a b n a ʐ i tʲ e
<|RUS|>razdvinulis'	r a z d vʲ i n u lʲ i sʲ
<|RUS|>podmetajte	p a d mʲ i t a j tʲ e
<|RUS|>skorogovorka	s k a r a ɡ a v o r k a
<|RUS|>osmotrami	a s m o t r a mʲ i
<|RUS|>kroshenny'j	k r o ʂ i n i j
<|RUS|>rastrevozhivayut	r a s t rʲ i v o ʐ i v a j u t
<|RUS|>zagar	z a ɡ a r
<|RUS|>tolkalos'	t a ɫ k a ɫ a sʲ
<|RUS|>serdczebieniyax	sʲ i r t͡s i bʲ i j e nʲ i j a x
<|RUS|>obvetshaly'j	a b vʲ i t͡ʂ ʂ a ɫ i j
<|RUS|>traktuete	t r a k t u j i tʲ e
<|RUS|>nenadobny'j	nʲ i n a d a b n i j
<|RUS|>slyozy'	s ⁽ʲ ⁾ lʲ o z i
<|RUS|>peretyagivavshi	pʲ i rʲ i tʲ a ɡʲ i v a f ʂ i
<|RUS|>obodam	o b a d a m
<|RUS|>uvezyosh'	u vʲ i zʲ o ʂ
<|RUS|>pregradivshij	p rʲ i ɡ r a dʲ i f ʂ i j
<|RUS|>zasvistim	z a s vʲ i sʲ tʲ i m
<|RUS|>kinoaktrisoj	kʲ i n a a k t rʲ i s a j
<|RUS|>uedinyavshis'	u j i dʲ i nʲ a f ʂ i sʲ
<|RUS|>aktiviziruete	a k tʲ i vʲ i zʲ i r u j i tʲ e
<|RUS|>ogon'kam	a ɡ a nʲ k a m
<|RUS|>dy'mili	d i mʲ i lʲ i
<|RUS|>akkompanirovali	a k a m p a nʲ i r a v a lʲ i
<|RUS|>butiliruyut	b u tʲ i lʲ i r u j u t
<|RUS|>vladislavom	v ɫ a dʲ i s ɫ a v a m
<|RUS|>tolknyosh'	t a ɫ k nʲ o ʂ
<|RUS|>zatiraya	z a tʲ i r a j a
<|RUS|>pol'zovaniyax	p o lʲ z a v a nʲ i j a x
<|RUS|>praporshhik	p r a p a r ɕː i k
<|RUS|>sorevnujtes'	s a rʲ i v n u j tʲ i sʲ
<|RUS|>fabrikuyu	f a b rʲ i k u j u
<|RUS|>vosprinyala	v a s p rʲ i nʲ i ɫ a
<|RUS|>poxoronish'	p a x a r o nʲ i ʂ
<|RUS|>sxodna	s x o d n a
<|RUS|>vozvy'shenno	v a z v i ʂ i n a
<|RUS|>avtogene	a f t a ɡʲ e nʲ e
<|RUS|>promokavshij	p r a m a k a f ʂ i j
<|RUS|>peregrelis'	pʲ i rʲ i ɡ rʲ e lʲ i sʲ
<|RUS|>podgotovlyajte	p a d ɡ a t a v lʲ a j tʲ e
<|RUS|>potrebnostyax	p a t rʲ e b n a sʲ tʲ a x
<|RUS|>odarivaya	a d a rʲ i v a j a
<|RUS|>chugunno	t͡ɕ u ɡ u n a
<|RUS|>otvazhivaemsya	a t v a ʐ i v a j i m sʲ a
<|RUS|>prezumpcziyami	p rʲ i z u m p t͡s i j a mʲ i
<|RUS|>rasstraivalsya	r a s t r a i v a ɫ s ⁽ʲ ⁾ a
<|RUS|>dovlelo	d a v lʲ e ɫ a
<|RUS|>smradish'	s m r a dʲ i ʂ
<|RUS|>adsorbirovav	a t͡s s a r bʲ i r a v a f
<|RUS|>refraktore	rʲ i f r a k t a rʲ e
<|RUS|>izliyaniyami	i z ⁽ʲ ⁾ lʲ i j a nʲ i j a mʲ i
<|RUS|>gobelenami	ɡ a bʲ i lʲ e n a mʲ i
<|RUS|>priglyady'vavshijsya	p rʲ i ɡ lʲ a d i v a f ʂ i j sʲ a
<|RUS|>e'ksczessov	i k s t͡s e s a f
<|RUS|>vzyatochnikam	v zʲ a t a t͡ɕ nʲ i k a m
<|RUS|>potyorla	p a tʲ o r ɫ a
<|RUS|>abstraktam	a p s t r a k t a m
<|RUS|>soskami	s o s k a mʲ i
<|RUS|>bryoxa	b rʲ o x a
<|RUS|>poblagodarit'	p a b ɫ a ɡ a d a rʲ i tʲ
<|RUS|>zhuchkov	ʐ u t͡ɕ k o f
<|RUS|>osechkam	a sʲ e t͡ɕ k a m
<|RUS|>speczializmy'	s pʲ i t͡s i a lʲ i z m i
<|RUS|>sertifikata	sʲ i r tʲ i fʲ i k a t a
<|RUS|>gonorei	ɡ a n a rʲ e i
<|RUS|>ukradyosh'	u k r a dʲ o ʂ
<|RUS|>vozdadite	v a z d a dʲ i tʲ e
<|RUS|>prozhigaem	p r a ʐ i ɡ a j i m
<|RUS|>butaforiej	b u t a f o rʲ i j i j
<|RUS|>discziplinirovala	dʲ i s t͡s i p lʲ i nʲ i r a v a ɫ a
<|RUS|>osunetsya	a s u nʲ i t͡s a
<|RUS|>vinovniczax	vʲ i n o v nʲ i t͡s a x
<|RUS|>pitomcze	pʲ i t o m t͡s i
<|RUS|>zamyalo	z a mʲ a ɫ a
<|RUS|>porochili	p a r o t͡ɕ i lʲ i
<|RUS|>detochka	dʲ e t a t͡ɕ k a
<|RUS|>pereskazy'vaem	pʲ i rʲ i s k a z i v a j i m
<|RUS|>bashke	b a ʂ kʲ e
<|RUS|>poblagodarim	p a b ɫ a ɡ a d a rʲ i m
<|RUS|>dublyonki	d u b lʲ o n kʲ i
<|RUS|>razvernuvshij	r a z vʲ i r n u f ʂ i j
<|RUS|>protivopolozhu	p r o tʲ i v a p a ɫ a ʐ u
<|RUS|>nyuxal'shhiki	nʲ u x a lʲ ɕː i kʲ i
<|RUS|>ozari	a z a rʲ i
<|RUS|>otchuzhu	a t͡ɕ u ʐ u
<|RUS|>buferax	b u fʲ i r a x
<|RUS|>dotyagivayushhijsya	d a tʲ a ɡʲ i v a j u ɕː i j sʲ a
<|RUS|>venchaniya	vʲ i nʲ t͡ɕ a nʲ i j a
<|RUS|>okuplenny'j	a k u p lʲ i n i j
<|RUS|>postroit	p a s t r o i t
<|RUS|>uyazvlyaya	u j i z v lʲ a j a
<|RUS|>pogovorite	p a ɡ a v a rʲ i tʲ e
<|RUS|>czarevna	t͡s a rʲ e v n a
<|RUS|>bolte	b a ɫ tʲ e
<|RUS|>zabil	z a bʲ i ɫ
<|RUS|>lyuks	lʲ u k s
<|RUS|>sbilo	z bʲ i ɫ a
<|RUS|>chayachij	t͡ɕ a j i t͡ɕ i j
<|RUS|>nadavavshij	n a d a v a f ʂ i j
<|RUS|>konku	k o n k u
<|RUS|>usmexayas'	u s mʲ i x a j i sʲ
<|RUS|>privyaz'	p rʲ i vʲ i sʲ
<|RUS|>paradigmam	p a r a dʲ i ɡ m a m
<|RUS|>zachyorkivaem	z a t͡ɕ o r kʲ i v a j i m
<|RUS|>sushhnost'yu	s u ɕː n a sʲ tʲ j u
<|RUS|>podmechavshij	p a d mʲ i t͡ɕ a f ʂ i j
<|RUS|>reek	rʲ e j i k
<|RUS|>prosvetish'	p r a s vʲ e tʲ i ʂ
<|RUS|>niderlandskogo	nʲ i dʲ i r ɫ a n t s k a v a
<|RUS|>poladiv	p a ɫ a dʲ i f
<|RUS|>novoanglichanax	n o v a a n ɡ lʲ i t͡ɕ a n a x
<|RUS|>pozhiraet	p a ʐ i r a j i t
<|RUS|>tarifov	t a rʲ i f a f
<|RUS|>naschyot	n a ɕː o t
<|RUS|>raspuskavshis'	r a s p u s k a f ʂ i sʲ
<|RUS|>zaby'valsya	z a b i v a ɫ s ⁽ʲ ⁾ a
<|RUS|>oklemaetes'	a k lʲ i m a j i tʲ i sʲ
<|RUS|>provozya	p r a v a zʲ a
<|RUS|>udelax	u dʲ e ɫ a x
<|RUS|>vy'tryaxivaet	v i t rʲ a xʲ i v a j i t
<|RUS|>zatrudni	z a t r u dʲ nʲ i
<|RUS|>prinimavshis'	p rʲ i nʲ i m a f ʂ i sʲ
<|RUS|>proklady'vayushhij	p r a k ɫ a d i v a j u ɕː i j
<|RUS|>rusificziruesh'sya	r u sʲ i fʲ i t͡s i r u j i ʂ sʲ a
<|RUS|>stvoru	s t v o r u
<|RUS|>rasxodovali	r a s x o d a v a lʲ i
<|RUS|>zacharovav	z a t͡ɕ i r a v a f
<|RUS|>chempionami	t͡ɕ i m ⁽ʲ ⁾ pʲ i o n a mʲ i
<|RUS|>raschyosy'valas'	r a ɕ t͡ɕ o s i v a ɫ a sʲ
<|RUS|>zarevom	z a rʲ i v a m
<|RUS|>neformal'no	nʲ i f a r m a lʲ n a
<|RUS|>otslezhivaet	a t͡s s ⁽ʲ ⁾ lʲ e ʐ i v a j i t
<|RUS|>priglyady'vaem	p rʲ i ɡ lʲ a d i v a j i m
<|RUS|>bryussel'skij	b rʲ u sʲ e lʲ s kʲ i j
<|RUS|>rokax	r o k a x
<|RUS|>raskruchivalo	r a s k r u t͡ɕ i v a ɫ a
<|RUS|>chelnok	t͡ɕ i ɫ n o k
<|RUS|>remeshkam	rʲ i mʲ i ʂ k a m
<|RUS|>vedavshij	vʲ e d a f ʂ i j
<|RUS|>ivolgoyu	i v a ɫ ɡ a j u
<|RUS|>kolledzh	k o lʲ i t͡ʂ ʂ
<|RUS|>proveriv	p r a vʲ e rʲ i f
<|RUS|>mikrosxemy'	mʲ i k r a s xʲ e m i
<|RUS|>vy'yasnyaesh'	v i j i sʲ nʲ a j i ʂ
<|RUS|>nadkolennike	n a t k a lʲ e nʲ i kʲ e
<|RUS|>perekusyat	pʲ i rʲ i k u sʲ a t
<|RUS|>pokruchenny'j	p a k r u t͡ɕ i n i j
<|RUS|>zatirav	z a tʲ i r a f
<|RUS|>perechtyom	pʲ i rʲ i t͡ɕ tʲ o m
<|RUS|>poddanstvu	p o d a n s t v u
<|RUS|>vy'livalsya	v i lʲ i v a ɫ s ⁽ʲ ⁾ a
<|RUS|>porastyot	p a r a sʲ tʲ o t
<|RUS|>provajdery'	p r a v a j d i r i
<|RUS|>polemiku	p a lʲ e mʲ i k u
<|RUS|>perelomlyu	pʲ i rʲ i ɫ a m lʲ u
<|RUS|>raz''yom	r a z j o m
<|RUS|>izmenyalo	i z mʲ i nʲ a ɫ a
<|RUS|>absorbatam	a p s a r b a t a m
<|RUS|>pisatelyami	pʲ i s a tʲ i lʲ a mʲ i
<|RUS|>lad	ɫ a t
<|RUS|>axi	a xʲ i
<|RUS|>izvlekut	i z v lʲ i k u t
<|RUS|>vzbiraetes'	v z bʲ i r a j i tʲ i sʲ
<|RUS|>fotokartochkami	f a t a k a r t a t͡ɕ k a mʲ i
<|RUS|>ob''edaemy'j	a b j i d a j i m i j
<|RUS|>zavalites'	z a v a lʲ i tʲ i sʲ
<|RUS|>zaklady'vaj	z a k ɫ a d i v a j
<|RUS|>urezy'vav	u rʲ e z i v a f
<|RUS|>pridelat'	p rʲ i dʲ e ɫ a tʲ
<|RUS|>perestavit'	pʲ i rʲ i s t a vʲ i tʲ
<|RUS|>kremniev	k rʲ e m nʲ i j i f
<|RUS|>vsovavshi	f s a v a f ʂ i
<|RUS|>czingoyu	t͡s i n ɡ o j u
<|RUS|>kriptonov	k rʲ i p t o n a f
<|RUS|>gomoni	ɡ a m a nʲ i
<|RUS|>dumaem	d u m a j i m
<|RUS|>povyazanny'j	p a vʲ a z a n i j
<|RUS|>zastreliv	z a s t rʲ i lʲ i f
<|RUS|>apograf	a p o ɡ r a f
<|RUS|>podsolnuxe	p a t͡s s o ɫ n u xʲ e
<|RUS|>privivaj	p rʲ i vʲ i v a j
<|RUS|>bukkery'	b u kʲ i r i
<|RUS|>yumoristicheskaya	j u m a rʲ i sʲ tʲ i t͡ɕ i s k a j a
<|RUS|>vy'dvoryavshi	v i d v a rʲ a f ʂ i
<|RUS|>podlodke	p a d ɫ o t kʲ e
<|RUS|>lapali	ɫ a p a lʲ i
<|RUS|>otshheplyajte	a t͡ɕ ɕː i p lʲ a j tʲ e
<|RUS|>zavedovaniem	z a vʲ e d a v a nʲ i j i m
<|RUS|>smudrit	s m u d rʲ i t
<|RUS|>zdes'	zʲ dʲ e sʲ
<|RUS|>zaimejte	z a i mʲ e j tʲ e
<|RUS|>kuvshinkax	k u f ʂ i n k a x
<|RUS|>pokataesh'	p a k a t a j i ʂ
<|RUS|>podshipnikam	p a t͡ʂ ʂ i p nʲ i k a m
<|RUS|>nesby'tochny'j	nʲ i z b i t a t͡ɕ n i j
<|RUS|>stoil	s t o i ɫ
<|RUS|>zaebat'	z a j i b a tʲ
<|RUS|>zarazyatsya	z a r a zʲ a t͡s a
<|RUS|>sprosonok	s p r a s o n a k
<|RUS|>zaperlis'	z a pʲ i r lʲ i sʲ
<|RUS|>geroinyax	ɡʲ i r a i nʲ a x
<|RUS|>muchu	m u t͡ɕ u
<|RUS|>zapirayus'	z a pʲ i r a j u sʲ
<|RUS|>nepogreshimy'j	nʲ i p a ɡ rʲ i ʂ i m i j
<|RUS|>pakistanczy'	p a kʲ i s t a n t͡s i
<|RUS|>povertit	p a vʲ e r tʲ i t
<|RUS|>eparxiya	j i p a r xʲ i j a
<|RUS|>pokry'shka	p a k r i ʂ k a
<|RUS|>teatre	tʲ i a t a rʲ e
<|RUS|>tuchnosti	t u t͡ɕ n a sʲ tʲ i
<|RUS|>spyor	s pʲ o r
<|RUS|>vstavish'sya	f s t a vʲ i ʂ sʲ a
<|RUS|>vy'pravlyat'	v i p r a v lʲ a tʲ
<|RUS|>vetshaem	vʲ i t͡ʂ ʂ a j i m
<|RUS|>nadushu	n a d u ʂ u
<|RUS|>liznuv	lʲ i z n u f
<|RUS|>opaseniya	a p a sʲ e nʲ i j a
<|RUS|>perelivaet	pʲ i rʲ i lʲ i v a j i t
<|RUS|>chuvstvujte	t͡ɕ u s t v u j tʲ e
<|RUS|>osushal	a s u ʂ a ɫ
<|RUS|>vvodimsya	v o dʲ i m sʲ a
<|RUS|>sekundy'	sʲ i k u n d i
<|RUS|>poxodom	p a x o d a m
<|RUS|>osvedomlyayushhijsya	a s vʲ i d a m lʲ a j u ɕː i j sʲ a
<|RUS|>plyuralizmam	p lʲ u r a lʲ i z m a m
<|RUS|>zvenet'	z vʲ i nʲ e tʲ
<|RUS|>pejdzher	p e j d͡ʐ ʐ i r
<|RUS|>povalila	p a v a lʲ i ɫ a
<|RUS|>asketom	a s kʲ e t a m
<|RUS|>sinteza	sʲ i n t i z a
<|RUS|>kinoplyonkax	kʲ i n a p lʲ o n k a x
<|RUS|>kletku	k lʲ e t k u
<|RUS|>otvorachivayus'	a t v a r a t͡ɕ i v a j u sʲ
<|RUS|>zakopushkoj	z a k a p u ʂ k a j
<|RUS|>preobrazovy'vavshijsya	p rʲ i a b r a z o v i v a f ʂ i j sʲ a
<|RUS|>otbory'	a d b o r i
<|RUS|>alkinov	a ɫ kʲ i n a f
<|RUS|>treklistax	t r i k lʲ i s t a x
<|RUS|>obnadyozhivaj	a b n a dʲ o ʐ i v a j
<|RUS|>posty'levshij	p a s t i lʲ i f ʂ i j
<|RUS|>nakalyalas'	n a k a lʲ a ɫ a sʲ
<|RUS|>goryachnostej	ɡ a rʲ a t͡ɕ n a sʲ tʲ i j
<|RUS|>otvorachivaj	a t v a r a t͡ɕ i v a j
<|RUS|>simuliruj	sʲ i m u lʲ i r u j
<|RUS|>tumannostyax	t u m a n a sʲ tʲ a x
<|RUS|>uslozhnyaem	u s ɫ a ʐ nʲ a j i m
<|RUS|>razgonyaete	r a z ɡ a nʲ a j i tʲ e
<|RUS|>translyacziyam	t r a n s ⁽ʲ ⁾ lʲ a t͡s i j a m
<|RUS|>udaryaemsya	u d a rʲ a j i m sʲ a
<|RUS|>osmy'slivaemy'j	a s m i s ⁽ʲ ⁾ lʲ i v a j i m i j
<|RUS|>vlastolyubiya	v ɫ a s t a lʲ u bʲ i j a
<|RUS|>zaleplyaya	z a lʲ i p lʲ a j a
<|RUS|>volokut	v a ɫ a k u t
<|RUS|>sharomy'goj	ʂ a r a m i ɡ a j
<|RUS|>cheremshax	t͡ɕ i rʲ i m ʂ a x
<|RUS|>ostrotoj	a s t r o t a j
<|RUS|>druzhestvenen	d r u ʐ i s t vʲ i nʲ i n
<|RUS|>assemblera	a s e m b lʲ i r a
<|RUS|>poprosis'	p a p r a sʲ i sʲ
<|RUS|>temperamentami	tʲ i m ⁽ʲ ⁾ pʲ i r a mʲ i n t a mʲ i
<|RUS|>utkom	u t k o m
<|RUS|>proburchala	p r a b u r t͡ɕ a ɫ a
<|RUS|>oprobovanny'j	a p r o b a v a n i j
<|RUS|>potaskushki	p a t a s k u ʂ kʲ i
<|RUS|>zaiskivali	z a i s kʲ i v a lʲ i
<|RUS|>gidrologiyax	ɡʲ i d r a ɫ o ɡʲ i j a x
<|RUS|>spokojstvii	s p a k o j s t vʲ i i
<|RUS|>tablichku	t a b lʲ i t͡ɕ k u
<|RUS|>informaczionny'j	i n f a r m a t͡s i o n i j
<|RUS|>potoptalos'	p a t a p t a ɫ a sʲ
<|RUS|>interpretirovanny'j	i n t i r p rʲ i tʲ i r a v a n i j
<|RUS|>kusaem	k u s a j i m
<|RUS|>nasy'laem	n a s i ɫ a j i m
<|RUS|>stalkivayus'	s t a ɫ kʲ i v a j u sʲ
<|RUS|>nakaplivaem	n a k a p lʲ i v a j i m
<|RUS|>sistola	sʲ i s t a ɫ a
<|RUS|>min'etchikom	mʲ i nʲ j e t͡ɕ i k a m
<|RUS|>kratkam	k r a t k a m
<|RUS|>arumy'nkoj	a r u m i n k a j
<|RUS|>vy'risovy'vat'sya	v i rʲ i s o v i v a t͡s a
<|RUS|>obidami	a bʲ i d a mʲ i
<|RUS|>sostryapaete	s a s t rʲ a p a j i tʲ e
<|RUS|>ody'shka	a d i ʂ k a
<|RUS|>trotuaru	t r a t u a r u
<|RUS|>bezobraziem	bʲ i z a b r a zʲ i j i m
<|RUS|>vy'sprashivaemy'j	v i s p r a ʂ i v a j i m i j
<|RUS|>placzenta	p ɫ a t͡s e n t a
<|RUS|>furgonu	f u r ɡ o n u
<|RUS|>vy'vorachivaete	v i v a r a t͡ɕ i v a j i tʲ e
<|RUS|>vy'razhen	v i r a ʐ i n
<|RUS|>soizvoleniem	s a i z v a lʲ e nʲ i j i m
<|RUS|>razdel'no	r a zʲ dʲ e lʲ n a
<|RUS|>olimpijkoyu	a lʲ i m ⁽ʲ ⁾ pʲ i j k a j u
<|RUS|>sformuliroval	s f a r m u lʲ i r a v a ɫ
<|RUS|>vskinul	f s kʲ i n u ɫ
<|RUS|>perebolevala	pʲ i rʲ i b a lʲ i v a ɫ a
<|RUS|>s''yazvil	s j i z vʲ i ɫ
<|RUS|>dolzhny'e	d o ɫ ʐ n i j e
<|RUS|>vy'tvoryaesh'	v i t v a rʲ a j i ʂ
<|RUS|>povedy'vaete	p a vʲ e d i v a j i tʲ e
<|RUS|>prigibayut	p rʲ i ɡʲ i b a j u t
<|RUS|>sigalo	sʲ i ɡ a ɫ a
<|RUS|>opasku	a p a s k u
<|RUS|>ambra	a m b r a
<|RUS|>katrane	k a t r a nʲ e
<|RUS|>snashivala	s n a ʂ i v a ɫ a
<|RUS|>smy'kal	s m i k a ɫ
<|RUS|>signalyu	sʲ i ɡ n a lʲ u
<|RUS|>razroznivshi	r a z r o zʲ nʲ i f ʂ i
<|RUS|>zamenyalis'	z a mʲ i nʲ a lʲ i sʲ
<|RUS|>uxazhivavshi	u x a ʐ i v a f ʂ i
<|RUS|>nalegke	n a lʲ i xʲ kʲ e
<|RUS|>zhidkostyami	ʐ i t k a sʲ tʲ a mʲ i
<|RUS|>svinina	s vʲ i nʲ i n a
<|RUS|>risoval	rʲ i s a v a ɫ
<|RUS|>livijka	lʲ i vʲ i j k a
<|RUS|>choxoj	t͡ɕ i x o j
<|RUS|>allyuziyami	a lʲ u zʲ i j a mʲ i
<|RUS|>shumov	ʂ u m a f
<|RUS|>xachike	x a t͡ɕ i kʲ e
<|RUS|>tekil	tʲ i kʲ i ɫ
<|RUS|>ponudit	p a n u dʲ i t
<|RUS|>samosvalax	s a m a s v a ɫ a x
<|RUS|>vskrikov	f s k rʲ i k a f
<|RUS|>silikony'	sʲ i lʲ i k o n i
<|RUS|>plevav	p lʲ i v a f
<|RUS|>ty'kva	t i k v a
<|RUS|>rasprostranyajsya	r a s p r a s t r a nʲ a j sʲ a
<|RUS|>var'iruyut	v a rʲ j i r u j u t
<|RUS|>intrigan	i n t rʲ i ɡ a n
<|RUS|>prosveshhaj	p r a s vʲ i ɕː a j
<|RUS|>zavernut'	z a vʲ i r n u tʲ
<|RUS|>pozhivavshij	p a ʐ i v a f ʂ i j
<|RUS|>adsorbiruya	a t͡s s a r bʲ i r u j a
<|RUS|>operativnost'yu	a pʲ i r a tʲ i v n a sʲ tʲ j u
<|RUS|>popolnyat'	p a p a ɫ nʲ a tʲ
<|RUS|>vrezaete	v rʲ i z a j i tʲ e
<|RUS|>priyatny'	p rʲ i j a t n i
<|RUS|>utopaem	u t o p a j i m
<|RUS|>poeli	p a j e lʲ i
<|RUS|>mankoj	m a n k a j
<|RUS|>sadit	s a dʲ i t
<|RUS|>opushavshis'	a p u ʂ a f ʂ i sʲ
<|RUS|>antidote	a nʲ tʲ i d o tʲ e
<|RUS|>kombiniruesh'	k a m ⁽ʲ ⁾ bʲ i nʲ i r u j i ʂ
<|RUS|>soprovodish'	s a p r a v a dʲ i ʂ
<|RUS|>normirovaniyami	n a r mʲ i r a v a nʲ i j a mʲ i
<|RUS|>kuvshinku	k u f ʂ i n k u
<|RUS|>dosadovavshij	d a s a d a v a f ʂ i j
<|RUS|>oresh'	o rʲ i ʂ
<|RUS|>prigodnost'	p rʲ i ɡ o d n a sʲ tʲ
<|RUS|>sy'rovarov	s i r a v a r a f
<|RUS|>oktyabr'	a k tʲ a b rʲ
<|RUS|>prozhyovy'vaemy'j	p r a ʐ o v i v a j i m i j
<|RUS|>kasajtes'	k a s a j tʲ i sʲ
<|RUS|>zhenit	ʐ e nʲ i t
<|RUS|>zhyornov	ʐ o r n a f
<|RUS|>otpugivalo	a t p u ɡʲ i v a ɫ a
<|RUS|>fajlikax	f a j lʲ i k a x
<|RUS|>izobaroyu	i z a b a r a j u
<|RUS|>razmezhuet	r a z mʲ i ʐ u j i t
<|RUS|>opushajsya	a p u ʂ a j sʲ a
<|RUS|>baklaga	b a k ɫ a ɡ a
<|RUS|>kategorichnostej	k a tʲ i ɡ a rʲ i t͡ɕ n a sʲ tʲ i j
<|RUS|>vy'vodkam	v i v a t k a m
<|RUS|>vzveshivavshi	v z vʲ e ʂ i v a f ʂ i
<|RUS|>proigraesh'	p r a i ɡ r a j i ʂ
<|RUS|>e'nergonositeli	i n e r ɡ a n a sʲ i tʲ i lʲ i
<|RUS|>pogreshu	p a ɡ rʲ i ʂ u
<|RUS|>promaxax	p r o m a x a x
<|RUS|>operom	o pʲ i r a m
<|RUS|>zaela	z a j e ɫ a
<|RUS|>kotirovat'	k a tʲ i r a v a tʲ
<|RUS|>neustroennostyam	nʲ i u s t r o j i n a sʲ tʲ a m
<|RUS|>podchyorkivayut	p a t͡ɕ o r kʲ i v a j u t
<|RUS|>genetikam	ɡʲ i n e tʲ i k a m
<|RUS|>kaskadam	k a s k a d a m
<|RUS|>vklady'vayut	f k ɫ a d i v a j u t
<|RUS|>pitonu	pʲ i t o n u
<|RUS|>iskalechilo	i s k a lʲ e t͡ɕ i ɫ a
<|RUS|>neumeren	nʲ i u mʲ e rʲ i n
<|RUS|>finansirovalo	fʲ i n a n ⁽ʲ ⁾ sʲ i r a v a ɫ a
<|RUS|>obshho	a p ɕː o
<|RUS|>vampirax	v a m ⁽ʲ ⁾ pʲ i r a x
<|RUS|>vy'lovyat	v i ɫ a vʲ a t
<|RUS|>nanosa	n a n o s a
<|RUS|>prismotrev	p rʲ i s m a t rʲ e f
<|RUS|>bogoslovy'	b a ɡ a s ɫ o v i
<|RUS|>rasstilavshi	r a sʲ tʲ i ɫ a f ʂ i
<|RUS|>iskoryozhilo	i s k a rʲ o ʐ i ɫ a
<|RUS|>otchislyaem	a t͡ɕ i s ⁽ʲ ⁾ lʲ a j i m
<|RUS|>vy'dacheyu	v i d a t͡ɕ i j u
<|RUS|>rodoslovny'mi	r a d a s ɫ o v n i mʲ i
<|RUS|>okolyosiczax	a k a lʲ o sʲ i t͡s a x
<|RUS|>moratorij	m a r a t o rʲ i j
<|RUS|>shtrafoval	ʂ t r a f a v a ɫ
<|RUS|>zautren'	z a u t rʲ i nʲ
<|RUS|>pridavaemy'j	p rʲ i d a v a j i m i j
<|RUS|>sdavilo	z d a vʲ i ɫ a
<|RUS|>stremyanku	s t rʲ i mʲ a n k u
<|RUS|>vremechke	v rʲ e mʲ i t͡ɕ kʲ e
<|RUS|>ponimaetes'	p a nʲ i m a j i tʲ i sʲ
<|RUS|>prisudim	p rʲ i s u dʲ i m
<|RUS|>skorrektiroval	s k a rʲ i k tʲ i r a v a ɫ
<|RUS|>iskusite	i s k u sʲ i tʲ e
<|RUS|>svergala	s vʲ i r ɡ a ɫ a
<|RUS|>trudovoj	t r u d a v o j
<|RUS|>zablagorassudim	z a b ɫ a ɡ a r a s u dʲ i m
<|RUS|>pozhelteem	p a ʐ i ɫ tʲ e j i m
<|RUS|>gruzimy'j	ɡ r u zʲ i m i j
<|RUS|>spary'vali	s p a r i v a lʲ i
<|RUS|>vostokovedam	v a s t a k a vʲ e d a m
<|RUS|>pravoberezhny'j	p r a v a bʲ i rʲ e ʐ n i j
<|RUS|>zherlax	ʐ e r ɫ a x
<|RUS|>bespolezny'j	bʲ i s p a lʲ e z n i j
<|RUS|>vy'pryamlyal	v i p rʲ i m lʲ a ɫ
<|RUS|>vy'tryaxnesh'	v i t rʲ i x nʲ i ʂ
<|RUS|>vatka	v a t k a
<|RUS|>sadku	s a t k u
<|RUS|>zakolebat'	z a k a lʲ i b a tʲ
<|RUS|>razzhivalas'	r a ʐ i v a ɫ a sʲ
<|RUS|>vorvites'	v a r vʲ i tʲ i sʲ
<|RUS|>zadremlyut	z a d rʲ e m lʲ u t
<|RUS|>raskraskoj	r a s k r a s k a j
<|RUS|>kurskij	k u r s kʲ i j
<|RUS|>guvernantku	ɡ u vʲ i r n a n t k u
<|RUS|>brizantnostyax	b rʲ i z a n t n a sʲ tʲ a x
<|RUS|>druzhila	d r u ʐ i ɫ a
<|RUS|>kontrollera	k a n t r o lʲ i r a
<|RUS|>okanchivavshis'	a k a nʲ t͡ɕ i v a f ʂ i sʲ
<|RUS|>tupish'	t u pʲ i ʂ
<|RUS|>bibliotekarsha	bʲ i b lʲ i a tʲ e k a r ʂ a
<|RUS|>srazhen'yu	s r a ʐ e nʲ j u
<|RUS|>koshelyax	k a ʂ i lʲ a x
<|RUS|>vkaly'vaya	f k a ɫ i v a j a
<|RUS|>slivami	s ⁽ʲ ⁾ lʲ i v a mʲ i
<|RUS|>polut'max	p a ɫ u tʲ m a x
<|RUS|>vy'dayut	v i d a j u t
<|RUS|>putayus'	p u t a j u sʲ
<|RUS|>sovratili	s a v r a tʲ i lʲ i
<|RUS|>manovenii	m a n a vʲ e nʲ i i
<|RUS|>matrasami	m a t r a s a mʲ i
<|RUS|>lesomaterialam	lʲ e s a m a tʲ i rʲ i a ɫ a m
<|RUS|>privyazhu	p rʲ i vʲ i ʐ u
<|RUS|>despotami	dʲ e s p a t a mʲ i
<|RUS|>propitaniyax	p r a pʲ i t a nʲ i j a x
<|RUS|>otvoryav	a t v a rʲ a f
<|RUS|>myasorubkami	mʲ i s a r u p k a mʲ i
<|RUS|>ukutavshi	u k u t a f ʂ i
<|RUS|>dy'nyami	d i nʲ a mʲ i
<|RUS|>mudoyoba	m u d a j o b a
<|RUS|>podstraxoval	p a t͡s s t r a x a v a ɫ
<|RUS|>obzvonit	a b z v a nʲ i t
<|RUS|>lejkozom	lʲ i j k o z a m
<|RUS|>ustanovit	u s t a n o vʲ i t
<|RUS|>sovershatsya	s a vʲ i r ʂ a t͡s a
<|RUS|>desyatiugol'niku	dʲ i sʲ i tʲ i u ɡ o lʲ nʲ i k u
<|RUS|>upryatav	u p rʲ a t a f
<|RUS|>shhitkax	ɕː i t k a x
<|RUS|>nedoedavshij	nʲ i d a j i d a f ʂ i j
<|RUS|>zaprosyat	z a p r o sʲ a t
<|RUS|>lzhenauka	ɫ ʐ i n a u k a
<|RUS|>vyozsya	vʲ o sʲ a
<|RUS|>odinoka	a dʲ i n o k a
<|RUS|>vy'davlivaya	v i d a v lʲ i v a j a
<|RUS|>kotelki	k a tʲ i ɫ kʲ i
<|RUS|>priderus'	p rʲ i dʲ i r u sʲ
<|RUS|>tipazhax	tʲ i p a ʐ a x
<|RUS|>angstrem	a n k s t r i m
<|RUS|>zhestokij	ʐ i s t o kʲ i j
<|RUS|>posvisty'vali	p a s vʲ i s t i v a lʲ i
<|RUS|>udochereniyax	u d a t͡ɕ i rʲ e nʲ i j a x
<|RUS|>azikami	a zʲ i k a mʲ i
<|RUS|>privinti	p rʲ i vʲ i nʲ tʲ i
<|RUS|>sinxronizaczij	sʲ i n x r a nʲ i z a t͡s i j
<|RUS|>zarzhavet'	z a r ʐ a vʲ i tʲ
<|RUS|>otlezhalas'	a t lʲ i ʐ a ɫ a sʲ
<|RUS|>devajsam	dʲ i v a j s a m
<|RUS|>e'liksirom	i lʲ i k sʲ i r a m
<|RUS|>vzmyoty'vaemy'j	v z mʲ o t i v a j i m i j
<|RUS|>otkraivaesh'	a t k r a i v a j i ʂ
<|RUS|>pioneru	pʲ i a nʲ e r u
<|RUS|>akojt	a k o j t
<|RUS|>dotaskav	d a t a s k a f
<|RUS|>zavershalo	z a vʲ i r ʂ a ɫ a
<|RUS|>niku	nʲ i k u
<|RUS|>raz''yaryaete	r a z j i rʲ a j i tʲ e
<|UKR|>demokratyčno	d ɪ m ɔ k r ɛ t ɪ t͡ʃ n ɔ
<|UKR|>samobutnij	s ɛ m ɔ b u tʲ nʲ i i
<|UKR|>satana	s ɛ t ɛ n ɑ
<|UKR|>afhans'kyj	ɛ f ɦ ɑ nʲ sʲ k ɪ i
<|UKR|>lit	lʲ i t
<|UKR|>avtobusna	ɛ u t ɔ b u s n ɛ
<|UKR|>ščokoju	ʃ t͡ʃ ɔ k ɔ j u
<|UKR|>olenyna	ɔ ɫ ɪ n ɪ n ɛ
<|UKR|>kosmodrom	k ɔ s m ɔ d r ɔ m
<|UKR|>postupku	p ɔ s t u p k u
<|UKR|>oznajomlennja	ɔ z n ɛ j ɔ m ɫ ɪ nʲ ɛ
<|UKR|>druhyj	d r u ɦ ɪ i
<|UKR|>sviča	sʲ ʋ i t͡ʃ ɛ
<|UKR|>kapital	k ɛ p i t ɑ ɫ
<|UKR|>im'ja	i m j ɛ
<|UKR|>nasolodytysja	n ɛ s ɔ ɫ ɔ d ɪ t ɪ sʲ ɛ
<|UKR|>čort	t͡ʃ ɔ r t
<|UKR|>kaplyci	k ɛ p ɫ ɪ t͡sʲ i
<|UKR|>perevyxovaty	p ɪ r ɪ ʋ ɪ x ɔ ʋ ɛ t ɪ
<|UKR|>svojak	s ʋ ɔ j ɑ k
<|UKR|>nezaležnosty	n ɪ z ɛ ɫ ɛ ʒ n ɔ s t ɪ
<|UKR|>dosjahnennja	d ɔ sʲ ɑ ɦ n ɪ nʲ ɛ
<|UKR|>ideal'nyj	i d ɪ ɑ lʲ n ɪ i
<|UKR|>zavdjaky	z ɛ u dʲ ɛ k ɪ
<|UKR|>tuneljax	t u n ɛ lʲ ɛ x
<|UKR|>obhovorjuvaty	ɔ b ɦ ɔ ʋ ɔ rʲ u ʋ ɛ t ɪ
<|UKR|>lakros	ɫ ɛ k r ɔ s
<|UKR|>zanotuvaty	z ɛ n ɔ t u ʋ ɑ t ɪ
<|UKR|>epoxy	ɪ p ɔ x ɪ
<|UKR|>nepryjnjatnyj	n ɪ p r ɪ i nʲ ɛ t n ɪ i
<|UKR|>pryčynnyj	p r ɪ t͡ʃ ɪ n ɪ i
<|UKR|>ščotyžnevyj	ʃ t͡ʃ ɔ t ɪ ʒ n ɛ ʋ ɪ i
<|UKR|>kapituljuvaty	k ɛ p i t u lʲ u ʋ ɑ t ɪ
<|UKR|>protytankovyj	p r ɔ t ɪ t ɑ n k ɔ ʋ ɪ i
<|UKR|>traktor	t r ɑ k t ɔ r
<|UKR|>konflikt	k ɔ n f lʲ i k t
<|UKR|>lebedynyj	ɫ ɪ b ɪ d ɪ n ɪ i
<|UKR|>pšenycja	p ʃ ɪ n ɪ t͡sʲ ɛ
<|UKR|>krab	k r ɑ b
<|UKR|>nedostupnyj	n ɪ d ɔ s t u p n ɪ i
<|UKR|>rozzbrojuvaty	r ɔ z b r ɔ j u ʋ ɛ t ɪ
<|UKR|>klaviatur	k ɫ ɛ ʋ i ɛ t u r
<|UKR|>trotuary	t r ɔ t u ɑ r ɪ
<|UKR|>izraïl'tjanyn	i z r ɛ j i lʲ tʲ ɑ n ɪ n
<|UKR|>čudovys'ko	t͡ʃ u d ɔ ʋ ɪ sʲ k ɔ
<|UKR|>usta	u s t ɑ
<|UKR|>rozpočaty	r ɔ z p ɔ t͡ʃ ɑ t ɪ
<|UKR|>dynamika	d ɪ n ɑ m i k ɛ
<|UKR|>hospitalizacija	ɦ ɔ sʲ p i t ɛ lʲ i z ɑ t͡sʲ i j ɛ
<|UKR|>afrykanec'	ɛ f r ɪ k ɑ n ɪ t͡sʲ
<|UKR|>povist'	p ɔ ʋ i sʲ tʲ
<|UKR|>hirs'kyj	ɦ i r sʲ k ɪ i
<|UKR|>ostatočnyj	ɔ s t ɛ t ɔ t͡ʃ n ɪ i
<|UKR|>pohnaty	p ɔ ɦ n ɑ t ɪ
<|UKR|>siryj	sʲ i r ɪ i
<|UKR|>pokaran'	p ɔ k ɛ r ɑ nʲ
<|UKR|>pošyryty	p ɔ ʃ ɪ r ɪ t ɪ
<|UKR|>plivka	p lʲ i u k ɛ
<|UKR|>policijax	p ɔ lʲ i t͡sʲ i j ɛ x
<|UKR|>potvornyj	p ɔ t ʋ ɔ r n ɪ i
<|UKR|>motocykl	m ɔ t ɔ t͡s ɪ k ɫ
<|UKR|>postupky	p ɔ s t u p k ɪ
<|UKR|>pozbavljaty	p ɔ z b ɛ u lʲ ɑ t ɪ
<|UKR|>vysnažuvaty	ʋ ɪ s n ɑ ʒ u ʋ ɛ t ɪ
<|UKR|>smertonosnyj	s m ɪ r t ɔ n ɔ s n ɪ i
<|UKR|>hlava	ɦ ɫ ɛ ʋ ɑ
<|UKR|>rozdil	r ɔ zʲ dʲ i ɫ
<|UKR|>pozdorovljaty	p ɔ z d ɔ r ɔ u lʲ ɑ t ɪ
<|UKR|>doroha	d ɔ r ɔ ɦ ɛ
<|UKR|>analizuvaty	ɛ n ɛ lʲ i z u ʋ ɑ t ɪ
<|UKR|>iljuzija	i lʲ u zʲ i j ɛ
<|UKR|>personal'nyj	p ɪ r s ɔ n ɑ lʲ n ɪ i
<|UKR|>koronavirus	k ɔ r ɔ n ɛ ʋ i r u s
<|UKR|>zaspokijlyvyj	z ɛ s p ɔ k i i ɫ ɪ ʋ ɪ i
<|UKR|>dev'janostyj	d ɪ ʋ j ɛ n ɔ s t ɪ i
<|UKR|>vstupaty	ʋ s t u p ɑ t ɪ
<|UKR|>vybyraty	ʋ ɪ b ɪ r ɑ t ɪ
<|UKR|>zaručaty	z ɛ r u t͡ʃ ɑ t ɪ
<|UKR|>pomyraty	p ɔ m ɪ r ɑ t ɪ
<|UKR|>promovljaty	p r ɔ m ɔ u lʲ ɑ t ɪ
<|UKR|>mikroskop	m i k r ɔ s k ɔ p
<|UKR|>spivrobitnyk	sʲ p i u r ɔ b i t n ɪ k
<|UKR|>nominal'nyj	n ɔ m i n ɑ lʲ n ɪ i
<|UKR|>prybičnycja	p r ɪ b i t͡ʃ n ɪ t͡sʲ ɛ
<|UKR|>den'	d ɛ nʲ
<|UKR|>z'jasuvaty	z j ɛ s u ʋ ɑ t ɪ
<|UKR|>virtual'nyj	ʋ i r t u ɑ lʲ n ɪ i
<|UKR|>peresičnyj	p ɪ r ɪ sʲ i t͡ʃ n ɪ i
<|UKR|>spivisnuvannja	sʲ p i ʋ i s n u ʋ ɑ nʲ ɛ
<|UKR|>melodijam	m ɪ ɫ ɔ dʲ i j ɛ m
<|UKR|>vidokremyty	ʋ i d ɔ k r ɛ m ɪ t ɪ
<|UKR|>procedurnyj	p r ɔ t͡s ɪ d u r n ɪ i
<|UKR|>allo	ɛ ɫ ɔ
<|UKR|>hipoteza	ɦ i p ɔ t ɪ z ɛ
<|UKR|>rozv'jazuvaty	r ɔ z ʋ j ɑ z u ʋ ɛ t ɪ
<|UKR|>ti	tʲ i
<|UKR|>antydot	ɛ n t ɪ d ɔ t
<|UKR|>movoznavec'	m ɔ ʋ ɔ z n ɑ ʋ ɪ t͡sʲ
<|UKR|>zabobon	z ɛ b ɔ b ɔ n
<|UKR|>orenda	ɔ r ɛ n d ɛ
<|UKR|>etap	ɪ t ɑ p
<|UKR|>poviky	p ɔ ʋ i k ɪ
<|UKR|>avstromarksyst	ɛ u s t r ɔ m ɛ r k s ɪ s t
<|UKR|>etyka	ɛ t ɪ k ɛ
<|UKR|>bolharyn	b ɔ ɫ ɦ ɑ r ɪ n
<|UKR|>postat'	p ɔ s t ɛ tʲ
<|UKR|>mil'jon	m i lʲ j ɔ n
<|UKR|>šči	ʃ t͡ʃʲ i
<|UKR|>lavandovyj	ɫ ɛ ʋ ɑ n d ɔ ʋ ɪ i
<|UKR|>šveds'kyj	ʃ ʋ ɛ d͡zʲ sʲ k ɪ i
<|UKR|>ocymy	ɔ t͡s ɪ m ɪ
<|UKR|>včytel'	ʋ t͡ʃ ɪ t ɪ lʲ
<|UKR|>bezžurnyj	b ɪ ʒ u r n ɪ i
<|UKR|>xotitysja	x ɔ tʲ i t ɪ sʲ ɛ
<|UKR|>slyna	s ɫ ɪ n ɛ
<|UKR|>variantamy	ʋ ɛ rʲ i ɑ n t ɛ m ɪ
<|UKR|>vidčuty	ʋ i d͡ʒ t͡ʃ u t ɪ
<|UKR|>perlyna	p ɪ r ɫ ɪ n ɛ
<|UKR|>relihijnyj	r ɪ lʲ i ɦ i i n ɪ i
<|UKR|>stat'	s t ɑ tʲ
<|UKR|>strymaty	s t r ɪ m ɛ t ɪ
<|UKR|>vypromenyty	ʋ ɪ p r ɔ m ɪ n ɪ t ɪ
<|UKR|>nahromadžuvaty	n ɛ ɦ r ɔ m ɑ d͡ʒ u ʋ ɛ t ɪ
<|UKR|>korin'	k ɔ rʲ i nʲ
<|UKR|>klasovyj	k ɫ ɑ s ɔ ʋ ɪ i
<|UKR|>vorota	ʋ ɔ r ɔ t ɛ
<|UKR|>j	j
<|UKR|>dyvnyj	d ɪ u n ɪ i
<|UKR|>vidpočyvaty	ʋ i d p ɔ t͡ʃ ɪ ʋ ɑ t ɪ
<|UKR|>žodnyj	ʒ ɔ d n ɪ i
<|UKR|>zmova	z m ɔ ʋ ɛ
<|UKR|>viddanyj	ʋ i d ɛ n ɪ i
<|UKR|>teplota	t ɪ p ɫ ɔ t ɑ
<|UKR|>xrest	x r ɛ s t
<|UKR|>ovid	ɔ ʋ i d
<|UKR|>kozel	k ɔ z ɛ ɫ
<|UKR|>boršč	b ɔ r ʃ t͡ʃ
<|UKR|>rodillja	r ɔ dʲ i lʲ ɛ
<|UKR|>periodyzacijam	p ɪ rʲ i ɔ d ɪ z ɑ t͡sʲ i j ɛ m
<|UKR|>orhanična	ɔ r ɦ ɛ nʲ i t͡ʃ n ɛ
<|UKR|>vyriznjatysja	ʋ ɪ rʲ i zʲ nʲ ɑ t ɪ sʲ ɛ
<|UKR|>driždži	dʲ rʲ i ʒ d͡ʒ i
<|UKR|>kryklyvyj	k r ɪ k ɫ ɪ ʋ ɪ i
<|UKR|>vymykaty	ʋ ɪ m ɪ k ɑ t ɪ
<|UKR|>uosobyty	u ɔ s ɔ b ɪ t ɪ
<|UKR|>vydatnyj	ʋ ɪ d ɛ t n ɪ i
<|UKR|>intensyvnist'	i n t ɪ n s ɪ u nʲ i sʲ tʲ
<|UKR|>toščo	t ɔ ʃ t͡ʃ ɔ
<|UKR|>povsjudnyj	p ɔ u sʲ u d n ɪ i
<|UKR|>perezapysaty	p ɪ r ɪ z ɛ p ɪ s ɑ t ɪ
<|UKR|>feje	f ɛ j ɪ
<|UKR|>menše	m ɛ n ʃ ɪ
<|UKR|>čarivnyk	t͡ʃ ɛ rʲ i u n ɪ k
<|UKR|>zymovyj	z ɪ m ɔ ʋ ɪ i
<|UKR|>lamaty	ɫ ɛ m ɑ t ɪ
<|UKR|>zara	z ɑ r ɛ
<|UKR|>naukovyj	n ɛ u k ɔ ʋ ɪ i
<|UKR|>aviapidžyvlennja	ɛ ʋ i ɛ p i d͡ʒ ɪ u ɫ ɪ nʲ ɛ
<|UKR|>prynyzyty	p r ɪ n ɪ z ɪ t ɪ
<|UKR|>brest	b r ɛ s t
<|UKR|>japonije	j ɛ p ɔ nʲ i j ɪ
<|UKR|>dyktator	d ɪ k t ɑ t ɔ r
<|UKR|>šestyhrannyk	ʃ ɪ s t ɪ ɦ r ɑ n ɪ k
<|UKR|>aviapasažyr	ɛ ʋ i ɛ p ɛ s ɛ ʒ ɪ r
<|UKR|>bel'hijs'kyj	b ɪ lʲ ɦ i i sʲ k ɪ i
<|UKR|>lehenja	ɫ ɪ ɦ ɛ nʲ ɛ
<|UKR|>sjudy	sʲ u d ɪ
<|UKR|>oxopyty	ɔ x ɔ p ɪ t ɪ
<|UKR|>šynok	ʃ ɪ n ɔ k
<|UKR|>trahičnyj	t r ɛ ɦ i t͡ʃ n ɪ i
<|UKR|>vkus	ʋ k u s
<|UKR|>brexnjamy	b r ɛ x nʲ ɛ m ɪ
<|UKR|>vysokosnyj	ʋ ɪ s ɔ k ɔ s n ɪ i
<|UKR|>blokadoju	b ɫ ɔ k ɑ d ɔ j u
<|UKR|>trav'janyj	t r ɛ ʋ j ɛ n ɪ i
<|UKR|>zajavyty	z ɛ j ɛ ʋ ɪ t ɪ
<|UKR|>birža	b i r ʒ ɛ
<|UKR|>pinystyj	p i n ɪ s t ɪ i
<|UKR|>ščoku	ʃ t͡ʃ ɔ k u
<|UKR|>vidvažnyj	ʋ i d ʋ ɑ ʒ n ɪ i
<|UKR|>bojko	b ɔ i k ɔ
<|UKR|>texnokratyčnyj	t ɪ x n ɔ k r ɛ t ɪ t͡ʃ n ɪ i
<|UKR|>myxajlo	m ɪ x ɑ i ɫ ɔ
<|UKR|>upasty	u p ɑ s t ɪ
<|UKR|>tajemnycjamy	t ɛ j ɪ m n ɪ t͡sʲ ɛ m ɪ
<|UKR|>kompaktnyj	k ɔ m p ɑ k t n ɪ i
<|UKR|>epidemiolohija	ɪ p i d ɪ m i ɔ ɫ ɔ ɦ i j ɛ
<|UKR|>strax	s t r ɑ x
<|UKR|>reči	r ɛ t͡ʃʲ i
<|UKR|>spožyvčyj	s p ɔ ʒ ɪ u t͡ʃ ɪ i
<|UKR|>skaržytysja	s k ɑ r ʒ ɪ t ɪ sʲ ɛ
<|UKR|>biolohija	b i ɔ ɫ ɔ ɦ i j ɛ
<|UKR|>koxanyj	k ɔ x ɛ n ɪ i
<|UKR|>vodosxovyšče	ʋ ɔ d ɔ s x ɔ ʋ ɪ ʃ t͡ʃ ɪ
<|UKR|>ateïstyčnyj	ɛ t ɪ j i s t ɪ t͡ʃ n ɪ i
<|UKR|>zvidkys'	zʲ ʋ i d k ɪ sʲ
<|UKR|>lypa	ɫ ɪ p ɛ
<|UKR|>stina	sʲ tʲ i n ɑ
<|UKR|>klasty	k ɫ ɑ s t ɪ
<|UKR|>myslyty	m ɪ s ɫ ɪ t ɪ
<|UKR|>abrohacija	ɛ b r ɔ ɦ ɑ t͡sʲ i j ɛ
<|UKR|>džhut	d͡ʒ ɦ u t
<|UKR|>hlek	ɦ ɫ ɛ k
<|UKR|>dos'je	d ɔ sʲ j ɛ
<|UKR|>vulycja	ʋ u ɫ ɪ t͡sʲ ɛ
<|UKR|>evoljucionuvaty	ɪ ʋ ɔ lʲ u t͡sʲ i ɔ n u ʋ ɑ t ɪ
<|UKR|>cnotlyvyj	t͡s n ɔ t ɫ ɪ ʋ ɪ i
<|UKR|>orhanizacije	ɔ r ɦ ɛ nʲ i z ɑ t͡sʲ i j ɪ
<|UKR|>dobuvaty	d ɔ b u ʋ ɑ t ɪ
<|UKR|>peremyr'ja	p ɪ r ɪ m ɪ r j ɛ
<|UKR|>splačuvaty	s p ɫ ɑ t͡ʃ u ʋ ɛ t ɪ
<|UKR|>restoran	r ɪ s t ɔ r ɑ n
<|UKR|>mrijamy	m rʲ i j ɛ m ɪ
<|UKR|>pauzu	p ɑ u z u
<|UKR|>emihruvaty	ɪ m i ɦ r u ʋ ɑ t ɪ
<|UKR|>najmaty	n ɛ i m ɑ t ɪ
<|UKR|>počaty	p ɔ t͡ʃ ɑ t ɪ
<|UKR|>mikrofon	m i k r ɔ f ɔ n
<|UKR|>hranycja	ɦ r ɛ n ɪ t͡sʲ ɛ
<|UKR|>bydlo	b ɪ d ɫ ɔ
<|UKR|>piramida	p i r ɛ m i d ɛ
<|UKR|>bere	b ɪ r ɛ
<|UKR|>xerson	x ɪ r s ɔ n
<|UKR|>lehitymacija	ɫ ɪ ɦ i t ɪ m ɑ t͡sʲ i j ɛ
<|UKR|>rukoju	r u k ɔ j u
<|UKR|>blahyj	b ɫ ɛ ɦ ɪ i
<|UKR|>pozazemnyj	p ɔ z ɛ z ɛ m n ɪ i
<|UKR|>buvaty	b u ʋ ɑ t ɪ
<|UKR|>roslyna	r ɔ s ɫ ɪ n ɛ
<|UKR|>dytsadkiv	d ɪ t͡s ɛ dʲ k i u
<|UKR|>revoljucija	r ɪ ʋ ɔ lʲ u t͡sʲ i j ɛ
<|UKR|>firma	f i r m ɛ
<|UKR|>rejtuzy	r ɪ i t u z ɪ
<|UKR|>lehenevyj	ɫ ɪ ɦ ɪ n ɛ ʋ ɪ i
<|UKR|>kaštan	k ɛ ʃ t ɑ n
<|UKR|>pidvyščuvaty	p i d ʋ ɪ ʃ t͡ʃ u ʋ ɛ t ɪ
<|UKR|>splanuvaty	s p ɫ ɛ n u ʋ ɑ t ɪ
<|UKR|>movyty	m ɔ ʋ ɪ t ɪ
<|UKR|>turnir	t u r nʲ i r
<|UKR|>pesymistyčnyj	p ɪ s ɪ m i s t ɪ t͡ʃ n ɪ i
<|UKR|>cerkovnyj	t͡s ɪ r k ɔ u n ɪ i
<|UKR|>šapoval	ʃ ɛ p ɔ ʋ ɑ ɫ
<|UKR|>pidxožyj	p i d x ɔ ʒ ɪ i
<|UKR|>pereorijentuvaty	p ɪ r ɪ ɔ rʲ i j ɪ n t u ʋ ɑ t ɪ
<|UKR|>vidsvjatkuvaty	ʋ i d͡z sʲ ʋ ɛ t k u ʋ ɑ t ɪ
<|UKR|>tryhliceryd	t r ɪ ɦ lʲ i t͡s ɪ r ɪ d
<|UKR|>bezperebijnyj	b ɪ z p ɪ r ɪ b i i n ɪ i
<|UKR|>pisnja	p i sʲ nʲ ɛ
<|UKR|>portfeljax	p ɔ r t f ɛ lʲ ɛ x
<|UKR|>velosyped	ʋ ɪ ɫ ɔ s ɪ p ɛ d
<|UKR|>končyna	k ɔ n t͡ʃ ɪ n ɛ
<|UKR|>mifolohija	m i f ɔ ɫ ɔ ɦ i j ɛ
<|UKR|>domašnje	d ɔ m ɑ ʃ nʲ ɪ
<|UKR|>roman	r ɔ m ɑ n
<|UKR|>patriotyzmi	p ɛ tʲ rʲ i ɔ t ɪ zʲ m i
<|UKR|>aviatrasa	ɛ ʋ i ɛ t r ɑ s ɛ
<|UKR|>porivnjannja	p ɔ rʲ i u nʲ ɑ nʲ ɛ
<|UKR|>stabil'nyj	s t ɛ b i lʲ n ɪ i
<|UKR|>prybičnyk	p r ɪ b i t͡ʃ n ɪ k
<|UKR|>vidvaha	ʋ i d ʋ ɑ ɦ ɛ
<|UKR|>zhodnyj	z ɦ ɔ d n ɪ i
<|UKR|>hercohynja	ɦ ɪ r t͡s ɔ ɦ ɪ nʲ ɛ
<|UKR|>akul	ɛ k u ɫ
<|UKR|>hony	ɦ ɔ n ɪ
<|UKR|>ryba	r ɪ b ɛ
<|UKR|>vidriznjatysja	ʋ i dʲ rʲ i zʲ nʲ ɑ t ɪ sʲ ɛ
<|UKR|>navihacijnyj	n ɛ ʋ i ɦ ɛ t͡sʲ i i n ɪ i
<|UKR|>rušnycja	r u ʃ n ɪ t͡sʲ ɛ
<|UKR|>afhanistan	ɛ f ɦ ɛ nʲ i s t ɑ n
<|UKR|>osvižyty	ɔ sʲ ʋ i ʒ ɪ t ɪ
<|UKR|>perevaha	p ɪ r ɪ ʋ ɑ ɦ ɛ
<|UKR|>aristotel'	ɛ rʲ i s t ɔ t ɪ lʲ
<|UKR|>kvadratnyj	k ʋ ɛ d r ɑ t n ɪ i
<|UKR|>vybyratysja	ʋ ɪ b ɪ r ɑ t ɪ sʲ ɛ
<|UKR|>zmahatysja	z m ɛ ɦ ɑ t ɪ sʲ ɛ
<|UKR|>absoljutno	ɛ b s ɔ lʲ u t n ɔ
<|UKR|>dovojennyj	d ɔ ʋ ɔ j ɛ n ɪ i
<|UKR|>riznomanitnyj	rʲ i z n ɔ m ɛ nʲ i t n ɪ i
<|UKR|>zločynec'	z ɫ ɔ t͡ʃ ɪ n ɪ t͡sʲ
<|UKR|>vereteno	ʋ ɪ r ɪ t ɛ n ɔ
<|UKR|>postijno	p ɔ sʲ tʲ i i n ɔ
<|UKR|>bruxt	b r u x t
<|UKR|>zvernennja	z ʋ ɛ r n ɪ nʲ ɛ
<|UKR|>meva	m ɛ ʋ ɛ
<|UKR|>vnaslidok	ʋ n ɑ sʲ lʲ i d ɔ k
<|UKR|>druhovi	d r u ɦ ɔ ʋ i
<|UKR|>fejax	f ɛ j ɛ x
<|UKR|>čverti	t͡ʃ ʋ ɛ r tʲ i
<|UKR|>kyšen'kovi	k ɪ ʃ ɪ nʲ k ɔ ʋ i
<|UKR|>dyvizijax	d ɪ ʋ i zʲ i j ɛ x
<|UKR|>cikavyj	t͡sʲ i k ɑ ʋ ɪ i
<|UKR|>kryterijam	k r ɪ t ɛ rʲ i j ɛ m
<|UKR|>aeroskopija	ɛ ɪ r ɔ s k ɔ p i j ɛ
<|UKR|>zaveršennja	z ɛ ʋ ɛ r ʃ ɪ nʲ ɛ
<|UKR|>vil'nodumec'	ʋ i lʲ n ɔ d u m ɪ t͡sʲ
<|UKR|>sklovydnyj	s k ɫ ɔ ʋ ɪ d n ɪ i
<|UKR|>dovičnyj	d ɔ ʋ i t͡ʃ n ɪ i
<|UKR|>nyrka	n ɪ r k ɛ
<|UKR|>kovzkyj	k ɔ u z k ɪ i
<|UKR|>dobročesnyj	d ɔ b r ɔ t͡ʃ ɛ s n ɪ i
<|UKR|>obstežuvaty	ɔ b s t ɛ ʒ u ʋ ɛ t ɪ
<|UKR|>tancjuvaty	t ɛ nʲ t͡sʲ u ʋ ɑ t ɪ
<|UKR|>opytaty	ɔ p ɪ t ɑ t ɪ
<|UKR|>rady	r ɑ d ɪ
<|UKR|>slymak	s ɫ ɪ m ɑ k
<|UKR|>zelen	z ɛ ɫ ɪ n
<|UKR|>epox	ɪ p ɔ x
<|UKR|>rumuns'kyj	r u m u nʲ sʲ k ɪ i
<|UKR|>hriznyj	ɦ rʲ i z n ɪ i
<|UKR|>sytuacijax	s ɪ t u ɑ t͡sʲ i j ɛ x
<|UKR|>bezžal'nyj	b ɪ ʒ ɑ lʲ n ɪ i
<|UKR|>taka	t ɛ k ɑ
<|UKR|>dramaturhičnyj	d r ɛ m ɛ t u r ɦ i t͡ʃ n ɪ i
<|UKR|>avtovlasnyk	ɛ u t ɔ u ɫ ɑ s n ɪ k
<|UKR|>ukraïns'kymy	u k r ɛ j i nʲ sʲ k ɪ m ɪ
<|UKR|>horod	ɦ ɔ r ɔ d
<|UKR|>unikal'nyj	u nʲ i k ɑ lʲ n ɪ i
<|UKR|>spožyvannja	s p ɔ ʒ ɪ ʋ ɑ nʲ ɛ
<|UKR|>posud	p ɔ s u d
<|UKR|>nas	n ɑ s
<|UKR|>diafrahmamy	dʲ i ɛ f r ɑ ɦ m ɛ m ɪ
<|UKR|>krytykuvaty	k r ɪ t ɪ k u ʋ ɑ t ɪ
<|UKR|>bolnycja	b ɔ ɫ n ɪ t͡sʲ ɛ
<|UKR|>pryvitaty	p r ɪ ʋ i t ɑ t ɪ
<|UKR|>vorožneča	ʋ ɔ r ɔ ʒ n ɛ t͡ʃ ɛ
<|UKR|>nedoocinjuvaty	n ɪ d ɔ ɔ t͡sʲ i nʲ u ʋ ɛ t ɪ
<|UKR|>stilec'	sʲ tʲ i ɫ ɛ t͡sʲ
<|UKR|>turyzm	t u r ɪ z m
<|UKR|>albanija	ɛ ɫ b ɑ nʲ i j ɛ
<|UKR|>hlid	ɦ lʲ i d
<|UKR|>medytacija	m ɪ d ɪ t ɑ t͡sʲ i j ɛ
<|UKR|>diafrahmi	dʲ i ɛ f r ɑ ɦ m i
<|UKR|>zasnovnyk	z ɛ s n ɔ u n ɪ k
<|UKR|>sklo	s k ɫ ɔ
<|UKR|>doškax	d ɔ ʃ k ɛ x
<|UKR|>kil'ce	k i lʲ t͡s ɛ
<|UKR|>izumrudnyj	i z u m r u d n ɪ i
<|UKR|>kelyx	k ɛ ɫ ɪ x
<|UKR|>antybiotyky	ɛ n t ɪ b i ɔ t ɪ k ɪ
<|UKR|>suknja	s u k nʲ ɛ
<|UKR|>kyšenjax	k ɪ ʃ ɛ nʲ ɛ x
<|UKR|>radist'	r ɑ dʲ i sʲ tʲ
<|UKR|>portfelja	p ɔ r t f ɛ lʲ ɛ
<|UKR|>možna	m ɔ ʒ n ɛ
<|UKR|>riznomanittja	rʲ i z n ɔ m ɛ nʲ i tʲ ɛ
<|UKR|>ambicija	ɛ m b i t͡sʲ i j ɛ
<|UKR|>rodzynka	r ɔ d͡z ɪ n k ɛ
<|UKR|>nenarodženyj	n ɪ n ɛ r ɔ d͡ʒ ɪ n ɪ i
<|UKR|>ščoko	ʃ t͡ʃ ɔ k ɔ
<|UKR|>karas'	k ɛ r ɑ sʲ
<|UKR|>suspil'stvo	s u sʲ p i lʲ s t ʋ ɔ
<|UKR|>praty	p r ɑ t ɪ
<|UKR|>sercevyj	s ɪ r t͡s ɛ ʋ ɪ i
<|UKR|>ščavel'	ʃ t͡ʃ ɛ ʋ ɛ lʲ
<|UKR|>termometryčnyj	t ɪ r m ɔ m ɪ t r ɪ t͡ʃ n ɪ i
<|UKR|>dlja	dʲ lʲ ɑ
<|UKR|>šovkovyj	ʃ ɔ u k ɔ ʋ ɪ i
<|UKR|>skljanka	s k lʲ ɑ n k ɛ
<|UKR|>volejbolistka	ʋ ɔ ɫ ɪ i b ɔ lʲ i s t k ɛ
<|UKR|>zyma	z ɪ m ɑ
<|UKR|>zmi	zʲ m i
<|UKR|>pomsta	p ɔ m s t ɛ
<|UKR|>kara	k ɑ r ɛ
<|UKR|>parxomenko	p ɛ r x ɔ m ɪ n k ɔ
<|UKR|>enerhij	ɪ n ɛ r ɦ i i
<|UKR|>terpelyvist'	t ɪ r p ɪ ɫ ɪ ʋ i sʲ tʲ
<|UKR|>zdohaduvatysja	z d ɔ ɦ ɑ d u ʋ ɛ t ɪ sʲ ɛ
<|UKR|>jalovyčynu	j ɑ ɫ ɔ ʋ ɪ t͡ʃ ɪ n u
<|UKR|>dynamično	d ɪ n ɛ m i t͡ʃ n ɔ
<|UKR|>jahoda	j ɑ ɦ ɔ d ɛ
<|UKR|>dijevyj	dʲ i j ɛ ʋ ɪ i
<|UKR|>vyžloktaty	ʋ ɪ ʒ ɫ ɔ k t ɛ t ɪ
<|UKR|>trahedija	t r ɛ ɦ ɛ dʲ i j ɛ
<|UKR|>pidpryjemstvo	p i d p r ɪ j ɛ m s t ʋ ɔ
<|UKR|>tešča	t ɛ ʃ t͡ʃ ɛ
<|UKR|>debjutuvaty	d ɪ b u t u ʋ ɑ t ɪ
<|UKR|>vidčynjaty	ʋ i d͡ʒ t͡ʃ ɪ nʲ ɑ t ɪ
<|UKR|>upevnenist'	u p ɛ u n ɪ nʲ i sʲ tʲ
<|UKR|>najavnyj	n ɛ j ɑ u n ɪ i
<|UKR|>komora	k ɔ m ɔ r ɛ
<|UKR|>podibnist'	p ɔ dʲ i b nʲ i sʲ tʲ
<|UKR|>sub'jekt	s u b j ɛ k t
<|UKR|>zvidsy	zʲ ʋ i d͡z s ɪ
<|UKR|>nevrolohija	n ɪ u r ɔ ɫ ɔ ɦ i j ɛ
<|UKR|>dolonjax	d ɔ ɫ ɔ nʲ ɛ x
<|UKR|>meksykanka	m ɪ k s ɪ k ɑ n k ɛ
<|UKR|>pobačennja	p ɔ b ɑ t͡ʃ ɪ nʲ ɛ
<|UKR|>maskat	m ɛ s k ɑ t
<|UKR|>obidaty	ɔ b i d ɛ t ɪ
<|UKR|>cehla	t͡s ɛ ɦ ɫ ɛ
<|UKR|>transformacijax	t r ɛ n s f ɔ r m ɑ t͡sʲ i j ɛ x
<|UKR|>dvadcjatyodnokutnyk	d ʋ ɛ d͡zʲ t͡sʲ ɛ t ɪ ɔ d n ɔ k u t n ɪ k
<|UKR|>pidnjaty	p i dʲ nʲ ɑ t ɪ
<|UKR|>postatjax	p ɔ s t ɛ tʲ ɛ x
<|UKR|>bilyj	b i ɫ ɪ i
<|UKR|>pidvikonnja	p i dʲ ʋ i k ɔ nʲ ɛ
<|UKR|>vizovyj	ʋ i z ɔ ʋ ɪ i
<|UKR|>antahonizm	ɛ n t ɛ ɦ ɔ nʲ i z m
<|UKR|>syntezuvaty	s ɪ n t ɪ z u ʋ ɑ t ɪ
<|UKR|>zorovyj	z ɔ r ɔ ʋ ɪ i
<|UKR|>spryjnjattja	s p r ɪ i nʲ ɛ tʲ ɑ
<|UKR|>koncept	k ɔ n t͡s ɛ p t
<|UKR|>šanuval'nyk	ʃ ɛ n u ʋ ɑ lʲ n ɪ k
<|UKR|>položennja	p ɔ ɫ ɔ ʒ ɪ nʲ ɛ
<|UKR|>zaboronjaty	z ɛ b ɔ r ɔ nʲ ɑ t ɪ
<|UKR|>pomidor	p ɔ m i d ɔ r
<|UKR|>abort	ɛ b ɔ r t
<|UKR|>občysljuvaty	ɔ b t͡ʃ ɪ sʲ lʲ u ʋ ɛ t ɪ
<|UKR|>halstuk	ɦ ɑ ɫ s t u k
<|UKR|>druh	d r u ɦ
<|UKR|>skoro	s k ɔ r ɔ
<|UKR|>akcentuvaty	ɛ k t͡s ɪ n t u ʋ ɑ t ɪ
<|UKR|>častka	t͡ʃ ɑ s t k ɛ
<|UKR|>skroni	s k r ɔ nʲ i
<|UKR|>komedija	k ɔ m ɛ dʲ i j ɛ
<|UKR|>pozycija	p ɔ z ɪ t͡sʲ i j ɛ
<|UKR|>mif	m i f
<|UKR|>licenzija	lʲ i t͡s ɛ nʲ zʲ i j ɛ
<|UKR|>komanda	k ɔ m ɑ n d ɛ
<|UKR|>arka	ɑ r k ɛ
<|UKR|>aerolit	ɛ ɪ r ɔ lʲ i t
<|UKR|>pryjmaty	p r ɪ i m ɑ t ɪ
<|UKR|>dobryvečir	d ɔ b r ɪ ʋ ɛ t͡ʃʲ i r
<|UKR|>sxematyzuvaty	s x ɪ m ɛ t ɪ z u ʋ ɑ t ɪ
<|UKR|>kolys'	k ɔ ɫ ɪ sʲ
<|UKR|>žasmyn	ʒ ɛ s m ɪ n
<|UKR|>aviameteoslužba	ɛ ʋ i ɛ m ɪ t ɪ ɔ s ɫ u ʒ b ɛ
<|UKR|>katehoryčnyj	k ɛ t ɪ ɦ ɔ r ɪ t͡ʃ n ɪ i
<|UKR|>hucul'ščyna	ɦ u t͡s u lʲ ʃ t͡ʃ ɪ n ɛ
<|UKR|>mast'	m ɑ sʲ tʲ
<|UKR|>portatyvnyj	p ɔ r t ɛ t ɪ u n ɪ i
<|UKR|>represyvnyj	r ɪ p r ɪ s ɪ u n ɪ i
<|UKR|>pros'ba	p r ɔ zʲ b ɛ
<|UKR|>ubohyj	u b ɔ ɦ ɪ i
<|UKR|>bezpilotnyj	b ɪ zʲ p i ɫ ɔ t n ɪ i
<|UKR|>lysycja	ɫ ɪ s ɪ t͡sʲ ɛ
<|UKR|>hladiator	ɦ ɫ ɛ dʲ i ɑ t ɔ r
<|UKR|>humanistka	ɦ u m ɛ nʲ i s t k ɛ
<|UKR|>plast	p ɫ ɑ s t
<|UKR|>jevrejs'kyj	j ɪ u r ɛ i sʲ k ɪ i
<|UKR|>volokty	ʋ ɔ ɫ ɔ k t ɪ
<|UKR|>niderlandy	nʲ i d ɪ r ɫ ɑ n d ɪ
<|UKR|>orhany	ɔ r ɦ ɛ n ɪ
<|UKR|>ščytopodibna	ʃ t͡ʃ ɪ t ɔ p ɔ dʲ i b n ɛ
<|UKR|>ruku	r u k u
<|UKR|>tisnyj	tʲ i s n ɪ i
<|UKR|>žurnal	ʒ u r n ɑ ɫ
<|UKR|>lis	lʲ i s
<|UKR|>nablyzyty	n ɛ b ɫ ɪ z ɪ t ɪ
<|UKR|>kvantova	k ʋ ɑ n t ɔ ʋ ɛ
<|UKR|>nesterpnyj	n ɪ s t ɛ r p n ɪ i
<|UKR|>plavec'	p ɫ ɛ ʋ ɛ t͡sʲ
<|UKR|>vyboramy	ʋ ɪ b ɔ r ɛ m ɪ
<|UKR|>neperervnyj	n ɪ p ɪ r ɛ r ʋ n ɪ i
<|UKR|>tjažkyj	tʲ ɛ ʒ k ɪ i
<|UKR|>eksponat	ɪ k s p ɔ n ɑ t
<|UKR|>arterijam	ɛ r t ɛ rʲ i j ɛ m
<|UKR|>bohoslov'ja	b ɔ ɦ ɔ s ɫ ɔ ʋ j ɛ
<|UKR|>parašutyzm	p ɛ r ɛ ʃ u t ɪ z m
<|UKR|>rodytysja	r ɔ d ɪ t ɪ sʲ ɛ
<|UKR|>molekuljarna	m ɔ ɫ ɪ k u lʲ ɑ r n ɛ
<|UKR|>avtoryzuvaty	ɛ u t ɔ r ɪ z u ʋ ɑ t ɪ
<|UKR|>pojednannja	p ɔ j ɪ d n ɑ nʲ ɛ
<|UKR|>lystopad	ɫ ɪ s t ɔ p ɑ d
<|UKR|>ikra	i k r ɑ
<|UKR|>pracivnyci	p r ɛ t͡sʲ i u n ɪ t͡sʲ i
<|UKR|>samocil'	s ɛ m ɔ t͡sʲ i lʲ
<|UKR|>trener	t r ɛ n ɪ r
<|UKR|>boloto	b ɔ ɫ ɔ t ɔ
<|UKR|>isnujučyj	i s n u j u t͡ʃ ɪ i
<|UKR|>spryjatlyvyj	s p r ɪ j ɑ t ɫ ɪ ʋ ɪ i
<|UKR|>možlyvist'	m ɔ ʒ ɫ ɪ ʋ i sʲ tʲ
<|UKR|>rodovyj	r ɔ d ɔ ʋ ɪ i
<|UKR|>stymul	s t ɪ m u ɫ
<|UKR|>naselyty	n ɛ s ɪ ɫ ɪ t ɪ
<|UKR|>terem	t ɛ r ɪ m
<|UKR|>krym	k r ɪ m
<|UKR|>arkuš	ɑ r k u ʃ
<|UKR|>hnaty	ɦ n ɑ t ɪ
<|UKR|>vivsiv	ʋ i u sʲ i u
<|UKR|>pryslivnykovyj	p r ɪ sʲ lʲ i u n ɪ k ɔ ʋ ɪ i
<|UKR|>bezvidsotkovyj	b ɪ zʲ ʋ i d͡z s ɔ t k ɔ ʋ ɪ i
<|UKR|>navruz	n ɛ u r u z
<|UKR|>pen'	p ɛ nʲ
<|UKR|>dzyga	d͡z ɪ ɡ ɛ
<|UKR|>blokadamy	b ɫ ɔ k ɑ d ɛ m ɪ
<|UKR|>hamanec'	ɦ ɛ m ɛ n ɛ t͡sʲ
<|UKR|>švedka	ʃ ʋ ɛ d k ɛ
<|UKR|>poema	p ɔ ɛ m ɛ
<|UKR|>čajna	t͡ʃ ɛ i n ɑ
<|UKR|>korovaj	k ɔ r ɔ ʋ ɑ i
<|UKR|>kalendarem	k ɛ ɫ ɪ n d ɛ r ɛ m
<|UKR|>ornitolohija	ɔ r nʲ i t ɔ ɫ ɔ ɦ i j ɛ
<|UKR|>riznovyd	rʲ i z n ɔ ʋ ɪ d
<|UKR|>bonusom	b ɔ n u s ɔ m
<|UKR|>dosvidčenyj	d ɔ sʲ ʋ i d͡ʒ t͡ʃ ɪ n ɪ i
<|UKR|>hejmplej	ɦ ɪ i m p ɫ ɛ i
<|UKR|>hryven'	ɦ r ɪ ʋ ɪ nʲ
<|UKR|>vžyty	ʋ ʒ ɪ t ɪ
<|UKR|>korčma	k ɔ r t͡ʃ m ɛ
<|UKR|>enzym	ɪ n z ɪ m
<|UKR|>postupci	p ɔ s t u p t͡sʲ i
<|UKR|>morozyvo	m ɔ r ɔ z ɪ ʋ ɔ
<|UKR|>batjary	b ɛ tʲ ɑ r ɪ
<|UKR|>blaho	b ɫ ɑ ɦ ɔ
<|UKR|>uosobljuvaty	u ɔ s ɔ b lʲ u ʋ ɛ t ɪ
<|UKR|>idealistyčnyj	i d ɪ ɛ lʲ i s t ɪ t͡ʃ n ɪ i
<|UKR|>proporciï	p r ɔ p ɔ r t͡sʲ i j i
<|UKR|>promoknuty	p r ɔ m ɔ k n u t ɪ
<|UKR|>monopolist	m ɔ n ɔ p ɔ lʲ i s t
<|UKR|>sobivartist'	s ɔ b i ʋ ɑ r tʲ i sʲ tʲ
<|UKR|>švydkist'	ʃ ʋ ɪ dʲ k i sʲ tʲ
<|UKR|>sluxač	s ɫ u x ɑ t͡ʃ
<|UKR|>pozbutysja	p ɔ z b u t ɪ sʲ ɛ
<|UKR|>tistečko	tʲ i s t ɪ t͡ʃ k ɔ
<|UKR|>sonja	s ɔ nʲ ɛ
<|UKR|>nejtralitet	n ɪ i t r ɛ lʲ i t ɛ t
<|UKR|>kiš	k i ʃ
<|UKR|>fil'tr	f i lʲ t r
<|UKR|>tekstovyj	t ɪ k s t ɔ ʋ ɪ i
<|UKR|>imperija	i m p ɛ rʲ i j ɛ
<|UKR|>xmel'nyc'kyj	x m ɪ lʲ n ɪ t͡sʲ k ɪ i
<|UKR|>faktyčnyj	f ɛ k t ɪ t͡ʃ n ɪ i
<|UKR|>tysjač	t ɪ sʲ ɛ t͡ʃ
<|UKR|>viddanist'	ʋ i d ɛ nʲ i sʲ tʲ
<|UKR|>priorytet	p rʲ i ɔ r ɪ t ɛ t
<|UKR|>manipuljuvaty	m ɛ nʲ i p u lʲ u ʋ ɑ t ɪ
<|UKR|>akademičnyj	ɛ k ɛ d ɪ m i t͡ʃ n ɪ i
<|UKR|>hryb	ɦ r ɪ b
<|UKR|>ukraïnoju	u k r ɛ j i n ɔ j u
<|UKR|>agrusivka	ɛ ɡ r u sʲ i u k ɛ
<|UKR|>supruhoju	s u p r u ɦ ɔ j u
<|UKR|>ab'juracija	ɛ b j u r ɑ t͡sʲ i j ɛ
<|UKR|>dysbalans	d ɪ z b ɛ ɫ ɑ n s
<|UKR|>pereocinjuvaty	p ɪ r ɪ ɔ t͡sʲ i nʲ u ʋ ɛ t ɪ
<|UKR|>pozbavyty	p ɔ z b ɑ ʋ ɪ t ɪ
<|UKR|>hibrydnyj	ɦ i b r ɪ d n ɪ i
<|UKR|>duš	d u ʃ
<|UKR|>filosofija	f i ɫ ɔ s ɔ f i j ɛ
<|UKR|>susidka	s u sʲ i d k ɛ
<|UKR|>peršist'	p ɛ r ʃ i sʲ tʲ
<|UKR|>intensyfikuvaty	i n t ɪ n s ɪ f i k u ʋ ɑ t ɪ
<|UKR|>feministyčnyj	f ɪ m i nʲ i s t ɪ t͡ʃ n ɪ i
<|UKR|>daty	d ɑ t ɪ
<|UKR|>pidmet	p i d m ɪ t
<|UKR|>pramova	p r ɛ m ɔ ʋ ɛ
<|UKR|>kaplyceju	k ɛ p ɫ ɪ t͡s ɪ j u
<|UKR|>systematyčnyj	s ɪ s t ɪ m ɛ t ɪ t͡ʃ n ɪ i
<|UKR|>rosijanyn	r ɔ sʲ i j ɑ n ɪ n
<|UKR|>topoli	t ɔ p ɔ lʲ i
<|UKR|>aktyvnist'	ɛ k t ɪ u nʲ i sʲ tʲ
<|UKR|>aviasalon	ɛ ʋ i ɛ s ɛ ɫ ɔ n
<|UKR|>daremnist'	d ɛ r ɛ m nʲ i sʲ tʲ
<|UKR|>holovnyj	ɦ ɔ ɫ ɔ u n ɪ i
<|UKR|>sportyvnyj	s p ɔ r t ɪ u n ɪ i
<|UKR|>klimatyčnyj	k lʲ i m ɛ t ɪ t͡ʃ n ɪ i
<|UKR|>vyščyj	ʋ ɪ ʃ t͡ʃ ɪ i
<|UKR|>vidpočylyj	ʋ i d p ɔ t͡ʃ ɪ ɫ ɪ i
<|UKR|>čaber	t͡ʃ ɛ b ɛ r
<|UKR|>psyxolohičnyj	p s ɪ x ɔ ɫ ɔ ɦ i t͡ʃ n ɪ i
<|UKR|>mizernyj	m i z ɪ r n ɪ i
<|UKR|>tokar	t ɔ k ɛ r
<|UKR|>uhors'komovnyj	u ɦ ɔ r sʲ k ɔ m ɔ u n ɪ i
<|UKR|>šokolad	ʃ ɔ k ɔ ɫ ɑ d
<|UKR|>jama	j ɑ m ɛ
<|UKR|>dani	d ɑ nʲ i
<|UKR|>zovni	z ɔ u nʲ i
<|UKR|>sumnivatysja	s u m nʲ i ʋ ɑ t ɪ sʲ ɛ
<|UKR|>vitebs'k	ʋ i t ɪ b sʲ k
<|UKR|>druže	d r u ʒ ɪ
<|UKR|>nazyvaty	n ɛ z ɪ ʋ ɑ t ɪ
<|UKR|>koncepcija	k ɔ n t͡s ɛ p t͡sʲ i j ɛ
<|UKR|>konli	k ɔ nʲ lʲ i
<|UKR|>rosty	r ɔ s t ɪ
<|UKR|>budda	b u d ɛ
<|UKR|>aktyvuvaty	ɛ k t ɪ ʋ u ʋ ɑ t ɪ
<|UKR|>vizantijs'kyj	ʋ i z ɛ nʲ tʲ i i sʲ k ɪ i
<|UKR|>sudno	s u d n ɔ
<|UKR|>frazeolohičnyj	f r ɛ z ɪ ɔ ɫ ɔ ɦ i t͡ʃ n ɪ i
<|UKR|>arterije	ɛ r t ɛ rʲ i j ɪ
<|UKR|>mižvojennyj	m i ʒ ʋ ɔ j ɛ n ɪ i
<|UKR|>zekonomyty	z ɪ k ɔ n ɔ m ɪ t ɪ
<|UKR|>apatyčnyj	ɛ p ɛ t ɪ t͡ʃ n ɪ i
<|UKR|>dyslokacija	d ɪ s ɫ ɔ k ɑ t͡sʲ i j ɛ
<|UKR|>ščonajmenše	ʃ t͡ʃ ɔ n ɛ i m ɛ n ʃ ɪ
<|UKR|>kutok	k u t ɔ k
<|UKR|>nespodivanyj	n ɪ s p ɔ dʲ i ʋ ɛ n ɪ i
<|UKR|>material'nyj	m ɛ t ɪ rʲ i ɑ lʲ n ɪ i
<|UKR|>xvority	x ʋ ɔ rʲ i t ɪ
<|UKR|>košulja	k ɔ ʃ u lʲ ɛ
<|UKR|>prodavaty	p r ɔ d ɛ ʋ ɑ t ɪ
<|UKR|>petycija	p ɪ t ɪ t͡sʲ i j ɛ
<|UKR|>ablastyka	ɛ b ɫ ɑ s t ɪ k ɛ
<|UKR|>aviaučylyšče	ɛ ʋ i ɛ u t͡ʃ ɪ ɫ ɪ ʃ t͡ʃ ɪ
<|UKR|>dovh	d ɔ u ɦ
<|UKR|>obmežennja	ɔ b m ɛ ʒ ɪ nʲ ɛ
<|UKR|>žolud'	ʒ ɔ ɫ u dʲ
<|UKR|>pljuvaty	p lʲ u ʋ ɑ t ɪ
<|UKR|>salon	s ɛ ɫ ɔ n
<|UKR|>rozuminnja	r ɔ z u m i nʲ ɛ
<|UKR|>svitanok	sʲ ʋ i t ɑ n ɔ k
<|UKR|>neformal'nyj	n ɪ f ɔ r m ɑ lʲ n ɪ i
<|UKR|>prodavščycja	p r ɔ d ɛ u ʃ t͡ʃ ɪ t͡sʲ ɛ
<|UKR|>trok	t r ɔ k
<|UKR|>deklaraciju	d ɪ k ɫ ɛ r ɑ t͡sʲ i j u
<|UKR|>lyxomanka	ɫ ɪ x ɔ m ɑ n k ɛ
<|UKR|>matr'oška	m ɛ tʲ rʲ ɔ ʃ k ɛ
<|UKR|>dytsadok	d ɪ t͡s ɛ d ɔ k
<|UKR|>sympatyčnyj	s ɪ m p ɛ t ɪ t͡ʃ n ɪ i
<|UKR|>povidomlennja	p ɔ ʋ i d ɔ m ɫ ɪ nʲ ɛ
<|UKR|>dovhyj	d ɔ u ɦ ɪ i
<|UKR|>reproduktyvnyj	r ɪ p r ɔ d u k t ɪ u n ɪ i
<|UKR|>pohrožuvaty	p ɔ ɦ r ɔ ʒ u ʋ ɛ t ɪ
<|UKR|>batal'jon	b ɛ t ɛ lʲ j ɔ n
<|UKR|>traven'	t r ɑ ʋ ɪ nʲ
<|UKR|>napružyty	n ɛ p r u ʒ ɪ t ɪ
<|UKR|>tretij	t r ɛ tʲ i i
<|UKR|>stričky	s tʲ rʲ i t͡ʃ k ɪ
<|UKR|>pracivnykamy	p r ɛ t͡sʲ i u n ɪ k ɑ m ɪ
<|UKR|>rozmova	r ɔ z m ɔ ʋ ɛ
<|UKR|>ofira	ɔ f i r ɛ
<|UKR|>lytva	ɫ ɪ t ʋ ɑ
<|UKR|>načynnja	n ɛ t͡ʃ ɪ nʲ ɛ
<|UKR|>slux	s ɫ u x
<|UKR|>pivden'	p i u d ɪ nʲ
<|UKR|>abrazija	ɛ b r ɑ zʲ i j ɛ
<|UKR|>cvjax	t͡sʲ ʋ ɑ x
<|UKR|>rekonstrukcija	r ɪ k ɔ n s t r u k t͡sʲ i j ɛ
<|UKR|>xorošyj	x ɔ r ɔ ʃ ɪ i
<|UKR|>zovnišnij	z ɔ u nʲ i ʃ nʲ i i
<|UKR|>ustanova	u s t ɛ n ɔ ʋ ɛ
<|UKR|>prysvijnyj	p r ɪ sʲ ʋ i i n ɪ i
<|UKR|>vlasti	ʋ ɫ ɑ sʲ tʲ i
<|UKR|>zakonosluxnjanyj	z ɛ k ɔ n ɔ s ɫ u x nʲ ɑ n ɪ i
<|UKR|>pryšvydšyty	p r ɪ ʃ ʋ ɪ d͡ʒ ʃ ɪ t ɪ
<|UKR|>slivcja	sʲ lʲ i u t͡sʲ ɛ
<|UKR|>žytnij	ʒ ɪ tʲ nʲ i i
<|UKR|>otočuvaty	ɔ t ɔ t͡ʃ u ʋ ɛ t ɪ
<|UKR|>zdaten	z d ɑ t ɪ n
<|UKR|>nehatyvno	n ɪ ɦ ɛ t ɪ u n ɔ
<|UKR|>infikuvannja	i nʲ f i k u ʋ ɑ nʲ ɛ
<|UKR|>teoriju	t ɪ ɔ rʲ i j u
<|UKR|>erotyka	ɪ r ɔ t ɪ k ɛ
<|UKR|>federaciï	f ɪ d ɪ r ɑ t͡sʲ i j i
<|UKR|>problema	p r ɔ b ɫ ɛ m ɛ
<|UKR|>brexnju	b r ɪ x nʲ u
<|UKR|>psyxika	p s ɪ x i k ɛ
<|UKR|>bilok	b i ɫ ɔ k
<|UKR|>lyst	ɫ ɪ s t
<|UKR|>avstralopitek	ɛ u s t r ɛ ɫ ɔ p i t ɛ k
<|UKR|>kajman	k ɛ i m ɑ n
<|UKR|>nihot'	nʲ i ɦ ɔ tʲ
<|UKR|>marija	m ɛ rʲ i j ɛ
<|UKR|>zvyknuty	z ʋ ɪ k n u t ɪ
<|UKR|>bonusamy	b ɔ n u s ɛ m ɪ
<|UKR|>konkurs	k ɔ n k u r s
<|UKR|>ptycja	p t ɪ t͡sʲ ɛ
<|UKR|>kota	k ɔ t ɑ
<|UKR|>mohutnij	m ɔ ɦ u tʲ nʲ i i
<|UKR|>dytsadky	d ɪ t͡s ɛ d k ɪ
<|UKR|>aviamajak	ɛ ʋ i ɛ m ɛ j ɑ k
<|UKR|>novyny	n ɔ ʋ ɪ n ɪ
<|UKR|>bezprytul'nyj	b ɪ z p r ɪ t u lʲ n ɪ i
<|UKR|>skandynavija	s k ɛ n d ɪ n ɑ ʋ i j ɛ
<|UKR|>kyšeneju	k ɪ ʃ ɛ n ɪ j u
<|UKR|>žona	ʒ ɔ n ɑ
<|UKR|>pracivnycjam	p r ɛ t͡sʲ i u n ɪ t͡sʲ ɛ m
<|UKR|>industrializuvaty	i n d u s tʲ rʲ i ɛ lʲ i z u ʋ ɑ t ɪ
<|UKR|>cijeju	t͡sʲ i j ɛ j u
<|UKR|>katastrofy	k ɛ t ɛ s t r ɔ f ɪ
<|UKR|>v'jaznycja	ʋ j ɛ z n ɪ t͡sʲ ɛ
<|UKR|>kozyrok	k ɔ z ɪ r ɔ k
<|UKR|>dorohyj	d ɔ r ɔ ɦ ɪ i
<|UKR|>potylyce	p ɔ t ɪ ɫ ɪ t͡s ɪ
<|UKR|>hrjaz'	ɦ rʲ ɑ zʲ
<|UKR|>bacjar	b ɑ t͡sʲ ɛ r
<|UKR|>abrykos	ɛ b r ɪ k ɔ s
<|UKR|>zajec'	z ɑ j ɪ t͡sʲ
<|UKR|>škola	ʃ k ɔ ɫ ɛ
<|UKR|>kuryty	k u r ɪ t ɪ
<|UKR|>importuvaty	i m p ɔ r t u ʋ ɑ t ɪ
<|UKR|>tysjačolittjamy	t ɪ sʲ ɛ t͡ʃ ɔ lʲ i tʲ ɛ m ɪ
<|UKR|>fiskal'nyj	f i s k ɑ lʲ n ɪ i
<|UKR|>absans	ɛ b s ɑ n s
<|UKR|>avtobusyk	ɛ u t ɔ b u s ɪ k
<|UKR|>utomlenyj	u t ɔ m ɫ ɪ n ɪ i
<|UKR|>izraïl'tjanka	i z r ɛ j i lʲ tʲ ɑ n k ɛ
<|UKR|>povernuty	p ɔ ʋ ɪ r n u t ɪ
<|UKR|>pozyčaty	p ɔ z ɪ t͡ʃ ɑ t ɪ
<|UKR|>rajon	r ɛ j ɔ n
<|UKR|>bil'šaty	b i lʲ ʃ ɛ t ɪ
<|UKR|>zaïr	z ɛ j i r
<|UKR|>masštab	m ɛ ʃ t ɑ b
<|UKR|>zoloto	z ɔ ɫ ɔ t ɔ
<|UKR|>fejamy	f ɛ j ɛ m ɪ
<|UKR|>snidaty	sʲ nʲ i d ɛ t ɪ
<|UKR|>vtručannja	ʋ t r u t͡ʃ ɑ nʲ ɛ
<|UKR|>bjurokratka	b u r ɔ k r ɑ t k ɛ
<|UKR|>transformacijam	t r ɛ n s f ɔ r m ɑ t͡sʲ i j ɛ m
<|UKR|>bilorus'kyj	b i ɫ ɔ r u sʲ k ɪ i
<|UKR|>nevydymyj	n ɪ ʋ ɪ d ɪ m ɪ i
<|UKR|>smak	s m ɑ k
<|UKR|>naprykinci	n ɛ p r ɪ k i nʲ t͡sʲ i
<|UKR|>avtobiohraf	ɛ u t ɔ b i ɔ ɦ r ɛ f
<|UKR|>neboha	n ɪ b ɔ ɦ ɛ
<|UKR|>zaoxotyty	z ɛ ɔ x ɔ t ɪ t ɪ
<|UKR|>konfeta	k ɔ n f ɛ t ɛ
<|UKR|>lohistyčnyj	ɫ ɔ ɦ i s t ɪ t͡ʃ n ɪ i
<|UKR|>vyrišennja	ʋ ɪ rʲ i ʃ ɪ nʲ ɛ
<|UKR|>teatr	t ɪ ɑ t r
<|UKR|>kubičnyj	k u b i t͡ʃ n ɪ i
<|UKR|>dodatkax	d ɔ d ɑ t k ɛ x
<|UKR|>ameryka	ɛ m ɛ r ɪ k ɛ
<|UKR|>nymy	n ɪ m ɪ
<|UKR|>vykonannja	ʋ ɪ k ɔ n ɑ nʲ ɛ
<|UKR|>abstrakcija	ɛ b s t r ɑ k t͡sʲ i j ɛ
<|UKR|>čotyrykutnyj	t͡ʃ ɔ t ɪ r ɪ k u t n ɪ i
<|UKR|>p'jatdesjat	p j ɛ d d ɪ sʲ ɑ t
<|UKR|>humanistyčnyj	ɦ u m ɛ nʲ i s t ɪ t͡ʃ n ɪ i
<|UKR|>bat'kivščyna	b ɛ tʲ k i u ʃ t͡ʃ ɪ n ɛ
<|UKR|>proporcijax	p r ɔ p ɔ r t͡sʲ i j ɛ x
<|UKR|>povečerjaty	p ɔ ʋ ɪ t͡ʃ ɛ rʲ ɛ t ɪ
<|UKR|>nevidvorotnyj	n ɪ ʋ i d ʋ ɔ r ɔ t n ɪ i
<|UKR|>inna	i n ɛ
<|UKR|>systema	s ɪ s t ɛ m ɛ
<|UKR|>heometryčnyj	ɦ ɪ ɔ m ɪ t r ɪ t͡ʃ n ɪ i
<|UKR|>zabahty	z ɛ b ɑ ɦ t ɪ
<|UKR|>homoseksualizm	ɦ ɔ m ɔ s ɪ k s u ɛ lʲ i z m
<|UKR|>troje	t r ɔ j ɪ
<|UKR|>vmerty	ʋ m ɛ r t ɪ
<|UKR|>al'batros	ɛ lʲ b ɛ t r ɔ s
<|UKR|>ratyfikacija	r ɛ t ɪ f i k ɑ t͡sʲ i j ɛ
<|UKR|>tož	t ɔ ʒ
<|UKR|>spivperežyvannja	sʲ p i u p ɪ r ɪ ʒ ɪ ʋ ɑ nʲ ɛ
<|UKR|>diahnostyka	dʲ i ɛ ɦ n ɔ s t ɪ k ɛ
<|UKR|>vidvernuty	ʋ i d ʋ ɪ r n u t ɪ
<|UKR|>kubynec'	k u b ɪ n ɪ t͡sʲ
<|UKR|>vymknuty	ʋ ɪ m k n u t ɪ
<|UKR|>svojeridnyj	s ʋ ɔ j ɪ rʲ i d n ɪ i
<|UKR|>proporcijam	p r ɔ p ɔ r t͡sʲ i j ɛ m
<|UKR|>jantar	j ɛ n t ɑ r
<|UKR|>stanislav	s t ɛ nʲ i s ɫ ɑ u
<|UKR|>melanija	m ɪ ɫ ɑ nʲ i j ɛ
<|UKR|>bahato	b ɛ ɦ ɑ t ɔ
<|UKR|>cytryna	t͡s ɪ t r ɪ n ɛ
<|UKR|>rozpiznavannja	r ɔ zʲ p i z n ɛ ʋ ɑ nʲ ɛ
<|UKR|>svekruxa	s ʋ ɪ k r u x ɛ
<|UKR|>tysjačolittjax	t ɪ sʲ ɛ t͡ʃ ɔ lʲ i tʲ ɛ x
<|UKR|>bat'ko	b ɑ tʲ k ɔ
<|UKR|>nepravdi	n ɪ p r ɑ u dʲ i
<|UKR|>diahrama	dʲ i ɛ ɦ r ɑ m ɛ
<|UKR|>dzerkalo	d͡z ɛ r k ɛ ɫ ɔ
<|UKR|>mur	m u r
<|UKR|>molodyj	m ɔ ɫ ɔ d ɪ i
<|UKR|>vizual'nyj	ʋ i z u ɑ lʲ n ɪ i
<|UKR|>zoopark	z ɔ ɔ p ɑ r k
<|UKR|>aviapark	ɛ ʋ i ɛ p ɑ r k
<|UKR|>pljuš	p lʲ u ʃ
<|UKR|>p'jatnycja	p j ɑ t n ɪ t͡sʲ ɛ
<|UKR|>pys'mennyj	p ɪ sʲ m ɛ n ɪ i
<|UKR|>ukraïns'kyx	u k r ɛ j i nʲ sʲ k ɪ x
<|UKR|>xlib	x lʲ i b
<|UKR|>zaležnyj	z ɛ ɫ ɛ ʒ n ɪ i
<|UKR|>movoznavstvo	m ɔ ʋ ɔ z n ɑ u s t ʋ ɔ
<|UKR|>učast'	u t͡ʃ ɛ sʲ tʲ
<|UKR|>sauna	s ɑ u n ɛ
<|UKR|>misjac'	m i sʲ ɛ t͡sʲ
<|UKR|>fol'klor	f ɔ lʲ k ɫ ɔ r
<|UKR|>uspišnyj	u sʲ p i ʃ n ɪ i
<|UKR|>zasmutyty	z ɛ s m u t ɪ t ɪ
<|UKR|>taceju	t ɑ t͡s ɪ j u
<|UKR|>kryterijem	k r ɪ t ɛ rʲ i j ɪ m
<|UKR|>aviavystavka	ɛ ʋ i ɛ ʋ ɪ s t ɛ u k ɛ
<|UKR|>pidkresljuvaty	p i d k r ɛ sʲ lʲ u ʋ ɛ t ɪ
<|UKR|>til'ky	tʲ i lʲ k ɪ
<|UKR|>vozyty	ʋ ɔ z ɪ t ɪ
<|UKR|>zmenšen'	z m ɛ n ʃ ɪ nʲ
<|UKR|>triska	tʲ rʲ i s k ɛ
<|UKR|>rišyty	rʲ i ʃ ɪ t ɪ
<|UKR|>intuïtyvno	i n t u j i t ɪ u n ɔ
<|UKR|>xlopčyk	x ɫ ɔ p t͡ʃ ɪ k
<|UKR|>kolino	k ɔ lʲ i n ɔ
<|UKR|>žorstokyj	ʒ ɔ r s t ɔ k ɪ i
<|UKR|>amfibija	ɛ m f i b i j ɛ
<|UKR|>tranzyt	t r ɛ n z ɪ t
<|UKR|>vyjavytysja	ʋ ɪ j ɛ ʋ ɪ t ɪ sʲ ɛ
<|UKR|>sprostyty	s p r ɔ s t ɪ t ɪ
<|UKR|>kryholam	k r ɪ ɦ ɔ ɫ ɑ m
<|UKR|>moknuty	m ɔ k n u t ɪ
<|UKR|>rostyty	r ɔ s t ɪ t ɪ
<|UKR|>zrosty	z r ɔ s t ɪ
<|UKR|>kudy	k u d ɪ
<|UKR|>vidrodžennja	ʋ i d r ɔ d͡ʒ ɪ nʲ ɛ
<|UKR|>postalyj	p ɔ s t ɑ ɫ ɪ i
<|UKR|>joho	j ɔ ɦ ɔ
<|UKR|>kryvavyj	k r ɪ ʋ ɑ ʋ ɪ i
<|UKR|>neskladovyj	n ɪ s k ɫ ɛ d ɔ ʋ ɪ i
<|UKR|>avtodydakt	ɛ u t ɔ d ɪ d ɑ k t
<|UKR|>ïžakevyč	j i ʒ ɛ k ɛ ʋ ɪ t͡ʃ
<|UKR|>mem	m ɛ m
<|HBS|>abnormalnost	a b n o r m ǎː l n oː s t
<|HBS|>administracija	a d m i n i s t r ǎː t͡s i j a
<|HBS|>advokat	a d ʋ ǒ k aː t
<|HBS|>aerobik	a e r ǒ b i k
<|HBS|>akcija	ǎ k t͡s i j a
<|HBS|>aktivnost	a k t ǐː ʋ n oː s t
<|HBS|>alat	ǎ l aː t
<|HBS|>alternativan	â l t e r n a t iː ʋ a n
<|HBS|>anka	âː n k a
<|HBS|>anđeo	âː n d͡ʑ e o
<|HBS|>aplicirati	a p l i t͡s ǐː r a t i
<|HBS|>apostol	ǎ p o s t o l
<|HBS|>aranžman	a r ǎ n ʒ m aː n
<|HBS|>arogancija	a r o ɡ ǎ n t͡s i j a
<|HBS|>arogantan	a r o ɡ ǎ n t a n
<|HBS|>artiljerija	a r t i ʎ ě r i j a
<|HBS|>asirski	ǎ s iː r s k iː
<|HBS|>atletičarka	a t l ě t i t͡ʃ aː r k a
<|HBS|>atribut	a t r ǐ b uː t
<|HBS|>aukcija	a ǔ k t͡s i j a
<|HBS|>autocesta	a u t o t͡s ě s t a
<|HBS|>autoritet	a u t o r ǐ t eː t
<|HBS|>bacač	b ǎ t͡s aː t͡ʃ
<|HBS|>bajka	b âː j k a
<|HBS|>barijera	b a r i j ěː r a
<|HBS|>barjak	b ǎ r j aː k
<|HBS|>bend	b ê n d
<|HBS|>beskonačnost	b ê s k o n a t͡ʃ n oː s t
<|HBS|>beskoristan	b ê s k o r iː s t a n
<|HBS|>beton	b ě t oː n
<|HBS|>bevanda	b ě ʋ aː n d a
<|HBS|>bezbrižnost	b ě z b r i ʒ n oː s t
<|HBS|>bezgrešan	b ě z ɡ r e ʃ a n
<|HBS|>bezosjećajno	b ê z o s j e t͡ɕ aː j n o
<|HBS|>bezuspješan	b e z ǔ s p j e ʃ a n
<|HBS|>bešćutnost	b ě ʃ t͡ɕ u t n oː s t
<|HBS|>biciklizam	b i t͡s i k l ǐ z a m
<|HBS|>bilježnik	b ǐ ʎ e ʒ n iː k
<|HBS|>birački	b ǐ r aː t͡ʃ k iː
<|HBS|>bitno	b î t n o
<|HBS|>boginja	b ǒ ɡ i ɲ a
<|HBS|>bojkot	b ǒ j k o t
<|HBS|>boka	b ô k a
<|HBS|>boljitak	b o ʎ ǐː t a k
<|HBS|>bolnica	b ǒː l n i t͡s a
<|HBS|>bombardirati	b o m b a r d ǐː r a t i
<|HBS|>bor	b ôː r
<|HBS|>boris	b ôː r i s
<|HBS|>boston	b ô s t o n
<|HBS|>božur	b ǒ ʒ uː r
<|HBS|>brada	b r ǎː d a
<|HBS|>brdovit	b r d ǒ ʋ i t
<|HBS|>brodica	b r ǒ d i t͡s a
<|HBS|>bubnjar	b ǔ b ɲ aː r
<|HBS|>budala	b u d ǎ l a
<|HBS|>cijenjen	t͡s i j êː ɲ e n
<|HBS|>crnogorac	t͡s r n ǒ ɡ o r a t͡s
<|HBS|>dalekoistočni	d a l e k o ǐ s t o t͡ʃ n iː
<|HBS|>dalekovidno	d a l e k ǒ ʋ i d n o
<|HBS|>dalibor	d ǎ l i b o r
<|HBS|>daljina	d a ʎ ǐ n a
<|HBS|>dan	d âː n
<|HBS|>danac	d ǎː n a t͡s
<|HBS|>danski	d âː n s k iː
<|HBS|>decenija	d ě t͡s eː n i j a
<|HBS|>dekan	d ě k aː n
<|HBS|>delegacija	d e l e ɡ ǎː t͡s i j a
<|HBS|>depo	d ě p oː
<|HBS|>desetoro	d ê s e t o r o
<|HBS|>despot	d ě s p o t
<|HBS|>direktorica	d i r e k t ǒ r i t͡s a
<|HBS|>diskretno	d ǐ s k r e t n o
<|HBS|>divlje	d ǐ ʋ ʎ eː
<|HBS|>djelomično	d j ê l o m i t͡ʃ n o
<|HBS|>djeva	d j ěː ʋ a
<|HBS|>dlaka	d l â k a
<|HBS|>dodavanje	d o d ǎː ʋ aː ɲ e
<|HBS|>doista	d ô i s t a
<|HBS|>dojilja	d ǒ j iː ʎ a
<|HBS|>dokle	d ǒː k l eː
<|HBS|>dopustiti	d o p ǔ s t i t i
<|HBS|>dopuštati	d o p ǔː ʃ t a t i
<|HBS|>dosadan	d ô s aː d a n
<|HBS|>dovoljno	d ô ʋ oː ʎ n o
<|HBS|>dozvoliti	d o z ʋ ǒ l i t i
<|HBS|>dočekati	d ǒ t͡ʃ e k a t i
<|HBS|>drijen	d r i j êː n
<|HBS|>drugačiji	d r u ɡ ǎ t͡ʃ i j iː
<|HBS|>drukčije	d r ǔ k t͡ʃ i j eː
<|HBS|>drvo	d r̂ ʋ o
<|HBS|>dugotrajan	d û ɡ o t r aː j a n
<|HBS|>duhan	d ǔ x aː n
<|HBS|>duhovni	d ǔ x oː ʋ n iː
<|HBS|>dužnosnica	d ǔː ʒ n o s n i t͡s a
<|HBS|>dvadesetak	d ʋ a d e s ěː t a k
<|HBS|>dvojnik	d ʋ ôː j n iː k
<|HBS|>džak	d͡ʒ âː k
<|HBS|>džin	d͡ʒ î n
<|HBS|>efekt	ě f e k t
<|HBS|>ekipa	e k ǐː p a
<|HBS|>elektrana	e l e k t r ǎ n a
<|HBS|>električar	e l ě k t r i t͡ʃ aː r
<|HBS|>elemenat	e l ě m e n a t
<|HBS|>emotivan	ê m o t iː ʋ a n
<|HBS|>epitet	e p ǐ t eː t
<|HBS|>estonija	ě s t oː n i j a
<|HBS|>fatalno	f ǎ t aː l n o
<|HBS|>fašizam	f a ʃ ǐ z a m
<|HBS|>feniks	f ěː n i k s
<|HBS|>fildžan	f ǐ l d͡ʒ aː n
<|HBS|>filolog	f i l ǒ l o ɡ
<|HBS|>fizioterapeut	f i z i o t e r a p ě u t
<|HBS|>fišek	f ǐ ʃ e k
<|HBS|>fjaka	f j â k a
<|HBS|>florida	f l ǒ r i d a
<|HBS|>fontana	f ǒ n t aː n a
<|HBS|>formalnost	f o r m ǎː l n oː s t
<|HBS|>francuskinja	f r ǎ n t͡s u s k i ɲ a
<|HBS|>fudbaler	f u d b ǎ l eː r
<|HBS|>gadan	ɡ ǎ d a n
<|HBS|>garnitura	ɡ a r n i t ǔː r a
<|HBS|>geomorfologija	ɡ e o m o r f o l ǒ ɡ i j a
<|HBS|>geslo	ɡ ê s l o
<|HBS|>gimnastika	ɡ i m n ǎ s t i k a
<|HBS|>glasnogovornik	ɡ l a s n o ɡ o ʋ ǒ r n iː k
<|HBS|>glazbenica	ɡ l ǎ z b e n i t͡s a
<|HBS|>glupost	ɡ l ǔː p oː s t
<|HBS|>god	ɡ ôː d
<|HBS|>godinama	ɡ ô d i n a m a
<|HBS|>gorski	ɡ ǒ r s k iː
<|HBS|>gospodin	ɡ o s p ǒ d i n
<|HBS|>govoriti	ɡ o ʋ ǒ r i t i
<|HBS|>gozba	ɡ ǒ z b a
<|HBS|>gradonačelnica	ɡ r a d o n ǎː t͡ʃ e l n i t͡s a
<|HBS|>granata	ɡ r a n ǎː t a
<|HBS|>greben	ɡ r ê b eː n
<|HBS|>groblje	ɡ r ôː b ʎ e
<|HBS|>gubitak	ɡ u b ǐː t a k
<|HBS|>guja	ɡ ǔː j a
<|HBS|>gusjenica	ɡ û s j e n i t͡s a
<|HBS|>gušterača	ɡ u ʃ t ě r a t͡ʃ a
<|HBS|>han	x âː n
<|HBS|>heroj	x ě r oː j
<|HBS|>hipodrom	x î p o d r o m
<|HBS|>horoz	x ô r oː z
<|HBS|>hrabro	x r âː b r o
<|HBS|>hrenovka	x r ě n oː ʋ k a
<|HBS|>human	x û m aː n
<|HBS|>humor	x ǔ m o r
<|HBS|>ime	î m e
<|HBS|>inauguracija	i n a u ɡ u r ǎː t͡s i j a
<|HBS|>inače	î n aː t͡ʃ e
<|HBS|>inačica	i n ǎ t͡ʃ i t͡s a
<|HBS|>intelekt	i n t ě l e k t
<|HBS|>intuitivno	î n t u i t iː ʋ n o
<|HBS|>irska	îː r s k aː
<|HBS|>iscuriti	i s t͡s ǔː r i t i
<|HBS|>isključiti	i s k ʎ ǔː t͡ʃ i t i
<|HBS|>iskustvo	i s k ǔː s t ʋ o
<|HBS|>islam	ǐ s l aː m
<|HBS|>ismijati	i s m ǐ j a t i
<|HBS|>isplativ	i s p l ǎ t i ʋ
<|HBS|>ispunjiv	i s p ǔ ɲ i ʋ
<|HBS|>istodobno	i s t ǒ d o b n o
<|HBS|>istosmjerno	î s t o s m j eː r n o
<|HBS|>isušiti	i s ǔː ʃ i t i
<|HBS|>italija	ǐ t aː l i j a
<|HBS|>izabran	î z a b r aː n
<|HBS|>izbaciti	i z b ǎː t͡s i t i
<|HBS|>izboriti	i z b ǒ r i t i
<|HBS|>izjava	î z j a ʋ a
<|HBS|>izostaviti	i z ǒ s t a ʋ i t i
<|HBS|>izuzetno	î z u z eː t n o
<|HBS|>izvjestan	î z ʋ j e s t a n
<|HBS|>jajovod	j â j o ʋ oː d
<|HBS|>jako	j âː k o
<|HBS|>jamačno	j ǎ m a t͡ʃ n o
<|HBS|>japan	j ǎ p aː n
<|HBS|>japanac	j a p ǎː n a t͡s
<|HBS|>jasen	j â s eː n
<|HBS|>jebati	j ě b a t i
<|HBS|>jedan	j ě d a n
<|HBS|>jesen	j ê s eː n
<|HBS|>ječam	j ě t͡ʃ a m
<|HBS|>jutro	j û t r o
<|HBS|>jutrom	j û t r o m
<|HBS|>jutros	j û t r oː s
<|HBS|>kaba	k ǎː b a
<|HBS|>kabul	k ǎː b u l
<|HBS|>kajiš	k ǎ j i ʃ
<|HBS|>kanal	k ǎ n aː l
<|HBS|>karton	k ǎ r t oː n
<|HBS|>katedra	k ǎ t eː d r a
<|HBS|>katolik	k â t o l iː k
<|HBS|>kazališni	k ǎ z a l iː ʃ n iː
<|HBS|>kačket	k ǎ t͡ʃ k eː t
<|HBS|>kenijac	k e n ǐː j a t͡s
<|HBS|>kiklop	k ǐ k l o p
<|HBS|>klati	k l â t i
<|HBS|>klobučar	k l ǒ b u t͡ʃ aː r
<|HBS|>književno	k ɲ î ʒ eː ʋ n o
<|HBS|>knjižnica	k ɲ ǐː ʒ n i t͡s a
<|HBS|>kobasica	k o b ǎ s i t͡s a
<|HBS|>kobno	k ôː b n o
<|HBS|>komandant	k o m ǎ n d a n t
<|HBS|>kome	k ǒ m e
<|HBS|>kompa	k o m p ǎ
<|HBS|>koncepcija	k o n t͡s ě p t͡s i j a
<|HBS|>konoba	k ǒ n o b a
<|HBS|>konopac	k ǒ n o p a t͡s
<|HBS|>kontinuiran	k o n t i n ǔ iː r a n
<|HBS|>kontroverzno	k o n t r o ʋ ě r z n o
<|HBS|>kopar	k ô p a r
<|HBS|>koplje	k ô p ʎ e
<|HBS|>korejski	k ǒ r eː j s k iː
<|HBS|>korijen	k ô r j eː n
<|HBS|>kos	k ôː s
<|HBS|>kovati	k ǒ ʋ a t i
<|HBS|>kozmos	k ô z m o s
<|HBS|>košarkaš	k o ʃ ǎ r k aː ʃ
<|HBS|>kožni	k ô ʒ n iː
<|HBS|>kraljević	k r ǎː ʎ e ʋ i t͡ɕ
<|HBS|>krasopisno	k r â s o p iː s n o
<|HBS|>kratkometražni	k r a t k o m ě t r aː ʒ n iː
<|HBS|>kremlj	k r ê m ʎ
<|HBS|>krimen	k r îː m e n
<|HBS|>kriminal	k r i m ǐ n aː l
<|HBS|>kristal	k r ǐ s t aː l
<|HBS|>kritički	k r ǐ t i t͡ʃ k iː
<|HBS|>krivodol	k r i ʋ ǒ d o l
<|HBS|>križevci	k r ǐː ʒ eː ʋ t͡s i
<|HBS|>krkan	k ř k a n
<|HBS|>krmak	k řː m a k
<|HBS|>kroasan	k r o ǎ s aː n
<|HBS|>kroki	k r ǒ k iː
<|HBS|>kroničan	k r ǒ n i t͡ʃ a n
<|HBS|>kronologija	k r o n o l ǒ ɡ i j a
<|HBS|>krupa	k r ǔː p a
<|HBS|>kuhar	k û x aː r
<|HBS|>kukavica	k û k a ʋ i t͡s a
<|HBS|>kurban	k ǔ r b aː n
<|HBS|>kuvati	k û ʋ a t i
<|HBS|>kvalitetan	k ʋ â l i t eː t a n
<|HBS|>kvačilo	k ʋ â t͡ʃ i l o
<|HBS|>lagati	l ǎ ɡ a t i
<|HBS|>lakovjerno	l â k o ʋ j eː r n o
<|HBS|>latinski	l ǎ t iː n s k iː
<|HBS|>lažan	l â ʒ a n
<|HBS|>ledolomac	l e d o l ǒː m a t͡s
<|HBS|>leteći	l ě t eː t͡ɕ iː
<|HBS|>li	l i
<|HBS|>lijep	l i j êː p
<|HBS|>liječnik	l i j êː t͡ʃ n iː k
<|HBS|>ljudski	ʎ ǔ d s k iː
<|HBS|>ljudskost	ʎ û d s k oː s t
<|HBS|>lord	l ô r d
<|HBS|>los	l ô s
<|HBS|>lova	l ǒː ʋ a
<|HBS|>lovočuvar	l o ʋ o t͡ʃ ǔ ʋ aː r
<|HBS|>loš	l ô ʃ
<|HBS|>lubenica	l u b ě n i t͡s a
<|HBS|>ludo	l ûː d o
<|HBS|>lukavac	l û k a ʋ a t͡s
<|HBS|>luksuzno	l ǔ k s u z n o
<|HBS|>lutalica	l ǔː t a l i t͡s a
<|HBS|>luteranski	l u t ě r aː n s k iː
<|HBS|>magarac	m ǎ ɡ a r a t͡s
<|HBS|>magnat	m ǎ ɡ n aː t
<|HBS|>magnetizam	m a ɡ n e t ǐ z a m
<|HBS|>majoneza	m a j o n ěː z a
<|HBS|>makro	m â k r o
<|HBS|>malta	m âː l t a
<|HBS|>manjinski	m ǎ ɲ iː n s k iː
<|HBS|>marihuana	m a r i x u ǎ n a
<|HBS|>materica	m â t e r i t͡s a
<|HBS|>mauzolej	m a u z ǒ l e j
<|HBS|>med	m êː d
<|HBS|>mekteb	m ě k t e b
<|HBS|>merkur	m ě r k uː r
<|HBS|>mesto	m ê s t o
<|HBS|>meteor	m e t ě oː r
<|HBS|>metodologija	m e t o d o l ǒ ɡ i j a
<|HBS|>metropola	m e t r ǒ p o l a
<|HBS|>mijena	m i j ěː n a
<|HBS|>miti	m î t i
<|HBS|>miš	m î ʃ
<|HBS|>mjesečni	m j ê s e t͡ʃ n iː
<|HBS|>mještanin	m j ě ʃ t a n i n
<|HBS|>mlak	m l âː k
<|HBS|>mlijeko	m l i j ěː k o
<|HBS|>moda	m ǒː d a
<|HBS|>moj	m ôː j
<|HBS|>monizam	m o n ǐ z a m
<|HBS|>monotonija	m o n o t ǒ n i j a
<|HBS|>možda	m ǒ ʒ d a
<|HBS|>muharem	m u x ǎ r e m
<|HBS|>naboj	n ǎː b o j
<|HBS|>nadjenuti	n ǎ d j e n u t i
<|HBS|>naglavačke	n a ɡ l a ʋ ǎ t͡ʃ k eː
<|HBS|>nagovijestiti	n a ɡ o ʋ i j ěː s t i t i
<|HBS|>naklada	n âː k l a d a
<|HBS|>nama	n â m a
<|HBS|>nametati	n a m ě t a t i
<|HBS|>nametljiv	n a m ě t ʎ i ʋ
<|HBS|>naprema	n ǎ p r e m a
<|HBS|>narudžba	n ǎː r u d͡ʒ b a
<|HBS|>narukvica	n ǎ r u k ʋ i t͡s a
<|HBS|>naručje	n ǎː r uː t͡ʃ j e
<|HBS|>nasilnik	n ǎː s iː l n iː k
<|HBS|>naslov	n ǎː s l o ʋ
<|HBS|>nasred	n â s r e d
<|HBS|>naušnica	n ǎ u ʃ n i t͡s a
<|HBS|>navečer	n â ʋ e t͡ʃ eː r
<|HBS|>navika	n âː ʋ i k a
<|HBS|>navlastito	n ǎ ʋ l a s t i t o
<|HBS|>naziv	n ǎː z i ʋ
<|HBS|>načelo	n a t͡ʃ ěː l o
<|HBS|>načiniti	n a t͡ʃ ǐ n i t i
<|HBS|>nedoumica	n e d ǒ u m i t͡s a
<|HBS|>negde	n ê ɡ d e
<|HBS|>neiskreno	n ě i s k r e n o
<|HBS|>nekada	n ê k a d a
<|HBS|>nekim	n ê k iː m
<|HBS|>nekoga	n ê k o ɡ a
<|HBS|>nekomu	n ê k o m u
<|HBS|>nekoć	n ê k oː t͡ɕ
<|HBS|>nektar	n ê k t a r
<|HBS|>nelagodno	n ê l a ɡ o d n o
<|HBS|>nemo	n êː m o
<|HBS|>neodoljivo	n e o d ǒ ʎ i ʋ o
<|HBS|>neodređen	n e ǒ d r eː d͡ʑ e n
<|HBS|>neograničen	n e o ɡ r ǎ n i t͡ʃ e n
<|HBS|>neosvojiv	n e o s ʋ ǒ j i ʋ
<|HBS|>nepal	n ě p aː l
<|HBS|>nepažnja	n e p ǎ ʒ ɲ a
<|HBS|>nepostojan	n e p ǒː s t o j aː n
<|HBS|>nepoverenje	n e p o ʋ e r ěː ɲ e
<|HBS|>neprimjereno	n e p r ǐ m j e r e n o
<|HBS|>nervirati	n e r ʋ ǐː r a t i
<|HBS|>nesposoban	n ê s p o s o b a n
<|HBS|>neukusno	n ê u k u s n o
<|HBS|>nevjernik	n ě ʋ j eː r n iː k
<|HBS|>nezahvalan	n ê z a x ʋ aː l a n
<|HBS|>nezamjenjiv	n e z a m j ě ɲ i ʋ
<|HBS|>nezavisno	n e z ǎː ʋ i s n o
<|HBS|>nećete	n êː t͡ɕ eː t e
<|HBS|>nečim	n ê t͡ʃ i m
<|HBS|>nikad	n î k a d
<|HBS|>nikuda	n î k u d a
<|HBS|>nisam	n ǐː s a m
<|HBS|>nit	n îː t
<|HBS|>nišan	n ǐ ʃ a n
<|HBS|>njihov	ɲ î x o ʋ
<|HBS|>njim	ɲ îː m
<|HBS|>njima	ɲ î m a
<|HBS|>normalno	n ô r m aː l n o
<|HBS|>norvežanin	n o r ʋ ěː ʒ a n i n
<|HBS|>nosač	n ǒ s aː t͡ʃ
<|HBS|>novajlija	n o ʋ ǎ j l i j a
<|HBS|>noćenje	n ǒ t͡ɕ eː ɲ e
<|HBS|>nuklearni	n û k l e aː r n iː
<|HBS|>numerički	n u m ě r i t͡ʃ k iː
<|HBS|>obad	ô b aː d
<|HBS|>obdukcija	o b d ǔ k t͡s i j a
<|HBS|>obilježiti	o b ǐ ʎ e ʒ i t i
<|HBS|>obje	ô b j e
<|HBS|>oblak	ô b l aː k
<|HBS|>obnavljati	o b n ǎː ʋ ʎ a t i
<|HBS|>obostran	o b ǒ s t r a n
<|HBS|>obrana	ô b r a n a
<|HBS|>obzir	ô b z iː r
<|HBS|>ocat	ǒ t͡s a t
<|HBS|>odelo	o d ěː l o
<|HBS|>odgovoriti	o d ɡ o ʋ ǒː r i t i
<|HBS|>odmoriti	o d m ǒ r i t i
<|HBS|>odnos	ǒ d n o s
<|HBS|>odoljeti	o d ǒ ʎ e t i
<|HBS|>održavati	o d r ʒ ǎː ʋ a t i
<|HBS|>odstupiti	o d s t ǔː p i t i
<|HBS|>oduprijeti	o d ǔ p r j eː t i
<|HBS|>okean	o k ě aː n
<|HBS|>okretati	o k r ěː t a t i
<|HBS|>okrutno	ô k r uː t n o
<|HBS|>olabaviti	ǒ l a b a ʋ i t i
<|HBS|>oljuštiti	o ʎ ǔː ʃ t i t i
<|HBS|>ometati	o m ěː t a t i
<|HBS|>omladinac	o m l a d ǐː n a t͡s
<|HBS|>omot	ǒ m o t
<|HBS|>onemogućavati	o n e m o ɡ u t͡ɕ ǎː ʋ a t i
<|HBS|>ono	ǒ n o
<|HBS|>opasnost	o p ǎː s n oː s t
<|HBS|>opet	ô p eː t
<|HBS|>opravdan	ǒ p r aː ʋ d aː n
<|HBS|>opredeliti	o p r e d ěː l i t i
<|HBS|>oprostite	o p r ǒ s t i t e
<|HBS|>opsesivno	ô p s e s iː ʋ n o
<|HBS|>optika	ǒ p t i k a
<|HBS|>oronuo	o r ǒ n u o
<|HBS|>osamljen	ǒ s aː m ʎ e n
<|HBS|>osjećati	ǒ s j e t͡ɕ a t i
<|HBS|>osobit	ǒ s o b i t
<|HBS|>ostanak	ǒ s t a n a k
<|HBS|>ostvarivati	o s t ʋ a r ǐː ʋ a t i
<|HBS|>osuđivati	o s u d͡ʑ ǐː ʋ a t i
<|HBS|>osvajanje	o s ʋ ǎː j aː ɲ e
<|HBS|>osvajač	o s ʋ ǎ j aː t͡ʃ
<|HBS|>osvojiti	o s ʋ ǒ j i t i
<|HBS|>osvrt	ǒ s ʋ r t
<|HBS|>otkloniti	o t k l ǒ n i t i
<|HBS|>otkriti	ǒ t k r i t i
<|HBS|>otkrivati	o t k r ǐː ʋ a t i
<|HBS|>otplivati	ǒ t p l i ʋ a t i
<|HBS|>otvoriti	o t ʋ ǒ r i t i
<|HBS|>ovđe	ǒː ʋ d͡ʑ e
<|HBS|>očigledno	ô t͡ʃ i ɡ l eː d n o
<|HBS|>očistiti	ǒ t͡ʃ i s t i t i
<|HBS|>padobran	p â d o b r aː n
<|HBS|>paketić	p a k ě t i t͡ɕ
<|HBS|>pakistanski	p â k i s t aː n s k iː
<|HBS|>pametan	p â m e t a n
<|HBS|>papir	p ǎ p iː r
<|HBS|>paragraf	p a r ǎ ɡ r a f
<|HBS|>paralelno	p a r a l ě l n o
<|HBS|>pariz	p ǎ r iː z
<|HBS|>parče	p ǎː r t͡ʃ e
<|HBS|>pasoš	p âː s o ʃ
<|HBS|>patetično	p a t ě t i t͡ʃ n o
<|HBS|>pedijatar	p e d ǐ j aː t a r
<|HBS|>percepcija	p e r t͡s ě p t͡s i j a
<|HBS|>perfekt	p ě r f e k t
<|HBS|>perjanica	p ě r j a n i t͡s a
<|HBS|>peru	p e r u
<|HBS|>perverzan	p ě r ʋ e r z a n
<|HBS|>pečat	p ě t͡ʃ a t
<|HBS|>pijesak	p i j ěː s a k
<|HBS|>pik	p î k
<|HBS|>pipa	p î p a
<|HBS|>plakati	p l â k a t i
<|HBS|>plamenac	p l a m ěː n a t͡s
<|HBS|>platno	p l ǎː t n o
<|HBS|>plač	p l â t͡ʃ
<|HBS|>ples	p l êː s
<|HBS|>plesati	p l ěː s a t i
<|HBS|>plinovod	p l î n o ʋ oː d
<|HBS|>pluralizam	p l u r a l ǐ z a m
<|HBS|>podignuti	p ǒ d i ɡ n u t i
<|HBS|>poduzeće	p o d u z e t͡ɕ e
<|HBS|>poglavlje	p ǒ ɡ l aː ʋ ʎ e
<|HBS|>pogled	p ô ɡ l eː d
<|HBS|>pogoditi	p o ɡ ǒ d i t i
<|HBS|>pogreška	p ǒ ɡ r e ʃ k a
<|HBS|>poguban	p ô ɡ uː b a n
<|HBS|>pohod	p ǒ x o d
<|HBS|>pojam	p ǒː j a m
<|HBS|>pokazatelj	p o k ǎ z a t e ʎ
<|HBS|>pokidati	p ǒ k i d a t i
<|HBS|>pokloniti	p o k l ǒ n i t i
<|HBS|>pokvariti	p o k ʋ ǎː r i t i
<|HBS|>polazak	p ǒ l a z a k
<|HBS|>položaj	p ô l o ʒ aː j
<|HBS|>pomicati	p ǒ m i t͡s a t i
<|HBS|>pomišljati	p o m ǐː ʃ ʎ a t i
<|HBS|>ponajprije	p ǒ n aː j p r i j e
<|HBS|>popis	p ǒ p i s
<|HBS|>popisati	p o p ǐː s a t i
<|HBS|>porasti	p ǒ r aː s t i
<|HBS|>portal	p ǒ r t aː l
<|HBS|>posebno	p ǒː s e b n o
<|HBS|>posetilac	p o s ě t i l a t͡s
<|HBS|>posjeta	p ô s j e t a
<|HBS|>posjetiti	p ǒ s j e t i t i
<|HBS|>poslanstvo	p o s l ǎː n s t ʋ o
<|HBS|>poslušno	p ô s l uː ʃ n o
<|HBS|>postizati	p ǒ s t i z a t i
<|HBS|>postolje	p ǒː s t oː ʎ e
<|HBS|>potencijal	p o t e n t͡s ǐ j aː l
<|HBS|>potok	p ǒ t o k
<|HBS|>potvrditi	p o t ʋ řː d i t i
<|HBS|>povezati	p o ʋ ěː z a t i
<|HBS|>povlačiti	p o ʋ l ǎː t͡ʃ i t i
<|HBS|>povraćati	p ǒ ʋ r a t͡ɕ a t i
<|HBS|>pozadina	p ǒ z a d i n a
<|HBS|>pozdrav	p ô z d r aː ʋ
<|HBS|>pozvati	p ǒ z ʋ a t i
<|HBS|>početak	p o t͡ʃ ěː t a k
<|HBS|>pošast	p ô ʃ aː s t
<|HBS|>poštovanje	p o ʃ t o ʋ ǎː ɲ e
<|HBS|>pramen	p r â m eː n
<|HBS|>pravilo	p r â ʋ i l o
<|HBS|>pred	p r ê d
<|HBS|>predak	p r ê d a k
<|HBS|>predlog	p r ěː d l o ɡ
<|HBS|>predočiti	p r e d ǒ t͡ʃ i t i
<|HBS|>predvodnica	p r ě d ʋ o d n i t͡s a
<|HBS|>prekjuče	p r ê k j u t͡ʃ eː
<|HBS|>prekosutra	p r e k ǒ s u t r a
<|HBS|>prenositi	p r e n ǒ s i t i
<|HBS|>prepoznatljivost	p r e p o z n ǎ t ʎ i ʋ oː s t
<|HBS|>prepričavati	p r e p r i t͡ʃ ǎː ʋ a t i
<|HBS|>preseći	p r ě s e t͡ɕ i
<|HBS|>pretući	p r ě t uː t͡ɕ i
<|HBS|>prevaga	p r ê ʋ a ɡ a
<|HBS|>prevara	p r ê ʋ a r a
<|HBS|>prevladati	p r e ʋ l ǎː d a t i
<|HBS|>pridonijeti	p r i d ǒ n i j eː t i
<|HBS|>prijemnik	p r ǐ j eː m n iː k
<|HBS|>prijestolonasljednik	p r j e s t o l o n ǎː s ʎ e d n iː k
<|HBS|>prijevoz	p r j ěː ʋ o z
<|HBS|>primati	p r ǐː m a t i
<|HBS|>primjenjivati	p r i m j e ɲ ǐː ʋ a t i
<|HBS|>primjetno	p r î m j e t n o
<|HBS|>pripadnik	p r ǐ p a d n iː k
<|HBS|>pripovijedati	p r i p o ʋ j ěː d a t i
<|HBS|>priroda	p r ǐː r o d a
<|HBS|>pristojan	p r ǐː s t oː j a n
<|HBS|>pristupačno	p r î s t u p aː t͡ʃ n o
<|HBS|>privezivati	p r i ʋ e z ǐː ʋ a t i
<|HBS|>privreda	p r î ʋ r e d a
<|HBS|>privredni	p r î ʋ r e d n iː
<|HBS|>prkositi	p ř k o s i t i
<|HBS|>proba	p r ǒː b a
<|HBS|>probosti	p r ǒ b o s t i
<|HBS|>prodavačica	p r o d a ʋ ǎ t͡ʃ i t͡s a
<|HBS|>produkcija	p r o d ǔ k t͡s i j a
<|HBS|>produktivan	p r ô d u k t iː ʋ a n
<|HBS|>profit	p r ǒ f iː t
<|HBS|>proniknuti	p r ǒ n i k n u t i
<|HBS|>proročište	p r ǒ r o t͡ʃ iː ʃ t e
<|HBS|>prosto	p r ô s t o
<|HBS|>prosvjed	p r ǒ s ʋ j e d
<|HBS|>protektorat	p r o t e k t ǒ r aː t
<|HBS|>protivan	p r ô t iː ʋ a n
<|HBS|>proučiti	p r o ǔ t͡ʃ i t i
<|HBS|>prozor	p r ǒː z o r
<|HBS|>prožeti	p r ǒ ʒ eː t i
<|HBS|>psihoterapija	p s i x o t e r ǎ p i j a
<|HBS|>ptica	p t î t͡s a
<|HBS|>ptičurina	p t i t͡ʃ ǔ r i n a
<|HBS|>pucanj	p ûː t͡s a ɲ
<|HBS|>puk	p ûː k
<|HBS|>pšenica	p ʃ ě n i t͡s a
<|HBS|>radioaktivnost	r a d i o a k t ǐː ʋ n oː s t
<|HBS|>rajsferšlus	r ǎ j s f e r ʃ l u s
<|HBS|>raketa	r a k ě t a
<|HBS|>raspisati	r a s p ǐː s a t i
<|HBS|>rastaviti	r ǎ s t a ʋ i t i
<|HBS|>rastužiti	r a s t ǔː ʒ i t i
<|HBS|>ratifikacija	r a t i f i k ǎː t͡s i j a
<|HBS|>ravnopravnost	r a ʋ n o p r ǎː ʋ n oː s t
<|HBS|>ravnoteža	r a ʋ n o t ěː ʒ a
<|HBS|>razabrati	r a z ǎ b r a t i
<|HBS|>razlog	r ǎː z l o ɡ
<|HBS|>razmnožavati	r a z m n o ʒ ǎː ʋ a t i
<|HBS|>razredbeni	r ǎː z r e d b e n iː
<|HBS|>razumno	r â z uː m n o
<|HBS|>računovođa	r a t͡ʃ u n ǒ ʋ o d͡ʑ a
<|HBS|>reciklirati	r e t͡s i k l ǐː r a t i
<|HBS|>redak	r ěː d a k
<|HBS|>regulativa	r e ɡ u l a t ǐː ʋ a
<|HBS|>ren	r ê n
<|HBS|>reportaža	r e p o r t ǎː ʒ a
<|HBS|>reputacija	r e p u t ǎː t͡s i j a
<|HBS|>resor	r ě s oː r
<|HBS|>režiser	r e ʒ ǐ s eː r
<|HBS|>roditeljski	r ǒ d i t e ʎ s k iː
<|HBS|>ropstvo	r ǒ p s t ʋ o
<|HBS|>rođendan	r ô d͡ʑ e n d aː n
<|HBS|>rubinet	r u b ǐ n e t
<|HBS|>rukovoditi	r u k o ʋ ǒ d i t i
<|HBS|>sabor	s ǎː b o r
<|HBS|>saborski	s ǎː b o r s k iː
<|HBS|>sadra	s â d r a
<|HBS|>salata	s a l ǎː t a
<|HBS|>salona	s a l ôː n a
<|HBS|>sardinija	s ǎ r d iː n i j a
<|HBS|>sastavni	s ǎː s t a ʋ n iː
<|HBS|>satima	s ǎː t i m a
<|HBS|>sav	s â ʋ
<|HBS|>savet	s ǎː ʋ e t
<|HBS|>savez	s ǎː ʋ e z
<|HBS|>savijati	s a ʋ ǐː j a t i
<|HBS|>sedište	s ê d iː ʃ t e
<|HBS|>sedmi	s ê d m iː
<|HBS|>sedmorica	s e d m ǒ r i t͡s a
<|HBS|>seminar	s e m ǐ n aː r
<|HBS|>senzacija	s e n z ǎː t͡s i j a
<|HBS|>senzualan	s ê n z uː a l a n
<|HBS|>seoce	s e ǒ t͡s e
<|HBS|>septembar	s ě p t eː m b a r
<|HBS|>sigurnost	s i ɡ ǔː r n oː s t
<|HBS|>silno	s îː l n o
<|HBS|>simetrično	s i m ě t r i t͡ʃ n o
<|HBS|>singl	s ǐ n ɡ l
<|HBS|>sirijski	s îː r iː j s k iː
<|HBS|>sivac	s ǐː ʋ a t͡s
<|HBS|>sjaj	s j âː j
<|HBS|>sjajan	s j ǎː j a n
<|HBS|>sjednica	s j ê d n i t͡s a
<|HBS|>sjena	s j ê n a
<|HBS|>sjeveroistočno	s j e ʋ e r o ǐ s t o t͡ʃ n o
<|HBS|>sjeći	s j ê t͡ɕ i
<|HBS|>skolastika	s k o l ǎ s t i k a
<|HBS|>skresati	s k r ě s a t i
<|HBS|>skrob	s k r ô b
<|HBS|>skroz	s k r ôː z
<|HBS|>sladoled	s l â d o l eː d
<|HBS|>slast	s l âː s t
<|HBS|>slavonija	s l ǎ ʋ oː n i j a
<|HBS|>sledeći	s l ě d eː t͡ɕ iː
<|HBS|>slikar	s l î k aː r
<|HBS|>slon	s l ô n
<|HBS|>slovački	s l ǒ ʋ aː t͡ʃ k iː
<|HBS|>slovenija	s l ǒ ʋ eː n i j a
<|HBS|>smeće	s m ě t͡ɕ e
<|HBS|>smrditi	s m ř d i t i
<|HBS|>smuda	s m u d a
<|HBS|>sofija	s ǒ f i j a
<|HBS|>somun	s ǒ m uː n
<|HBS|>spavaonica	s p a ʋ a ǒː n i t͡s a
<|HBS|>spašavati	s p a ʃ ǎː ʋ a t i
<|HBS|>specifičan	s p e t͡s ǐ f i t͡ʃ a n
<|HBS|>specijalizacija	s p e t͡s i j a l i z ǎː t͡s i j a
<|HBS|>specijalno	s p ê t͡s i j aː l n o
<|HBS|>spiza	s p îː z a
<|HBS|>spolja	s p ô ʎ a
<|HBS|>spor	s p ô r
<|HBS|>sporazumijevati	s p o r a z u m j ěː ʋ a t i
<|HBS|>spoznati	s p ǒ z n a t i
<|HBS|>spustiti	s p ǔ s t i t i
<|HBS|>srednjoškolac	s r e d ɲ o ʃ k ǒː l a t͡s
<|HBS|>sretan	s r ê t a n
<|HBS|>sretati	s r ê t a t i
<|HBS|>srž	s r̂ː ʒ
<|HBS|>sticati	s t i t͡s a t i
<|HBS|>stiskati	s t ǐː s k a t i
<|HBS|>stizati	s t î z a t i
<|HBS|>stići	s t î t͡ɕ i
<|HBS|>stradati	s t r ǎː d a t i
<|HBS|>strah	s t r âː x
<|HBS|>stratopauza	s t r a t o p â u z a
<|HBS|>stroj	s t r ôː j
<|HBS|>stupa	s t û p a
<|HBS|>sudbina	s û d b i n a
<|HBS|>sumnjiv	s ǔ m ɲ i ʋ
<|HBS|>sumpor	s ûː m p o r
<|HBS|>sustavno	s ǔː s t aː ʋ n o
<|HBS|>sutkinja	s û t k i ɲ a
<|HBS|>suton	s ǔː t o n
<|HBS|>suv	s ûː ʋ
<|HBS|>suvenir	s u ʋ ě n iː r
<|HBS|>suviše	s û ʋ i ʃ eː
<|HBS|>sućut	s û t͡ɕ uː t
<|HBS|>sužen	s ûː ʒ e n
<|HBS|>suživot	s û ʒ i ʋ o t
<|HBS|>svakakav	s ʋ â k a k a ʋ
<|HBS|>svemirski	s ʋ ê m iː r s k iː
<|HBS|>svet	s ʋ êː t
<|HBS|>svidjeti	s ʋ î d j e t i
<|HBS|>svojstven	s ʋ ǒ j s t ʋ e n
<|HBS|>tadanji	t ǎ d a ɲ iː
<|HBS|>tajna	t âː j n a
<|HBS|>takozvani	t a k ǒ z ʋ aː n iː
<|HBS|>također	t a k ǒː d͡ʑ e r
<|HBS|>talac	t ǎː l a t͡s
<|HBS|>tačan	t â t͡ʃ a n
<|HBS|>tebi	t ê b i
<|HBS|>tegliti	t ê ɡ l i t i
<|HBS|>telegraf	t e l ě ɡ r a f
<|HBS|>telekomunikacija	t e l e k o m u n i k ǎː t͡s i j a
<|HBS|>teorija	t e ǒː r i j a
<|HBS|>terminologija	t e r m i n o l ǒ ɡ i j a
<|HBS|>testis	t ê s t i s
<|HBS|>tetiva	t ě t i ʋ a
<|HBS|>tirana	t i r ǎ n a
<|HBS|>tok	t ôː k
<|HBS|>tonuti	t ǒ n u t i
<|HBS|>točiti	t ǒ t͡ʃ i t i
<|HBS|>trajati	t r â j a t i
<|HBS|>tranzitni	t r ǎ n z iː t n iː
<|HBS|>trenutno	t r ê n uː t n o
<|HBS|>trezvenjak	t r e z ʋ ě ɲ aː k
<|HBS|>trezveno	t r ê z ʋ e n o
<|HBS|>tromjesečje	t r ǒ m j e s eː t͡ʃ j e
<|HBS|>trst	t r̂ s t
<|HBS|>trudan	t r ǔː d a n
<|HBS|>trunak	t r ǔː n a k
<|HBS|>tuka	t û k a
<|HBS|>tumačiti	t u m ǎː t͡ʃ i t i
<|HBS|>tur	t ûː r
<|HBS|>tužilac	t ǔ ʒ i l a t͡s
<|HBS|>tvornica	t ʋ ǒː r n i t͡s a
<|HBS|>ubaciti	u b ǎː t͡s i t i
<|HBS|>ubojica	ǔ b o j i t͡s a
<|HBS|>ubrizgavati	u b r i z ɡ ǎː ʋ a t i
<|HBS|>ugađati	u ɡ ǎː d͡ʑ a t i
<|HBS|>ugljen	û ɡ ʎ eː n
<|HBS|>ugrijati	ǔ ɡ r i j a t i
<|HBS|>ujediniti	u j e d ǐː n i t i
<|HBS|>uključivati	u k ʎ u t͡ʃ ǐː ʋ a t i
<|HBS|>ulaz	ǔ l a z
<|HBS|>umesto	ǔ m e s t o
<|HBS|>unaprijed	ǔ n a p r j eː d
<|HBS|>upiti	ǔ p i t i
<|HBS|>upotreba	û p o t r e b a
<|HBS|>uskrs	ǔ s k r s
<|HBS|>uspinjača	u s p ǐ ɲ a t͡ʃ a
<|HBS|>uspjeti	ǔ s p j e t i
<|HBS|>usto	ǔ s t oː
<|HBS|>uteg	ǔː t e ɡ
<|HBS|>uvidjeti	ǔ ʋ i d j e t i
<|HBS|>uvjeriti	ǔ ʋ j e r i t i
<|HBS|>uvrstiti	u ʋ řː s t i t i
<|HBS|>uzor	ǔː z o r
<|HBS|>uzorak	ǔː z o r a k
<|HBS|>uzvik	û z ʋ iː k
<|HBS|>učesnica	ǔ t͡ʃ e s n i t͡s a
<|HBS|>uštedjeti	u ʃ t ěː d j e t i
<|HBS|>ušće	ûː ʃ t͡ɕ e
<|HBS|>vandalizam	ʋ a n d a l ǐ z a m
<|HBS|>važiti	ʋ ǎː ʒ i t i
<|HBS|>vedro	ʋ e d r̩ o
<|HBS|>velški	ʋ ê l ʃ k iː
<|HBS|>verojatno	ʋ ê r o j aː t n o
<|HBS|>veterinarstvo	ʋ e t e r i n ǎː r s t ʋ o
<|HBS|>veće	ʋ ěː t͡ɕ e
<|HBS|>videokaseta	ʋ i d e o k a s ě t a
<|HBS|>vidjeti	ʋ î d j e t i
<|HBS|>viski	ʋ î s k i
<|HBS|>viza	ʋ ǐː z a
<|HBS|>vjenčanica	ʋ j e n t͡ʃ ǎ n i t͡s a
<|HBS|>vjerojatno	ʋ j ê r o j aː t n o
<|HBS|>vjerski	ʋ j ě r s k iː
<|HBS|>vlažnost	ʋ l â ʒ n oː s t
<|HBS|>vod	ʋ ôː d
<|HBS|>vodoravan	ʋ ô d o r aː ʋ a n
<|HBS|>vodoravno	ʋ ô d o r aː ʋ n o
<|HBS|>vodovod	ʋ ô d o ʋ oː d
<|HBS|>voz	ʋ ôː z
<|HBS|>voće	ʋ ǒ t͡ɕ e
<|HBS|>vratar	ʋ r ǎ t aː r
<|HBS|>vrenje	ʋ r ěː ɲ e
<|HBS|>vrijedan	ʋ r j ěː d a n
<|HBS|>vrijediti	ʋ r i j ěː d i t i
<|HBS|>vulkan	ʋ ǔ l k aː n
<|HBS|>zadirkivati	z a d i r k ǐː ʋ a t i
<|HBS|>zakasniti	z a k ǎ s n i t i
<|HBS|>zakazati	z a k ǎː z a t i
<|HBS|>zalog	z ǎː l o ɡ
<|HBS|>zameniti	z a m ěː n i t i
<|HBS|>zaokruživati	z a o k r u ʒ ǐː ʋ a t i
<|HBS|>zapad	z âː p a d
<|HBS|>zastor	z ǎː s t o r
<|HBS|>zavezati	z a ʋ ěː z a t i
<|HBS|>zavodnik	z ǎː ʋ o d n iː k
<|HBS|>zavodnički	z ǎː ʋ o d n i t͡ʃ k iː
<|HBS|>zavrijediti	z a ʋ r j ěː d i t i
<|HBS|>završiti	z a ʋ řː ʃ i t i
<|HBS|>zdravstveni	z d r ǎ ʋ s t ʋ e n iː
<|HBS|>zlostavljati	z l ǒ s t a ʋ ʎ a t i
<|HBS|>značiti	z n ǎː t͡ʃ i t i
<|HBS|>zob	z ôː b
<|HBS|>zrak	z r âː k
<|HBS|>zuba	z ǔː b aː
<|HBS|>zvanično	z ʋ ǎ n i t͡ʃ n o
<|HBS|>zvjezdan	z ʋ j ě z d a n
<|HBS|>ćeif	t͡ɕ ě i f
<|HBS|>čarolija	t͡ʃ a r ǒ l i j a
<|HBS|>čaršija	t͡ʃ ǎ r ʃ i j a
<|HBS|>časno	t͡ʃ â s n o
<|HBS|>čelični	t͡ʃ ě l i t͡ʃ n iː
<|HBS|>čep	t͡ʃ ê p
<|HBS|>čest	t͡ʃ êː s t
<|HBS|>čestit	t͡ʃ ě s t i t
<|HBS|>češnjak	t͡ʃ ě ʃ ɲ aː k
<|HBS|>čime	t͡ʃ ǐː m e
<|HBS|>čistka	t͡ʃ î s t k a
<|HBS|>čitanje	t͡ʃ ǐ t aː ɲ e
<|HBS|>čovječanstvo	t͡ʃ o ʋ j e t͡ʃ ǎ n s t ʋ o
<|HBS|>đubre	d͡ʑ û b r e
<|HBS|>šahin	ʃ ǎː x i n
<|HBS|>šala	ʃ ǎː l a
<|HBS|>šeher	ʃ ê x e r
<|HBS|>šiltkapa	ʃ î l t k a p a
<|HBS|>šina	ʃ î n a
<|HBS|>širiti	ʃ ǐː r i t i
<|HBS|>školarina	ʃ k o l ǎ r i n a
<|HBS|>škot	ʃ k ô t
<|HBS|>šljaka	ʃ ʎ â k a
<|HBS|>šljiva	ʃ ʎ î ʋ a
<|HBS|>šokantno	ʃ o k ǎ n t n o
<|HBS|>šou	ʃ ô u
<|HBS|>španjolac	ʃ p a ɲ ǒː l a t͡s
<|HBS|>štrajkati	ʃ t r â j k a t i
<|HBS|>štram	ʃ t r â m
<|HBS|>žalfija	ʒ ǎ l f i j a
<|HBS|>žbunje	ʒ b ûː ɲ e
<|HBS|>željko	ʒ êː ʎ k o
<|HBS|>ženevski	ʒ ě n e ʋ s k iː
<|HBS|>žestoko	ʒ e s t ǒ k o
<|HBS|>živahnost	ʒ î ʋ aː x n oː s t
<|POL|>abaton	a b a t ɔ n
<|POL|>abażur	a b a ʐ u r
<|POL|>abdykacja	a b d ɨ k a t͡s j a
<|POL|>abiturientach	a b i t u r j ɛ n t a x
<|POL|>abonentowi	a b ɔ n ɛ n t ɔ v i
<|POL|>abrazyjny	a b r a z ɨ j n ɨ
<|POL|>absolut	a p s ɔ l u t
<|POL|>absyd	a p s ɨ t
<|POL|>adiutański	a d j u t a ɲ s k i
<|POL|>administratoria	a d m i ɲ i s t r a t ɔ r j a
<|POL|>adwokacikowi	a d v ɔ k a t͡ɕ i k ɔ v i
<|POL|>adwokactwem	a d v ɔ k a t͡s t f ɛ m
<|POL|>aeronomiczny	a ɛ r ɔ n ɔ m i t͡ʂ n ɨ
<|POL|>aerozolowano	a ɛ r ɔ z ɔ l ɔ v a n ɔ
<|POL|>afarski	a f a r s k i
<|POL|>afatycznymi	a f a t ɨ t͡ʂ n ɨ m i
<|POL|>agrafko	a ɡ r a f k ɔ
<|POL|>agrest	a ɡ r ɛ s t
<|POL|>agronomiczny	a ɡ r ɔ n ɔ m i t͡ʂ n ɨ
<|POL|>alarmująco	a l a r m u j ɔ n t͡s ɔ
<|POL|>albańskich	a l b a ɲ s k i x
<|POL|>aleksytymia	a l ɛ k s ɨ t ɨ m j a
<|POL|>algierczyk	a l ɡ j ɛ r t͡ʂ ɨ k
<|POL|>aliterackie	a l i t ɛ r a t͡s k j ɛ
<|POL|>aluzyjnie	a l u z ɨ j ɲ ɛ
<|POL|>ambarkowanie	a m b a r k ɔ v a ɲ ɛ
<|POL|>amerykanista	a m ɛ r ɨ k a ɲ i s t a
<|POL|>amfiboliczny	a m f i b ɔ l i t͡ʂ n ɨ
<|POL|>amfiktionia	a m f i k t j ɔ ɲ a
<|POL|>amiant	a m j a n t
<|POL|>amonicyja	a m ɔ ɲ i t͡s ɨ j ɒ
<|POL|>anafora	a n a f ɔ r a
<|POL|>anatoksyna	a n a t ɔ k s ɨ n a
<|POL|>angina	a ŋ ɡ i n a
<|POL|>animowanie	a ɲ i m ɔ v a ɲ ɛ
<|POL|>apostatyczny	a p ɔ s t a t ɨ t͡ʂ n ɨ
<|POL|>apostolstwo	a p ɔ s t ɔ l s t f ɔ
<|POL|>apteką	a p t ɛ k ɔ w̃
<|POL|>arbitraż	a r b i t r a ʂ
<|POL|>archiwalne	a r x i v a l n ɛ
<|POL|>archiwizujące	a r x i v i z u j ɔ n t͡s ɛ
<|POL|>armada	a r m a d a
<|POL|>arteriosklerozie	a r t ɛ r j ɔ s k l ɛ r ɔ ʑ ɛ
<|POL|>artykulacje	a r t ɨ k u l a t͡s j ɛ
<|POL|>asenizator	a s ɛ ɲ i z a t ɔ r
<|POL|>asocjatywność	a s ɔ t͡s j a t ɨ v n ɔ ɕ t͡ɕ
<|POL|>asteniczny	a s t ɛ ɲ i t͡ʂ n ɨ
<|POL|>astrowieżyczkami	a s t r ɔ v j ɛ ʐ ɨ t͡ʂ k a m i
<|POL|>atakujecie	a t a k u j ɛ t͡ɕ ɛ
<|POL|>autobiograficzny	a w t ɔ b j ɔ ɡ r a f i t͡ʂ n ɨ
<|POL|>autokataliza	a w t ɔ k a t a l i z a
<|POL|>autokratka	a w t ɔ k r a t k a
<|POL|>autolizujesz	a w t ɔ l i z u j ɛ ʂ
<|POL|>autoryzowany	a w t ɔ r ɨ z ɔ v a n ɨ
<|POL|>autoryzowałaś	a w t ɔ r ɨ z ɔ v a w a ɕ
<|POL|>awanturniczy	a v a n t u r ɲ i t͡ʂ ɨ
<|POL|>babią	b a b j ɔ w̃
<|POL|>bagażowe	b a ɡ a ʐ ɔ v ɛ
<|POL|>bajtko	b ɒ j t k ɔ
<|POL|>balanga	b a l a ŋ ɡ a
<|POL|>bandoski	b a n d ɔ s k i
<|POL|>baniopień	b a ɲ ɔ p j ɛ ɲ
<|POL|>banknotowy	b a ŋ k n ɔ t ɔ v ɨ
<|POL|>bankrutowali	b a ŋ k r u t ɔ v a l i
<|POL|>bareizm	b a r ɛ i z m
<|POL|>barków	b a r k u f
<|POL|>basałyk	b a s a w ɨ k
<|POL|>basistek	b a ɕ i s t ɛ k
<|POL|>baw	b a f
<|POL|>bawola	b a v ɔ l a
<|POL|>bałwanić	b a w v a ɲ i t͡ɕ
<|POL|>bejca	b ɛ j t͡s a
<|POL|>bezcześciliby	b ɛ s t͡ʂ ɛ ɕ t͡ɕ i l i b ɨ
<|POL|>bezpieniężny	b ɛ s p j ɛ ɲ ɛ w̃ ʐ n ɨ
<|POL|>bezprefiksalny	b ɛ s p r ɛ f i k s a l n ɨ
<|POL|>bezpłatna	b ɛ s p w a t n a
<|POL|>bezwolnie	b ɛ z v ɔ l ɲ ɛ
<|POL|>bezwstydny	b ɛ s f s t ɨ d n ɨ
<|POL|>bezłożyskowcu	b ɛ z w ɔ ʐ ɨ s k ɔ f t͡s u
<|POL|>bełchatowianina	b ɛ w x a t ɔ v j a ɲ i n a
<|POL|>bidetowy	b i d ɛ t ɔ v ɨ
<|POL|>bidną	b i d n ɔ w̃
<|POL|>biegała	b j ɛ ɡ a w a
<|POL|>biegłaś	b j ɛ ɡ w a ɕ
<|POL|>bielskiego	b j ɛ l s k j ɛ ɡ ɔ
<|POL|>bielą	b j ɛ l ɔ w̃
<|POL|>biodro	b j ɔ d r ɔ
<|POL|>biogurt	b j ɔ ɡ u r t
<|POL|>biznesik	b i z n ɛ ɕ i k
<|POL|>biżuteryjny	b i ʐ u t ɛ r ɨ j n ɨ
<|POL|>bluz	b l u s
<|POL|>bluzeczki	b l u z ɛ t͡ʂ k i
<|POL|>bohaterski	b ɔ x a t ɛ r s k i
<|POL|>bombić	b ɔ m b i t͡ɕ
<|POL|>borowik	b ɔ r ɔ v i k
<|POL|>brekcja	b r ɛ k t͡s j a
<|POL|>bywaj	b ɨ v a j
<|POL|>błahostkom	b w a x ɔ s t k ɔ m
<|POL|>błądziłabyś	b w ɔ ɲ d͡ʑ i w a b ɨ ɕ
<|POL|>błądziłeś	b w ɔ ɲ d͡ʑ i w ɛ ɕ
<|POL|>cedzidło	t͡s ɛ d͡ʑ i d w ɔ
<|POL|>cennik	t͡s ɛ n ɲ i k
<|POL|>chmurką	x m u r k ɔ w̃
<|POL|>chodziłabym	x ɔ d͡ʑ i w a b ɨ m
<|POL|>chude	x u d ɛ
<|POL|>chutliwiec	x u t l i v j ɛ t͡s
<|POL|>ciachami	t͡ɕ a x a m i
<|POL|>ciarce	t͡ɕ a r t͡s ɛ
<|POL|>ciekawsko	t͡ɕ ɛ k a f s k ɔ
<|POL|>ciemięzca	t͡ɕ ɛ m j ɛ w̃ s t͡s a
<|POL|>cieni	t͡ɕ ɛ ɲ i
<|POL|>cierpliwej	t͡ɕ ɛ r p l i v ɛ j
<|POL|>cipcia	t͡ɕ i p t͡ɕ a
<|POL|>ciężarowych	t͡ɕ ɛ w̃ ʐ a r ɔ v ɨ x
<|POL|>cnotach	t͡s n ɔ t a x
<|POL|>college	k ɔ l ɛ t͡ʂ
<|POL|>cudzie	t͡s u d͡ʑ ɛ
<|POL|>cyk	t͡s ɨ k
<|POL|>cyzelować	t͡s ɨ z ɛ l ɔ v a t͡ɕ
<|POL|>czekanami	t͡ʂ ɛ k a n a m i
<|POL|>czwartej	t͡ʂ f a r t ɛ j
<|POL|>czytany	t͡ʂ ɨ t a n ɨ
<|POL|>czyścioszek	t͡ʂ ɨ ɕ t͡ɕ ɔ ʂ ɛ k
<|POL|>czyżyk	t͡ʂ ɨ ʐ ɨ k
<|POL|>często	t͡ʂ ɛ̃ s t ɔ
<|POL|>córą	t͡s u r ɔ w̃
<|POL|>danego	d a n ɛ ɡ ɔ
<|POL|>dawali	d a v a l i
<|POL|>deklamator	d ɛ k l a m a t ɔ r
<|POL|>demontowałaś	d ɛ m ɔ n t ɔ v a w a ɕ
<|POL|>dezorientować	d ɛ z ɔ r j ɛ n t ɔ v a t͡ɕ
<|POL|>diagnozuje	d j a ɡ n ɔ z u j ɛ
<|POL|>dialektycznie	d j a l ɛ k t ɨ t͡ʂ ɲ ɛ
<|POL|>doje	d ɔ j ɛ
<|POL|>doktor	d ɔ k t ɔ r
<|POL|>doktorski	d ɔ k t ɔ r s k i
<|POL|>donejtami	d ɔ n ɛ j t a m i
<|POL|>donejtom	d ɔ n ɛ j t ɔ m
<|POL|>donica	d ɔ ɲ i t͡s a
<|POL|>dostatek	d ɔ s t a t ɛ k
<|POL|>dostrzegasz	d ɔ s t ʂ ɛ ɡ a ʂ
<|POL|>dowiedziałem	d ɔ v j ɛ d͡ʑ a w ɛ m
<|POL|>drednot	d r ɛ d n ɔ t
<|POL|>drgalibyście	d r ɡ a l i b ɨ ɕ t͡ɕ ɛ
<|POL|>drągom	d r ɔ ŋ ɡ ɔ m
<|POL|>dubiel	d u b j ɛ l
<|POL|>duma	d u m a
<|POL|>dumni	d u m ɲ i
<|POL|>duńskie	d u ɲ s k j ɛ
<|POL|>dworca	d v ɔ r t͡s a
<|POL|>dwudziestosześcioletni	d v u d͡ʑ ɛ s t ɔ ʂ ɛ ɕ t͡ɕ ɔ l ɛ t ɲ i
<|POL|>dygać	d ɨ ɡ a t͡ɕ
<|POL|>dziesięcioletni	d͡ʑ ɛ ɕ ɛ ɲ t͡ɕ ɔ l ɛ t ɲ i
<|POL|>dzieła	d͡ʑ ɛ w a
<|POL|>dęłoby	d ɛ w ɔ b ɨ
<|POL|>dłubanka	d w u b a ŋ k a
<|POL|>echo	ɛ x ɔ
<|POL|>edytorski	ɛ d ɨ t ɔ r s k i
<|POL|>egzekucyjnego	ɛ ɡ z ɛ k u t͡s ɨ j n ɛ ɡ ɔ
<|POL|>egzotyczny	ɛ ɡ z ɔ t ɨ t͡ʂ n ɨ
<|POL|>eksportujecie	ɛ k s p ɔ r t u j ɛ t͡ɕ ɛ
<|POL|>elektronarzędzie	ɛ l ɛ k t r ɔ n a ʐ ɛ ɲ d͡ʑ ɛ
<|POL|>emotek	ɛ m ɔ t ɛ k
<|POL|>epidemiami	ɛ p i d ɛ m j a m i
<|POL|>epistemologia	ɛ p i s t ɛ m ɔ l ɔ ɡ j a
<|POL|>europarlamentarzystka	ɛ w r ɔ p a r l a m ɛ n t a ʐ ɨ s t k a
<|POL|>eweńskiemu	ɛ v ɛ ɲ s k j ɛ m u
<|POL|>ewolucja	ɛ v ɔ l u t͡s j a
<|POL|>fanaberie	f a n a b ɛ r j ɛ
<|POL|>faworyta	f a v ɔ r ɨ t a
<|POL|>fałszach	f a w ʂ a x
<|POL|>fałszem	f a w ʂ ɛ m
<|POL|>filiżaneczek	f i l i ʐ a n ɛ t͡ʂ ɛ k
<|POL|>filozofio	f i l ɔ z ɔ f j ɔ
<|POL|>firmą	f i r m ɔ w̃
<|POL|>flagowiec	f l a ɡ ɔ v j ɛ t͡s
<|POL|>fortunny	f ɔ r t u n n ɨ
<|POL|>fretkę	f r ɛ t k ɛ
<|POL|>frytkom	f r ɨ t k ɔ m
<|POL|>fryzyjska	f r ɨ z ɨ j s k a
<|POL|>frędzlu	f r ɛ n d͡z l u
<|POL|>galopowałeś	ɡ a l ɔ p ɔ v a w ɛ ɕ
<|POL|>garbowałam	ɡ a r b ɔ v a w a m
<|POL|>garczek	ɡ a r t͡ʂ ɛ k
<|POL|>gałęziak	ɡ a w ɛ ɲ ʑ a k
<|POL|>genewskim	ɡ ɛ n ɛ f s k i m
<|POL|>genie	ɡ ɛ ɲ ɛ
<|POL|>gierka	ɡ j ɛ r k a
<|POL|>gigabajt	ɡ i ɡ a b a j t
<|POL|>gimnazjów	ɡ i m n a z j u f
<|POL|>glewia	ɡ l ɛ v j a
<|POL|>gnać	ɡ n a t͡ɕ
<|POL|>gnijecie	ɡ ɲ i j ɛ t͡ɕ ɛ
<|POL|>gorzowianinem	ɡ ɔ ʐ ɔ v j a ɲ i n ɛ m
<|POL|>gospodarstwem	ɡ ɔ s p ɔ d a r s t f ɛ m
<|POL|>grahamkom	ɡ r a x a m k ɔ m
<|POL|>grawerujcie	ɡ r a v ɛ r u j t͡ɕ ɛ
<|POL|>gromny	ɡ r ɔ m n ɨ
<|POL|>grotom	ɡ r ɔ t ɔ m
<|POL|>grubowarg	ɡ r u b ɔ v a r k
<|POL|>grusze	ɡ r u ʂ ɛ
<|POL|>gruszek	ɡ r u ʂ ɛ k
<|POL|>grzejniczek	ɡ ʐ ɛ j ɲ i t͡ʂ ɛ k
<|POL|>grzeszek	ɡ ʐ ɛ ʂ ɛ k
<|POL|>gwiezdnymi	ɡ v j ɛ z d n ɨ m i
<|POL|>gwiezdną	ɡ v j ɛ z d n ɔ w̃
<|POL|>gębacz	ɡ ɛ m b a t͡ʂ
<|POL|>głuchego	ɡ w u x ɛ ɡ ɔ
<|POL|>haktywistka	x a k t ɨ v i s t k a
<|POL|>hawajskiej	x a v a j s k j ɛ j
<|POL|>hindustański	x i n d u s t a ɲ s k i
<|POL|>hipotetycznie	x i p ɔ t ɛ t ɨ t͡ʂ ɲ ɛ
<|POL|>hojniejszy	x ɔ j ɲ ɛ j ʂ ɨ
<|POL|>house	x a w s
<|POL|>identyfikowałyśmy	i d ɛ n t ɨ f i k ɔ v a w ɨ ɕ m ɨ
<|POL|>imię	i m j ɛ̃
<|POL|>irytująco	i r ɨ t u j ɔ n t͡s ɔ
<|POL|>islamska	i s l a m s k a
<|POL|>iwanko	i v a ŋ k ɔ
<|POL|>jadła	j a d w a
<|POL|>jamajskiej	j a m a j s k j ɛ j
<|POL|>janielski	j a ɲ ɛ l s k i
<|POL|>japończyk	j a p ɔ ɲ t͡ʂ ɨ k
<|POL|>japońsku	j a p ɔ ɲ s k u
<|POL|>jawnemu	j a v n ɛ m u
<|POL|>jaworznickim	j a v ɔ ʐ ɲ i t͡s k i m
<|POL|>jednokładność	j ɛ d n ɔ k w a d n ɔ ɕ t͡ɕ
<|POL|>jurzą	j u ʐ ɔ w̃
<|POL|>jętce	j ɛ n t t͡s ɛ
<|POL|>kaczkach	k a t͡ʂ k a x
<|POL|>kandela	k a n d ɛ l a
<|POL|>kapelusik	k a p ɛ l u ɕ i k
<|POL|>karmia	k a r m j a
<|POL|>kartridż	k a r t r i t͡ʂ
<|POL|>kawalarz	k a v a l a ʂ
<|POL|>każą	k a ʐ ɔ w̃
<|POL|>kidali	k i d a l i
<|POL|>kielecki	k j ɛ l ɛ t͡s k i
<|POL|>kladowi	k l a d ɔ v i
<|POL|>klawesyn	k l a v ɛ s ɨ n
<|POL|>knajpce	k n a j p t͡s ɛ
<|POL|>knute	k n u t ɛ
<|POL|>knuć	k n u t͡ɕ
<|POL|>kobieciarstwie	k ɔ b j ɛ t͡ɕ a r s t f j ɛ
<|POL|>kobzę	k ɔ b z ɛ
<|POL|>kochało	k ɔ x a w ɔ
<|POL|>kocurów	k ɔ t͡s u r u f
<|POL|>koiło	k ɔ i w ɔ
<|POL|>kolejowy	k ɔ l ɛ j ɔ v ɨ
<|POL|>kolekcjonowałabyś	k ɔ l ɛ k t͡s j ɔ n ɔ v a w a b ɨ ɕ
<|POL|>koleżeński	k ɔ l ɛ ʐ ɛ ɲ s k i
<|POL|>kolisty	k ɔ l i s t ɨ
<|POL|>komedią	k ɔ m ɛ d j ɔ w̃
<|POL|>kompletnie	k ɔ m p l ɛ t ɲ ɛ
<|POL|>komplikacja	k ɔ m p l i k a t͡s j a
<|POL|>konasz	k ɔ n a ʂ
<|POL|>konsumpcja	k ɔ n s u m p t͡s j a
<|POL|>kontemplacyjnie	k ɔ n t ɛ m p l a t͡s ɨ j ɲ ɛ
<|POL|>kontrolujmy	k ɔ n t r ɔ l u j m ɨ
<|POL|>konwalijki	k ɔ n v a l i j k i
<|POL|>kooptować	k ɔ ɔ p t ɔ v a t͡ɕ
<|POL|>koperta	k ɔ p ɛ r t a
<|POL|>korespondencyjny	k ɔ r ɛ s p ɔ n d ɛ n t͡s ɨ j n ɨ
<|POL|>kormorany	k ɔ r m ɔ r a n ɨ
<|POL|>koszula	k ɔ ʂ u l a
<|POL|>kotwić	k ɔ t f i t͡ɕ
<|POL|>kołach	k ɔ w a x
<|POL|>krab	k r a p
<|POL|>krasego	k r a s ɛ ɡ ɔ
<|POL|>krasemu	k r a s ɛ m u
<|POL|>kresą	k r ɛ s ɔ w̃
<|POL|>krową	k r ɔ v ɔ w̃
<|POL|>kręgielnia	k r ɛ ŋ ɡ j ɛ l ɲ a
<|POL|>krętek	k r ɛ n t ɛ k
<|POL|>kseruj	k s ɛ r u j
<|POL|>który	k t o r ɨ
<|POL|>kuców	k u t͡s u f
<|POL|>kulminacja	k u l m i n a t͡s j a
<|POL|>kupą	k u p ɔ w̃
<|POL|>kurwom	k u r v ɔ m
<|POL|>kępą	k ɛ m p ɔ w̃
<|POL|>kładłyby	k w a d w ɨ b ɨ
<|POL|>kłucie	k w u t͡ɕ ɛ
<|POL|>kłócicie	k w u t͡ɕ i t͡ɕ ɛ
<|POL|>lankijscy	l a ŋ k i j s t͡s ɨ
<|POL|>lapońskim	l a p ɔ ɲ s k i m
<|POL|>laudacja	l a w d a t͡s j a
<|POL|>leciałabym	l ɛ t͡ɕ a w a b ɨ m
<|POL|>lenek	l ɛ n ɛ k
<|POL|>lgnąc	l ɡ n ɔ n t͡s
<|POL|>liberia	l i b ɛ r j a
<|POL|>ligom	l i ɡ ɔ m
<|POL|>lnica	l ɲ i t͡s a
<|POL|>lubimy	l u b i m ɨ
<|POL|>lżejszego	l ʐ ɛ j ʂ ɛ ɡ ɔ
<|POL|>manekin	m a n ɛ k i n
<|POL|>marokański	m a r ɔ k a ɲ s k i
<|POL|>martwak	m a r t f a k
<|POL|>mary	m a r ɨ
<|POL|>maskowaniami	m a s k ɔ v a ɲ a m i
<|POL|>matę	m a t ɛ
<|POL|>mdlący	m d l ɔ n t͡s ɨ
<|POL|>memłać	m ɛ m w a t͡ɕ
<|POL|>metresa	m ɛ t r ɛ s a
<|POL|>mieszkaniem	m j ɛ ʂ k a ɲ ɛ m
<|POL|>miglanc	m i ɡ l a n t͡s
<|POL|>mile	m i l ɛ
<|POL|>milusie	m i l u ɕ ɛ
<|POL|>minięcie	m i ɲ ɛ ɲ t͡ɕ ɛ
<|POL|>minoga	m i n ɔ ɡ a
<|POL|>mir	m i r
<|POL|>mizeriom	m i z ɛ r j ɔ m
<|POL|>monopolisty	m ɔ n ɔ p ɔ l i s t ɨ
<|POL|>moralniak	m ɔ r a l ɲ a k
<|POL|>moralnie	m ɔ r a l ɲ ɛ
<|POL|>mordowałby	m ɔ r d ɔ v a w b ɨ
<|POL|>mordowałem	m ɔ r d ɔ v a w ɛ m
<|POL|>mrówce	m r u f t͡s ɛ
<|POL|>mrąc	m r ɔ n t͡s
<|POL|>municypalny	m u ɲ i t͡s ɨ p a l n ɨ
<|POL|>muszkatołowcem	m u ʂ k a t ɔ w ɔ f t͡s ɛ m
<|POL|>muszkatołowcom	m u ʂ k a t ɔ w ɔ f t͡s ɔ m
<|POL|>muszkatołowiec	m u ʂ k a t ɔ w ɔ v j ɛ t͡s
<|POL|>muzułmańskiej	m u z u w m a ɲ s k j ɛ j
<|POL|>muzyków	m u z ɨ k u f
<|POL|>mycka	m ɨ t͡s k a
<|POL|>myszą	m ɨ ʂ ɔ w̃
<|POL|>myślałoby	m ɨ ɕ l a w ɔ b ɨ
<|POL|>mędrszego	m ɛ n t r ʂ ɛ ɡ ɔ
<|POL|>mękę	m ɛ ŋ k ɛ
<|POL|>młoteczek	m w ɔ t ɛ t͡ʂ ɛ k
<|POL|>nadciąć	n a t t͡ɕ ɔ ɲ t͡ɕ
<|POL|>nadsiębierny	n a t ɕ ɛ m b j ɛ r n ɨ
<|POL|>nadużyć	n a d u ʐ ɨ t͡ɕ
<|POL|>nagnieść	n a ɡ ɲ e ɕ t͡ɕ
<|POL|>naiwniutki	n a i v ɲ u t k i
<|POL|>najciężsi	n a j t͡ɕ ɛ w̃ ʂ ɕ i
<|POL|>najcięższa	n a j t͡ɕ ɛ w̃ ʂ ʂ a
<|POL|>najebka	n a j ɛ p k a
<|POL|>najmądrzej	n a j m ɔ n d ʐ ɛ j
<|POL|>najowocniejszej	n a j ɔ v ɔ t͡s ɲ ɛ j ʂ ɛ j
<|POL|>najrozmowniej	n a j r ɔ z m ɔ v ɲ ɛ j
<|POL|>najszlachetniejszy	n a j ʂ l a x ɛ t ɲ ɛ j ʂ ɨ
<|POL|>najtwardszy	n a j t f a r t ʂ ɨ
<|POL|>nalewacie	n a l ɛ v a t͡ɕ ɛ
<|POL|>należą	n a l ɛ ʐ ɔ w̃
<|POL|>namawiaj	n a m a v j a j
<|POL|>nanizać	n a ɲ i z a t͡ɕ
<|POL|>napoję	n a p ɔ j ɛ
<|POL|>naprawialiśmy	n a p r a v j a l i ɕ m ɨ
<|POL|>narciarskie	n a r t͡ɕ a r s k j ɛ
<|POL|>narowie	n a r ɔ v j ɛ
<|POL|>nawyknąć	n a v ɨ k n ɔ ɲ t͡ɕ
<|POL|>nazadnik	n a z a d ɲ i k
<|POL|>nazywałybyśmy	n a z ɨ v a w ɨ b ɨ ɕ m ɨ
<|POL|>naładowywać	n a w a d ɔ v ɨ v a t͡ɕ
<|POL|>naścieła	n a ɕ t͡ɕ ɛ w a
<|POL|>nianią	ɲ a ɲ ɔ w̃
<|POL|>nicią	ɲ i t͡ɕ ɔ w̃
<|POL|>niebieskie	ɲ ɛ b j ɛ s k j ɛ
<|POL|>niegrzecznym	ɲ ɛ ɡ ʐ ɛ t͡ʂ n ɨ m
<|POL|>niepodległy	ɲ ɛ p ɔ d l ɛ ɡ w ɨ
<|POL|>nieracjonalność	ɲ ɛ r a t͡s j ɔ n a l n ɔ ɕ t͡ɕ
<|POL|>nierzetelny	ɲ ɛ ʐ ɛ t ɛ l n ɨ
<|POL|>nieuchronnie	ɲ ɛ u x r ɔ n ɲ ɛ
<|POL|>nieuctwo	ɲ ɛ w u t͡s t f ɔ
<|POL|>nieudacznica	ɲ ɛ u d a t͡ʂ ɲ i t͡s a
<|POL|>niewolnictwu	ɲ ɛ v ɔ l ɲ i t͡s t f u
<|POL|>nieznaczni	ɲ ɛ z n a t͡ʂ ɲ i
<|POL|>niw	ɲ i f
<|POL|>nizał	ɲ i z a w
<|POL|>norami	n ɔ r a m i
<|POL|>notowalibyście	n ɔ t ɔ v a l i b ɨ ɕ t͡ɕ ɛ
<|POL|>nożowi	n ɔ ʐ ɔ v i
<|POL|>nucą	n u t͡s ɔ w̃
<|POL|>numizmatyka	n u m i z m a t ɨ k a
<|POL|>nóżce	n u ʂ t͡s ɛ
<|POL|>obcas	ɔ p t͡s a s
<|POL|>obelga	ɔ b ɛ l ɡ a
<|POL|>oberwanie	ɔ b ɛ r v a ɲ ɛ
<|POL|>obiadami	ɔ b j a d a m i
<|POL|>obije	ɔ b i j ɛ
<|POL|>obmacać	ɔ b m a t͡s a t͡ɕ
<|POL|>obozów	ɔ b ɔ z u f
<|POL|>obskurny	ɔ p s k u r n ɨ
<|POL|>obsyłać	ɔ p s ɨ ɫ a t͡ɕ
<|POL|>obwąchiwać	ɔ b v ɔ w̃ x i v a t͡ɕ
<|POL|>ocalone	ɔ t͡s a l ɔ n ɛ
<|POL|>odetrzeć	ɔ d ɛ t r̝ ɛ t͡ɕ
<|POL|>odjechanie	ɔ d j ɛ x a ɲ ɛ
<|POL|>odkryty	ɔ t k r ɨ t ɨ
<|POL|>odkładach	ɔ t k w a d a x
<|POL|>odradzało	ɔ d r a d͡z a w ɔ
<|POL|>odsiać	ɔ t ɕ a t͡ɕ
<|POL|>odsyłacz	ɔ t s ɨ w a t͡ʂ
<|POL|>odśnieżałam	ɔ t ɕ ɲ ɛ ʐ a w a m
<|POL|>odśpiewanie	ɔ t ɕ p j ɛ v a ɲ ɛ
<|POL|>oficjalnie	ɔ f i t͡s j a l ɲ ɛ
<|POL|>oglądałyście	ɔ ɡ l ɔ n d a w ɨ ɕ t͡ɕ ɛ
<|POL|>ogniskowy	ɔ ɡ ɲ i s k ɔ v ɨ
<|POL|>ojebać	ɔ j ɛ b a t͡ɕ
<|POL|>okapi	ɔ k a p i
<|POL|>okazjonalny	ɔ k a z j ɔ n a l n ɨ
<|POL|>okradajcie	ɔ k r a d a j t͡ɕ ɛ
<|POL|>okroi	ɔ k r ɔ i
<|POL|>oktawa	ɔ k t a v a
<|POL|>okładzik	ɔ k w a d͡ʑ i k
<|POL|>oleiście	ɔ l ɛ i ɕ t͡ɕ ɛ
<|POL|>opatentowałoby	ɔ p a t ɛ n t ɔ v a w ɔ b ɨ
<|POL|>opera	ɔ p ɛ r a
<|POL|>opiekę	ɔ p j ɛ k ɛ
<|POL|>opowiedacz	ɔ p ɔ v j ɛ d a t͡ʂ
<|POL|>oprowadzało	ɔ p r ɔ v a d͡z a w ɔ
<|POL|>opłacać	ɔ p w a t͡s a t͡ɕ
<|POL|>orda	ɔ r d a
<|POL|>organizuje	ɔ r ɡ a ɲ i z u j ɛ
<|POL|>osa	ɔ s a
<|POL|>oskoły	ɔ s k ɔ w ɨ
<|POL|>ostrzegały	ɔ s t ʂ ɛ ɡ a w ɨ
<|POL|>oszałamiać	ɔ ʂ a w a m j a t͡ɕ
<|POL|>osączenie	ɔ s ɔ n t͡ʂ ɛ ɲ ɛ
<|POL|>osłuchać	ɔ s w u x a t͡ɕ
<|POL|>ot	ɔ t
<|POL|>otaczający	ɔ t a t͡ʂ a j ɔ n t͡s ɨ
<|POL|>otwartą	ɔ t f a r t ɔ w̃
<|POL|>ozorom	ɔ z ɔ r ɔ m
<|POL|>oślego	ɔ ɕ l ɛ ɡ ɔ
<|POL|>oświetlałybyście	ɔ ɕ f j ɛ t l a w ɨ b ɨ ɕ t͡ɕ ɛ
<|POL|>pacniecie	p a t͡s ɲ ɛ t͡ɕ ɛ
<|POL|>pad	p a t
<|POL|>padem	p a d ɛ m
<|POL|>padło	p a d w ɔ
<|POL|>parapsychologia	p a r a p s ɨ x ɔ l ɔ ɡ j a
<|POL|>pareidolia	p a r ɛ i d ɔ l j a
<|POL|>park	p a r k
<|POL|>pasmu	p a s m u
<|POL|>pastami	p a s t a m i
<|POL|>pastuch	p a s t u x
<|POL|>paszczur	p a ʂ t͡ʂ u r
<|POL|>pasłam	p a s w a m
<|POL|>pchlimi	p x l i m i
<|POL|>peonia	p ɛ ɔ ɲ j a
<|POL|>perskim	p ɛ r s k i m
<|POL|>persz	p ɛ r ʂ
<|POL|>pewniak	p ɛ v ɲ a k
<|POL|>pełzacz	p ɛ w z a t͡ʂ
<|POL|>pełła	p ɛ w w a
<|POL|>pełłam	p ɛ w w a m
<|POL|>piknąć	p i k n ɔ ɲ t͡ɕ
<|POL|>pilnowały	p i l n ɔ v a w ɨ
<|POL|>pirotechnika	p i r ɔ t ɛ x ɲ i k a
<|POL|>pisankę	p i s a ŋ k ɛ
<|POL|>pisało	p i s a w ɔ
<|POL|>pitę	p i t ɛ
<|POL|>pięcioksiąg	p j ɛ ɲ t͡ɕ ɔ k ɕ ɔ ŋ k
<|POL|>piętnastego	p j ɛ n t n a s t ɛ ɡ ɔ
<|POL|>piłodziób	p i w ɔ d͡ʑ u p
<|POL|>plandeka	p l a n d ɛ k a
<|POL|>pobrany	p ɔ b r a n ɨ
<|POL|>pochylać	p ɔ x ɨ l a t͡ɕ
<|POL|>pociot	p ɔ t͡ɕ ɔ t
<|POL|>podejrzewałybyście	p ɔ d ɛ j ʐ ɛ v a w ɨ b ɨ ɕ t͡ɕ ɛ
<|POL|>podgrzewać	p ɔ d ɡ ʐ ɛ v a t͡ɕ
<|POL|>podli	p ɔ d l i
<|POL|>podtlenek	p ɔ t t l ɛ n ɛ k
<|POL|>podówczas	p ɔ d u f t͡ʂ a s
<|POL|>pogardzałaby	p ɔ ɡ a r d͡z a w a b ɨ
<|POL|>pokrzepianie	p ɔ k ʂ ɛ p j a ɲ ɛ
<|POL|>polek	p ɔ l ɛ k
<|POL|>politowanie	p ɔ l i t ɔ v a ɲ ɛ
<|POL|>pomagamy	p ɔ m a ɡ a m ɨ
<|POL|>pomocniczko	p ɔ m ɔ t͡s ɲ i t͡ʂ k ɔ
<|POL|>poprzedni	p ɔ p ʂ ɛ d ɲ i
<|POL|>pornografie	p ɔ r n ɔ ɡ r a f j ɛ
<|POL|>porze	p ɔ ʐ ɛ
<|POL|>posikać	p ɔ ɕ i k a t͡ɕ
<|POL|>postach	p ɔ s t a x
<|POL|>posłużyć	p ɔ s w u ʐ ɨ t͡ɕ
<|POL|>powiedz	p ɔ v j ɛ t͡s
<|POL|>powiewać	p ɔ v j ɛ v a t͡ɕ
<|POL|>powtarzający	p ɔ f t a ʐ a j ɔ n t͡s ɨ
<|POL|>pozbywać	p ɔ z b ɨ v a t͡ɕ
<|POL|>pozorny	p ɔ z ɔ r n ɨ
<|POL|>pozostali	p ɔ z ɔ s t a l i
<|POL|>pozwalam	p ɔ z v a l a m
<|POL|>pozwolić	p ɔ z v ɔ l i t͡ɕ
<|POL|>połykają	p ɔ w ɨ k a j ɔ w̃
<|POL|>poślubiać	p ɔ ɕ l u b j a t͡ɕ
<|POL|>pożyczkobiorca	p ɔ ʐ ɨ t͡ʂ k ɔ b j ɔ r t͡s a
<|POL|>pradolina	p r a d ɔ l i n a
<|POL|>pragębowiec	p r a ɡ ɛ m b ɔ v j ɛ t͡s
<|POL|>prawdziwek	p r a v d͡ʑ i v ɛ k
<|POL|>prezenty	p r ɛ z ɛ n t ɨ
<|POL|>produkowała	p r ɔ d u k ɔ v a w a
<|POL|>produkowałyśmy	p r ɔ d u k ɔ v a w ɨ ɕ m ɨ
<|POL|>programowała	p r ɔ ɡ r a m ɔ v a w a
<|POL|>pryskać	p r ɨ s k a t͡ɕ
<|POL|>pryszczyki	p r ɨ ʂ t͡ʂ ɨ k i
<|POL|>przebijanie	p ʂ ɛ b i j a ɲ ɛ
<|POL|>przeciwnie	p ʂ ɛ t͡ɕ i v ɲ ɛ
<|POL|>przekroję	p ʂ ɛ k r ɔ j ɛ
<|POL|>przekąska	p ʂ ɛ k ɔ w̃ s k a
<|POL|>przekładowość	p ʂ ɛ k w a d ɔ v ɔ ɕ t͡ɕ
<|POL|>przeleźć	p ʂ ɛ l ɛ ɕ t͡ɕ
<|POL|>przestępczyni	p ʂ ɛ s t ɛ m p t͡ʂ ɨ ɲ i
<|POL|>przeważać	p ʂ ɛ v a ʐ a t͡ɕ
<|POL|>przybierać	p ʂ ɨ b j ɛ r a t͡ɕ
<|POL|>przydługi	p ʂ ɨ d w u ɡ i
<|POL|>przyjacielski	p ʂ ɨ j a t͡ɕ ɛ l s k i
<|POL|>przyjąć	p ʂ ɨ j ɔ ɲ t͡ɕ
<|POL|>przymierzyć	p ʂ ɨ m j ɛ ʐ ɨ t͡ɕ
<|POL|>przypominali	p ʂ ɨ p ɔ m i n a l i
<|POL|>przyskrzyniać	p ʂ ɨ s k ʂ ɨ ɲ a t͡ɕ
<|POL|>przystrzyc	p ʂ ɨ s t ʂ ɨ t͡s
<|POL|>próbowało	p r u b ɔ v a w ɔ
<|POL|>psiskiem	p ɕ i s k j ɛ m
<|POL|>psuje	p s u j ɛ
<|POL|>psychol	p s ɨ x ɔ l
<|POL|>publicystycznie	p u b l i t͡s ɨ s t ɨ t͡ʂ ɲ ɛ
<|POL|>pulsacyjny	p u l s a t͡s ɨ j n ɨ
<|POL|>pustułko	p u s t u w k ɔ
<|POL|>puszkować	p u ʂ k ɔ v a t͡ɕ
<|POL|>północnik	p u w n ɔ t͡s ɲ i k
<|POL|>pękaliście	p ɛ ŋ k a l i ɕ t͡ɕ ɛ
<|POL|>raczy	r a t͡ʂ ɨ
<|POL|>radosne	r a d ɔ s n ɛ
<|POL|>raki	r a k i
<|POL|>rakla	r a k l a
<|POL|>rdestówka	r d ɛ s t u f k a
<|POL|>receptura	r ɛ t͡s ɛ p t u r a
<|POL|>rekompensata	r ɛ k ɔ m p ɛ n s a t a
<|POL|>reling	r ɛ l i ŋ k
<|POL|>renegocjacja	r ɛ n ɛ ɡ ɔ t͡s j a t͡s j a
<|POL|>rezerwowałybyśmy	r ɛ z ɛ r v ɔ v a w ɨ b ɨ ɕ m ɨ
<|POL|>rezerwując	r ɛ z ɛ r v u j ɔ n t͡s
<|POL|>rezjański	r ɛ z j a ɲ s k i
<|POL|>rozciągłość	r ɔ s t͡ɕ ɔ ŋ ɡ w ɔ ɕ t͡ɕ
<|POL|>rozkurcz	r ɔ s k u r t͡ʂ
<|POL|>rozpaczałyście	r ɔ s p a t͡ʂ a w ɨ ɕ t͡ɕ ɛ
<|POL|>rozpakowywać	r ɔ s p a k ɔ v ɨ v a t͡ɕ
<|POL|>rozpoczęłoby	r ɔ s p ɔ t͡ʂ ɛ w ɔ b ɨ
<|POL|>rozpuszczenie	r ɔ s p u ʂ t͡ʂ ɛ ɲ ɛ
<|POL|>rozrobienie	r ɔ z r ɔ b j ɛ ɲ ɛ
<|POL|>rozważało	r ɔ z v a ʐ a w ɔ
<|POL|>rwandyjski	r v a n d ɨ j s k i
<|POL|>rwandyjskie	r v a n d ɨ j s k j ɛ
<|POL|>rysowałem	r ɨ s ɔ v a w ɛ m
<|POL|>rytach	r ɨ t a x
<|POL|>ryłach	r ɨ w a x
<|POL|>rzeki	ʐ ɛ k i
<|POL|>rzeźbiarkę	ʐ ɛ ʑ b j a r k ɛ
<|POL|>rzutnik	ʐ u t ɲ i k
<|POL|>równania	r u v n a ɲ a
<|POL|>rączka	r ɔ n t͡ʂ k a
<|POL|>rżą	r ʐ ɔ w̃
<|POL|>sadzić	s a d͡ʑ i t͡ɕ
<|POL|>sadziła	s a d͡ʑ i w a
<|POL|>samico	s a m i t͡s ɔ
<|POL|>sampel	s a m p ɛ l
<|POL|>samym	s a m ɨ m
<|POL|>seminaryjny	s ɛ m i n a r ɨ j n ɨ
<|POL|>siaja	ɕ a j a
<|POL|>siarkę	ɕ a r k ɛ
<|POL|>siejba	ɕ ɛ j b a
<|POL|>siądzie	ɕ ɔ ɲ d͡ʑ ɛ
<|POL|>sięgnąć	ɕ ɛ ŋ ɡ n ɔ ɲ t͡ɕ
<|POL|>skaut	s k a w t
<|POL|>skazana	s k a z a n a
<|POL|>skończą	s k ɔ ɲ t͡ʂ ɔ w̃
<|POL|>skrajnie	s k r a j ɲ ɛ
<|POL|>skręcenie	s k r ɛ n t͡s ɛ ɲ ɛ
<|POL|>składałyśmy	s k w a d a w ɨ ɕ m ɨ
<|POL|>smarknąć	s m a r k n ɔ ɲ t͡ɕ
<|POL|>smarując	s m a r u j ɔ n t͡s
<|POL|>snajper	s n a j p ɛ r
<|POL|>sobolim	s ɔ b ɔ l i m
<|POL|>spadał	s p a d a w
<|POL|>sparszeć	s p a r ʂ ɛ t͡ɕ
<|POL|>spasanie	s p a s a ɲ ɛ
<|POL|>spawam	s p a v a m
<|POL|>spaście	s p a ɕ t͡ɕ ɛ
<|POL|>spinacz	s p i n a t͡ʂ
<|POL|>spiłować	s p i w ɔ v a t͡ɕ
<|POL|>spontanicznie	s p ɔ n t a ɲ i t͡ʂ ɲ ɛ
<|POL|>sprawię	s p r a v j ɛ
<|POL|>sprawniejszy	s p r a v ɲ ɛ j ʂ ɨ
<|POL|>sprzysiężenie	s p ʂ ɨ ɕ ɛ w̃ ʐ ɛ ɲ ɛ
<|POL|>spłowieć	s p w ɔ v j ɛ t͡ɕ
<|POL|>stacje	s t a t͡s j ɛ
<|POL|>staja	s t a j a
<|POL|>stanowczo	s t a n ɔ f t͡ʂ ɔ
<|POL|>starcze	s t a r t͡ʂ ɛ
<|POL|>stawać	s t a v a t͡ɕ
<|POL|>sterane	s t ɛ r a n ɛ
<|POL|>stopami	s t ɔ p a m i
<|POL|>strachliwie	s t r a x l i v j ɛ
<|POL|>straszniejszy	s t r a ʂ ɲ ɛ j ʂ ɨ
<|POL|>straw	s t r a f
<|POL|>strefa	s t r ɛ f a
<|POL|>stroić	s t r ɔ i t͡ɕ
<|POL|>strumyczek	s t r u m ɨ t͡ʂ ɛ k
<|POL|>studiowałyście	s t u d j ɔ v a w ɨ ɕ t͡ɕ ɛ
<|POL|>stężeń	s t ɛ w̃ ʐ ɛ ɲ
<|POL|>sudański	s u d a ɲ s k i
<|POL|>surogat	s u r ɔ ɡ a t
<|POL|>surówkami	s u r u f k a m i
<|POL|>suszą	s u ʂ ɔ w̃
<|POL|>swawole	s f a v ɔ l ɛ
<|POL|>syllabus	s ɨ l l a b u s
<|POL|>sympozjum	s ɨ m p ɔ z j u m
<|POL|>synkopa	s ɨ ŋ k ɔ p a
<|POL|>szachistkach	ʂ a x i s t k a x
<|POL|>szarawym	ʂ a r a v ɨ m
<|POL|>szczujnia	ʂ t͡ʂ u j ɲ a
<|POL|>szczęśliwe	ʂ t͡ʂ ɛ ɲ ɕ l i v ɛ
<|POL|>szklanka	ʂ k l a ŋ k a
<|POL|>szmelc	ʂ m ɛ l t͡s
<|POL|>szpaczek	ʂ p a t͡ʂ ɛ k
<|POL|>szukani	ʂ u k a ɲ i
<|POL|>szumówka	ʂ u m u f k a
<|POL|>szwajcarska	ʂ f a j t͡s a r s k a
<|POL|>szwy	ʂ f ɨ
<|POL|>szyfrujący	ʂ ɨ f r u j ɔ n t͡s ɨ
<|POL|>sępów	s ɛ m p u f
<|POL|>tajfun	t a j f u n
<|POL|>tajność	t a j n ɔ ɕ t͡ɕ
<|POL|>taniej	t a ɲ ɛ j
<|POL|>taninowy	t a ɲ i n ɔ v ɨ
<|POL|>taternik	t a t ɛ r ɲ i k
<|POL|>tatuowałyście	t a t u ɔ v a w ɨ ɕ t͡ɕ ɛ
<|POL|>telewizornia	t ɛ l ɛ v i z ɔ r ɲ a
<|POL|>teraźniejszemu	t ɛ r a ʑ ɲ ɛ j ʂ ɛ m u
<|POL|>todze	t ɔ d͡z ɛ
<|POL|>toku	t ɔ k u
<|POL|>tomikach	t ɔ m i k a x
<|POL|>toporom	t ɔ p ɔ r ɔ m
<|POL|>torturować	t ɔ r t u r ɔ v a t͡ɕ
<|POL|>towarzyska	t ɔ v a ʐ ɨ s k a
<|POL|>tramp	t r a m p
<|POL|>troskliwa	t r ɔ s k l i v a
<|POL|>trzmieli	t ʂ m j ɛ l i
<|POL|>trzmielimi	t ʂ m j ɛ l i m i
<|POL|>trzydziesta	t ʂ ɨ d͡ʑ ɛ s t a
<|POL|>tunezyjskiej	t u n ɛ z ɨ j s k j ɛ j
<|POL|>twierdzę	t f j ɛ r d͡z ɛ
<|POL|>tygrysiego	t ɨ ɡ r ɨ ɕ ɛ ɡ ɔ
<|POL|>tyra	t ɨ r a
<|POL|>tyłeczek	t ɨ w ɛ t͡ʂ ɛ k
<|POL|>uczęszczać	u t͡ʂ ɛ w̃ ʂ t͡ʂ a t͡ɕ
<|POL|>ufając	u f a j ɔ n t͡s
<|POL|>ufający	u f a j ɔ n t͡s ɨ
<|POL|>ufundować	u f u n d ɔ v a t͡ɕ
<|POL|>ujmo	u j m ɔ
<|POL|>ujmą	u j m ɔ w̃
<|POL|>ująć	u j ɔ ɲ t͡ɕ
<|POL|>ukrainizacja	u k r a i ɲ i z a t͡s j a
<|POL|>umili	u m i l i
<|POL|>umilknąć	u m i l k n ɔ ɲ t͡ɕ
<|POL|>umkniecie	u m k ɲ ɛ t͡ɕ ɛ
<|POL|>umoralnić	u m ɔ r a l ɲ i t͡ɕ
<|POL|>umyć	u m ɨ t͡ɕ
<|POL|>unieśmiertelnić	u ɲ ɛ ɕ m j ɛ r t ɛ l ɲ i t͡ɕ
<|POL|>uosobić	u ɔ s ɔ b i t͡ɕ
<|POL|>upartym	u p a r t ɨ m
<|POL|>upłynniać	u p w ɨ n ɲ a t͡ɕ
<|POL|>urocze	u r ɔ t͡ʂ ɛ
<|POL|>uroczystość	u r ɔ t͡ʂ ɨ s t ɔ ɕ t͡ɕ
<|POL|>urzucić	u ʐ u t͡ɕ i t͡ɕ
<|POL|>ustabilizować	u s t a b i l i z ɔ v a t͡ɕ
<|POL|>usteczka	u s t ɛ t͡ʂ k a
<|POL|>utraci	u t r a t͡ɕ i
<|POL|>uwypuklać	u v ɨ p u k l a t͡ɕ
<|POL|>wanilii	v a ɲ i l j i
<|POL|>warko	v a r k ɔ
<|POL|>warszawiakach	v a r ʂ a v j a k a x
<|POL|>wbudować	v b u d ɔ v a t͡ɕ
<|POL|>wdarcie	v d a r t͡ɕ ɛ
<|POL|>wegetariańskiego	v ɛ ɡ ɛ t a r j a ɲ s k j ɛ ɡ ɔ
<|POL|>wejdziemy	v ɛ j d͡ʑ ɛ m ɨ
<|POL|>wersalikowi	v ɛ r s a l i k ɔ v i
<|POL|>wiertłom	v j ɛ r t w ɔ m
<|POL|>wiewiórach	v j ɛ v j u r a x
<|POL|>wileńskiemu	v i l ɛ ɲ s k j ɛ m u
<|POL|>winniczek	v i n ɲ i t͡ʂ ɛ k
<|POL|>wirkach	v i r k a x
<|POL|>witałyście	v i t a w ɨ ɕ t͡ɕ ɛ
<|POL|>wodoleczniczy	v ɔ d ɔ l ɛ t͡ʂ ɲ i t͡ʂ ɨ
<|POL|>worywać	v ɔ r ɨ v a t͡ɕ
<|POL|>wspinać	f s p i n a t͡ɕ
<|POL|>wszczepić	f ʂ t͡ʂ ɛ p i t͡ɕ
<|POL|>wtrząchnąć	f t ʂ ɔ w̃ x n ɔ ɲ t͡ɕ
<|POL|>wulgarnie	v u l ɡ a r ɲ ɛ
<|POL|>wuwuzela	v u v u z ɛ l a
<|POL|>wychwalać	v ɨ x f a l a t͡ɕ
<|POL|>wyciągnięcie	v ɨ t͡ɕ ɔ ŋ ɡ ɲ ɛ ɲ t͡ɕ ɛ
<|POL|>wyczucie	v ɨ t͡ʂ u t͡ɕ ɛ
<|POL|>wyizolować	v ɨ i z ɔ l ɔ v a t͡ɕ
<|POL|>wyjaśnialibyście	v ɨ j a ɕ ɲ a l i b ɨ ɕ t͡ɕ ɛ
<|POL|>wyjmowałam	v ɨ j m ɔ v a w a m
<|POL|>wyjmujmy	v ɨ j m u j m ɨ
<|POL|>wykarczować	v ɨ k a r t͡ʂ ɔ v a t͡ɕ
<|POL|>wylaszczyć	v ɨ l a ʂ t͡ʂ ɨ t͡ɕ
<|POL|>wyleczenie	v ɨ l ɛ t͡ʂ ɛ ɲ ɛ
<|POL|>wymalowanie	v ɨ m a l ɔ v a ɲ ɛ
<|POL|>wymówienie	v ɨ m o v j ɛ ɲ e
<|POL|>wypolerowanie	v ɨ p ɔ l ɛ r ɔ v a ɲ ɛ
<|POL|>wypryskanie	v ɨ p r ɨ s k a ɲ ɛ
<|POL|>wypróżnienie	v ɨ p r u ʐ ɲ ɛ ɲ ɛ
<|POL|>wypłacalny	v ɨ p w a t͡s a l n ɨ
<|POL|>wyrazy	v ɨ r a z ɨ
<|POL|>wyrolować	v ɨ r ɔ l ɔ v a t͡ɕ
<|POL|>wysokim	v ɨ s ɔ k i m
<|POL|>wysyłali	v ɨ s ɨ w a l i
<|POL|>wytypować	v ɨ t ɨ p ɔ v a t͡ɕ
<|POL|>wytłumaczyć	v ɨ t w u m a t͡ʂ ɨ t͡ɕ
<|POL|>wąsa	v ɔ w̃ s a
<|POL|>wędrowałyby	v ɛ n d r ɔ v a w ɨ b ɨ
<|POL|>władać	v w a d a t͡ɕ
<|POL|>włoskim	v w ɔ s k i m
<|POL|>włączałyście	v w ɔ n t͡ʂ a w ɨ ɕ t͡ɕ ɛ
<|POL|>zaciąży	z a t͡ɕ ɔ w̃ ʐ ɨ
<|POL|>zaczęli	z a t͡ʂ ɛ l i
<|POL|>zagnie	z a ɡ ɲ ɛ
<|POL|>zajazd	z a j a s t
<|POL|>zajęcze	z a j ɛ n t͡ʂ ɛ
<|POL|>zależne	z a l ɛ ʐ n ɛ
<|POL|>zamaczać	z a m a t͡ʂ a t͡ɕ
<|POL|>zamienny	z a m j ɛ n n ɨ
<|POL|>zamęt	z a m ɛ n t
<|POL|>zapadam	z a p a d a m
<|POL|>zaparty	z a p a r t ɨ
<|POL|>zapraszałbyś	z a p r a ʂ a w b ɨ ɕ
<|POL|>zaprzeczyć	z a p ʂ ɛ t͡ʂ ɨ t͡ɕ
<|POL|>zaprzęg	z a p ʂ ɛ ŋ k
<|POL|>zaradzić	z a r a d͡ʑ i t͡ɕ
<|POL|>zarżnąć	z a r ʐ n ɔ ɲ t͡ɕ
<|POL|>zasługiwanie	z a s w u ɡ i v a ɲ ɛ
<|POL|>zatok	z a t ɔ k
<|POL|>zatrać	z a t r a t͡ɕ
<|POL|>zatrzask	z a t ʂ a s k
<|POL|>zaufajcie	z a w f a j t͡ɕ ɛ
<|POL|>zaufali	z a w f a l i
<|POL|>zaufaliby	z a w f a l i b ɨ
<|POL|>zaufałbym	z a w f a w b ɨ m
<|POL|>zautoryzowałyby	z a w t ɔ r ɨ z ɔ v a w ɨ b ɨ
<|POL|>zawszę	z a f ʂ ɛ
<|POL|>zazielenianie	z a ʑ ɛ l ɛ ɲ a ɲ ɛ
<|POL|>zaśpiewanie	z a ɕ p j ɛ v a ɲ ɛ
<|POL|>zażegnywać	z a ʐ ɛ ɡ n ɨ v a t͡ɕ
<|POL|>zbaczać	z b a t͡ʂ a t͡ɕ
<|POL|>zbożu	z b ɔ ʐ u
<|POL|>zdubbingowały	z d a b i ŋ ɡ ɔ v a w ɨ
<|POL|>zgój	z ɡ u j
<|POL|>ziewałaby	ʑ ɛ v a w a b ɨ
<|POL|>zlepienie	z l ɛ p j ɛ ɲ ɛ
<|POL|>zmechacić	z m ɛ x a t͡ɕ i t͡ɕ
<|POL|>zmiatać	z m j a t a t͡ɕ
<|POL|>zmywarki	z m ɨ v a r k i
<|POL|>znajdowałybyście	z n a j d ɔ v a w ɨ b ɨ ɕ t͡ɕ ɛ
<|POL|>znakomitość	z n a k ɔ m i t ɔ ɕ t͡ɕ
<|POL|>zono	z ɔ n ɔ
<|POL|>zsyłać	s s ɨ w a t͡ɕ
<|POL|>zszywka	s ʂ ɨ f k a
<|POL|>zwani	z v a ɲ i
<|POL|>zwiedzałabym	z v j ɛ d͡z a w a b ɨ m
<|POL|>zwinnie	z v i n ɲ ɛ
<|POL|>złożeniom	z w ɔ ʐ ɛ ɲ ɔ m
<|POL|>złożonemu	z w ɔ ʐ ɔ n ɛ m u
<|POL|>łacha	w a x a
<|POL|>łachę	w a x ɛ
<|POL|>łagier	w a ɡ j ɛ r
<|POL|>łapią	w a p j ɔ w̃
<|POL|>łasce	w a s t͡s ɛ
<|POL|>łezka	w ɛ s k a
<|POL|>łonie	w ɔ ɲ ɛ
<|POL|>łono	w ɔ n ɔ
<|POL|>łotewsku	w ɔ t ɛ f s k u
<|POL|>łowie	w ɔ v j ɛ
<|POL|>łupiną	w u p i n ɔ w̃
<|POL|>łódź	w u t͡ɕ
<|POL|>ń	ɲ
<|POL|>Światłowicz	ɕ f j a t w ɔ v i t͡ʂ
<|POL|>ścierające	ɕ t͡ɕ ɛ r a j ɔ n t͡s ɛ
<|POL|>ścieraliby	ɕ t͡ɕ ɛ r a l i b ɨ
<|POL|>śnieguła	ɕ ɲ ɛ ɡ u w a
<|POL|>środku	ɕ r ɔ t k u
<|POL|>świerzbiec	ɕ f j ɛ ʐ b j ɛ t͡s
<|POL|>świntuch	ɕ f i n t u x
<|POL|>Żagań	ʐ a ɡ a ɲ
<|POL|>żabki	ʐ a p k i
<|POL|>żalu	ʐ a l u
<|POL|>żarnami	ʐ a r n a m i
<|POL|>żyjecie	ʐ ɨ j ɛ t͡ɕ ɛ
<|POL|>żyję	ʐ ɨ j ɛ
<|POL|>żyletko	ʐ ɨ l ɛ t k ɔ
<|POL|>żyrant	ʐ ɨ r a n t
<|POL|>żytu	ʐ ɨ t u
<|POL|>żyłeś	ʐ ɨ w ɛ ɕ
<|POL|>żądaniami	ʐ ɔ n d a ɲ a m i
<|POL|>żęłam	ʐ ɛ w a m
<|SLV|>afganistan	a ʋ ɡ áː n i s t a n
<|SLV|>akvarij	a k ʋ àː r i j
<|SLV|>aleksander	a l ɛ k s àː n d ə r
<|SLV|>alkohol	a l k ɔ x óː l
<|SLV|>aluminij	a l u m ìː n i j
<|SLV|>ameriški	a m ɛ́ː r i ʃ k i
<|SLV|>ampak	á m p a k
<|SLV|>anatomija	a n a t ɔ m íː j a
<|SLV|>andrej	a n d r ɛ̀ː j
<|SLV|>angel	àː n ɡ ɛ l
<|SLV|>angleščina	a n ɡ l éː ʃ t͡ʃ i n a
<|SLV|>anglež	a n ɡ l éː ʃ
<|SLV|>anglija	áː n ɡ l i j a
<|SLV|>apartma	a p a r t m áː
<|SLV|>april	a p r íː l
<|SLV|>armada	a r m áː d a
<|SLV|>avgust	a ʋ ɡ úː s t
<|SLV|>avto	áː ʋ t ɔ
<|SLV|>avtobus	áː ʋ t ɔ b u s
<|SLV|>bambus	b áː m b u s
<|SLV|>banka	b áː n k a
<|SLV|>barva	b áː r ʋ a
<|SLV|>bas	b áː s
<|SLV|>bati	b àː t i
<|SLV|>beg	b éː k
<|SLV|>bel	b èː ʋ
<|SLV|>beograd	b éː ɔ ɡ r a t
<|SLV|>beseda	b ɛ s éː d a
<|SLV|>beton	b ɛ t óː n
<|SLV|>bik	b í k
<|SLV|>bistvo	b íː s t ʋ ɔ
<|SLV|>biti	b ìː t i
<|SLV|>blago	b l a ɡ óː
<|SLV|>blato	b l àː t ɔ
<|SLV|>blizu	b l ìː z u
<|SLV|>bližje	b l íː ʒ j ɛ
<|SLV|>boben	b óː b ə n
<|SLV|>bodi	b òː d i
<|SLV|>bodo	b óː d ɔ
<|SLV|>bog	b óː k
<|SLV|>bogastvo	b ɔ ɡ áː s t ʋ ɔ
<|SLV|>boja	b óː j a
<|SLV|>bojo	b óː j ɔ
<|SLV|>bolezen	b ɔ l éː z ə n
<|SLV|>bolečina	b ɔ l ɛ t͡ʃ ìː n a
<|SLV|>bolgarka	b ɔ l ɡ áː r k a
<|SLV|>bolj	b ɔ́ l
<|SLV|>bolje	b óː l j ɛ
<|SLV|>boljše	b óː l ʃ ɛ
<|SLV|>boljši	b óː l ʃ i
<|SLV|>bolnica	b óː l n i t͡s a
<|SLV|>bolnik	b ɔ ʋ n ìː k
<|SLV|>bom	b óː m
<|SLV|>borza	b óː r z a
<|SLV|>bosta	b óː s t a
<|SLV|>boste	b óː s t ɛ
<|SLV|>boš	b óː ʃ
<|SLV|>bralnik	b r áː l n i k
<|SLV|>branik	b r a n ìː k
<|SLV|>brati	b r àː t i
<|SLV|>brazda	b r àː z d a
<|SLV|>brez	b r ɛ s
<|SLV|>brlog	b ə r l ɔ́ k
<|SLV|>brskati	b ə r s k a t i
<|SLV|>bruto	b r úː t ɔ
<|SLV|>carstvo	t͡s áː r s t ʋ ɔ
<|SLV|>cel	t͡s éː ʋ
<|SLV|>celo	t͡s ɛ l óː
<|SLV|>cena	t͡s èː n a
<|SLV|>cerkev	t͡s èː r k ə ʋ
<|SLV|>cev	t͡s éː ʋ
<|SLV|>cilj	t͡s íː l
<|SLV|>da	d á
<|SLV|>dajati	d a j àː t i
<|SLV|>dalj	d á l
<|SLV|>daljši	d áː l ʃ i
<|SLV|>dar	d áː r
<|SLV|>darilo	d a r ìː l ɔ
<|SLV|>davek	d àː ʋ ə k
<|SLV|>december	d ɛ t͡s ɛ̀ː m b ə r
<|SLV|>dejanje	d ɛ j áː n j ɛ
<|SLV|>dekle	d ɛ k l ɛ́
<|SLV|>delati	d èː l a t i
<|SLV|>delavec	d èː l a ʋ ə t͡s
<|SLV|>demokracija	d ɛ m ɔ k r a t͡s íː j a
<|SLV|>denar	d ɛ n àː r
<|SLV|>deset	d ɛ s éː t
<|SLV|>desetletje	d ɛ s ɛ t l éː t j ɛ
<|SLV|>devet	d ɛ ʋ éː t
<|SLV|>devica	d ɛ ʋ ìː t͡s a
<|SLV|>dežela	d ɛ ʒ ɛ̀ː l a
<|SLV|>dijak	d i j àː k
<|SLV|>dirka	d íː r k a
<|SLV|>dno	d n ɔ́
<|SLV|>do	d ɔ
<|SLV|>doba	d ɔ̀ː b a
<|SLV|>dober	d òː b ə r
<|SLV|>dobro	d ɔ̀ː b r ɔ
<|SLV|>dobrodošel	d ɔ b r ɔ d ɔ̀ː ʃ ə ʋ
<|SLV|>dogodek	d ɔ ɡ óː d ə k
<|SLV|>dogovor	d ɔ ɡ ɔ́ː ʋ ɔ r
<|SLV|>dolg	d ɔ́ː ʋ k
<|SLV|>dolžina	d ɔ ʋ ʒ ìː n a
<|SLV|>dom	d óː m
<|SLV|>doma	d ɔ m áː
<|SLV|>dovolj	d ɔ ʋ ɔ́ l
<|SLV|>dovoljenje	d ɔ ʋ ɔ l j ɛ̀ː n j ɛ
<|SLV|>doživeti	d ɔ ʒ i ʋ èː t i
<|SLV|>dražji	d r áː ʒ j i
<|SLV|>drevo	d r ɛ ʋ óː
<|SLV|>drog	d r óː k
<|SLV|>drug	d r úː k
<|SLV|>družina	d r u ʒ ìː n a
<|SLV|>država	d ə r ʒ áː ʋ a
<|SLV|>duh	d úː x
<|SLV|>dunaj	d ùː n a j
<|SLV|>duša	d ùː ʃ a
<|SLV|>dve	d ʋ éː
<|SLV|>dvigniti	d ʋ ìː ɡ n i t i
<|SLV|>ekologija	ɛ k ɔ l ɔ ɡ íː j a
<|SLV|>ekonomist	ɛ k ɔ n ɔ m íː s t
<|SLV|>ena	ɛ̀ː n a
<|SLV|>enajst	ɛ n àː j s t
<|SLV|>energija	ɛ n ɛ r ɡ íː j a
<|SLV|>enota	ɛ n ɔ̀ː t a
<|SLV|>fant	f á n t
<|SLV|>februar	f éː b r u a r
<|SLV|>file	f i l éː
<|SLV|>filozof	f i l ɔ z óː f
<|SLV|>finski	f íː n s k i
<|SLV|>fižol	f i ʒ ɔ́ ʋ
<|SLV|>fotograf	f ɔ t ɔ ɡ r áː f
<|SLV|>fotografija	f ɔ t ɔ ɡ r a f íː j a
<|SLV|>francija	f r àː n t͡s i j a
<|SLV|>francoski	f r a n t͡s óː s k i
<|SLV|>francosko	f r a n t͡s óː s k ɔ
<|SLV|>general	ɡ ɛ n ɛ r áː l
<|SLV|>geslo	ɡ ɛ̀ː s l ɔ
<|SLV|>gibanje	ɡ ìː b a n j ɛ
<|SLV|>glas	ɡ l áː s
<|SLV|>glasba	ɡ l áː z b a
<|SLV|>glasbenik	ɡ l áː z b ɛ n i k
<|SLV|>gledališče	ɡ l ɛ d a l ìː ʃ t͡ʃ ɛ
<|SLV|>gledati	ɡ l èː d a t i
<|SLV|>globok	ɡ l ɔ b ɔ́ k
<|SLV|>god	ɡ óː t
<|SLV|>godba	ɡ óː d b a
<|SLV|>gor	ɡ ɔ̀ː r
<|SLV|>gorica	ɡ ɔ r ìː t͡s a
<|SLV|>gospod	ɡ ɔ s p óː t
<|SLV|>gospodična	ɡ ɔ s p ɔ d íː t͡ʃ n a
<|SLV|>gosti	ɡ òː s t i
<|SLV|>govor	ɡ ɔ́ː ʋ ɔ r
<|SLV|>grad	ɡ r áː t
<|SLV|>gradec	ɡ r áː d ə t͡s
<|SLV|>grob	ɡ r ɔ́ p
<|SLV|>grof	ɡ r ɔ́ f
<|SLV|>grom	ɡ r ɔ́ m
<|SLV|>grozdje	ɡ r òː z d j ɛ
<|SLV|>grozljiv	ɡ r ɔ z l j ìː ʋ
<|SLV|>gumb	ɡ úː m p
<|SLV|>hip	x íː p
<|SLV|>hiša	x ìː ʃ a
<|SLV|>hladilnik	x l a d íː l n i k
<|SLV|>hlače	x l àː t͡ʃ ɛ
<|SLV|>hrana	x r àː n a
<|SLV|>hrast	x r àː s t
<|SLV|>hvala	x ʋ àː l a
<|SLV|>hči	x t͡ʃ íː
<|SLV|>igra	íː ɡ r a
<|SLV|>igralec	i ɡ r áː l ə t͡s
<|SLV|>igrati	i ɡ r àː t i
<|SLV|>ime	i m éː
<|SLV|>imeti	i m èː t i
<|SLV|>indija	ìː n d i j a
<|SLV|>inštitut	i n ʃ t i t úː t
<|SLV|>irska	íː r s k a
<|SLV|>isti	íː s t i
<|SLV|>italija	i t àː l i j a
<|SLV|>italijanski	i t a l i j áː n s k i
<|SLV|>ivan	íː ʋ a n
<|SLV|>iz	i s
<|SLV|>izbira	i z b íː r a
<|SLV|>izpeljati	i s p ɛ l j àː t i
<|SLV|>izraz	i z r á s
<|SLV|>jajce	j àː j t͡s ɛ
<|SLV|>januar	j áː n u a r
<|SLV|>javor	j àː ʋ ɔ r
<|SLV|>jaz	j á s
<|SLV|>jelka	j èː l k a
<|SLV|>jezik	j ɛ̀ː z i k
<|SLV|>jezus	j éː z u s
<|SLV|>jože	j óː ʒ ɛ
<|SLV|>junij	j ùː n i j
<|SLV|>jurij	j ùː r i j
<|SLV|>jutri	j úː t r i
<|SLV|>jutro	j ùː t r ɔ
<|SLV|>kadar	k á d a r
<|SLV|>kakor	k á k ɔ r
<|SLV|>kakovost	k a k ɔ̀ː ʋ ɔ s t
<|SLV|>kamen	k àː m ə n
<|SLV|>kapetan	k a p éː t a n
<|SLV|>karel	k àː r ə l
<|SLV|>karta	k áː r t a
<|SLV|>kategorija	k a t ɛ ɡ ɔ r íː j a
<|SLV|>kavčič	k áː ʋ t͡ʃ i t͡ʃ
<|SLV|>kazen	k áː z ə n
<|SLV|>kaznovati	k a z n ɔ ʋ àː t i
<|SLV|>kašelj	k àː ʃ ə l
<|SLV|>ki	k i
<|SLV|>kis	k íː s
<|SLV|>kit	k íː t
<|SLV|>kitajka	k i t áː j k a
<|SLV|>kjer	k j éː r
<|SLV|>klavir	k l a ʋ íː r
<|SLV|>klic	k l íː t͡s
<|SLV|>klicati	k l ìː t͡s a t i
<|SLV|>klobasa	k l ɔ b àː s a
<|SLV|>kmalu	k m áː l u
<|SLV|>kmet	k m ɛ́ t
<|SLV|>kmetija	k m ɛ t íː j a
<|SLV|>knez	k n éː s
<|SLV|>knjiga	k n j ìː ɡ a
<|SLV|>knjigarna	k n j i ɡ áː r n a
<|SLV|>književnost	k n j i ʒ éː ʋ n ɔ s t
<|SLV|>ko	k ɔ
<|SLV|>kobarid	k ɔ b a r íː t
<|SLV|>kocka	k óː t͡s k a
<|SLV|>koder	k òː d ə r
<|SLV|>koledar	k ɔ l ɛ d àː r
<|SLV|>koleno	k ɔ l èː n ɔ
<|SLV|>količina	k ɔ l i t͡ʃ ìː n a
<|SLV|>komaj	k óː m a j
<|SLV|>komunizem	k ɔ m u n ìː z ə m
<|SLV|>kondom	k ɔ n d óː m
<|SLV|>konj	k ɔ́ n
<|SLV|>konkretno	k ɔ n k r éː t n ɔ
<|SLV|>kopalnica	k ɔ p áː l n i t͡s a
<|SLV|>korak	k ɔ r áː k
<|SLV|>koreja	k ɔ r ɛ́ː j a
<|SLV|>koroška	k ɔ r óː ʃ k a
<|SLV|>kos	k óː s
<|SLV|>kosilo	k ɔ s ìː l ɔ
<|SLV|>kovanec	k ɔ ʋ àː n ə t͡s
<|SLV|>kovač	k ɔ ʋ àː t͡ʃ
<|SLV|>kozarec	k ɔ z áː r ə t͡s
<|SLV|>koš	k ɔ́ ʃ
<|SLV|>košarka	k ɔ ʃ áː r k a
<|SLV|>koža	k òː ʒ a
<|SLV|>krajši	k r áː j ʃ i
<|SLV|>kralj	k r àː l
<|SLV|>kraljica	k r a l j ìː t͡s a
<|SLV|>kratek	k r àː t ə k
<|SLV|>krema	k r éː m a
<|SLV|>krilo	k r ìː l ɔ
<|SLV|>krona	k r óː n a
<|SLV|>kruh	k r ú x
<|SLV|>ksenon	k s éː n ɔ n
<|SLV|>kuhinja	k ùː x i n j a
<|SLV|>kura	k ùː r a
<|SLV|>lahek	l àː x ə k
<|SLV|>lahko	l a x k óː
<|SLV|>lani	l àː n i
<|SLV|>las	l áː s
<|SLV|>lastnost	l a s t n óː s t
<|SLV|>lažji	l áː ʒ j i
<|SLV|>le	l ɛ́
<|SLV|>led	l éː t
<|SLV|>lep	l éː p
<|SLV|>lepota	l ɛ p ɔ̀ː t a
<|SLV|>lepši	l éː p ʃ i
<|SLV|>les	l éː s
<|SLV|>let	l ɛ́ t
<|SLV|>letalo	l ɛ t àː l ɔ
<|SLV|>leten	l éː t ə n
<|SLV|>ležaj	l ɛ ʒ áː j
<|SLV|>list	l íː s t
<|SLV|>literatura	l i t ɛ r a t úː r a
<|SLV|>ljubezen	l j u b éː z ə n
<|SLV|>ljubljana	l j u b l j àː n a
<|SLV|>log	l óː k
<|SLV|>lopata	l ɔ p àː t a
<|SLV|>los	l óː s
<|SLV|>lovec	l ɔ̀ː ʋ ə t͡s
<|SLV|>luna	l ùː n a
<|SLV|>madžarska	m a d͡ʒ áː r s k a
<|SLV|>maj	m àː j
<|SLV|>maja	m àː j a
<|SLV|>makedonija	m a k ɛ d òː n i j a
<|SLV|>malezija	m a l èː z i j a
<|SLV|>malo	m àː l ɔ
<|SLV|>malto	m áː l t ɔ
<|SLV|>manjši	m áː n ʃ i
<|SLV|>marec	m àː r ə t͡s
<|SLV|>marko	m àː r k ɔ
<|SLV|>matej	m a t ɛ́ː j
<|SLV|>mati	m àː t i
<|SLV|>maša	m àː ʃ a
<|SLV|>me	m éː
<|SLV|>medicina	m ɛ d i t͡s íː n a
<|SLV|>medved	m ɛ̀ː d ʋ ɛ t
<|SLV|>meh	m éː x
<|SLV|>meja	m ɛ̀ː j a
<|SLV|>melodija	m ɛ l ɔ d íː j a
<|SLV|>merjasec	m ɛ r j àː s ə t͡s
<|SLV|>meso	m ɛ s óː
<|SLV|>mesto	m èː s t ɔ
<|SLV|>met	m ɛ́ t
<|SLV|>metati	m ɛ t àː t i
<|SLV|>meč	m ɛ́ t͡ʃ
<|SLV|>mi	m íː
<|SLV|>mihaela	m íː x a ɛ l a
<|SLV|>milijon	m i l i j óː n
<|SLV|>mir	m íː r
<|SLV|>miti	m ìː t i
<|SLV|>miza	m ìː z a
<|SLV|>mleko	m l èː k ɔ
<|SLV|>moder	m òː d ə r
<|SLV|>mogoče	m ɔ ɡ òː t͡ʃ ɛ
<|SLV|>moj	m òː j
<|SLV|>mojzes	m óː j z ɛ s
<|SLV|>morda	m ɔ r d á
<|SLV|>morski	m ɔ̀ː r s k i
<|SLV|>moč	m óː t͡ʃ
<|SLV|>moči	m ɔ̀ː t͡ʃ i
<|SLV|>moški	m ɔ̀ː ʃ k i
<|SLV|>mož	m óː ʃ
<|SLV|>možnost	m òː ʒ n ɔ s t
<|SLV|>mraz	m r á s
<|SLV|>muslimanski	m u s l i m áː n s k i
<|SLV|>na	n a
<|SLV|>nad	n a t
<|SLV|>naenkrat	n a ɛ̀ː n k r a t
<|SLV|>nafta	n áː f t a
<|SLV|>naglas	n a ɡ l á s
<|SLV|>najbližje	n á j b l íː ʒ j ɛ
<|SLV|>najbolj	n á j b ɔ l
<|SLV|>najbolje	n á j b óː l j ɛ
<|SLV|>najboljše	n á j b óː l ʃ ɛ
<|SLV|>najboljši	n á j b óː l ʃ i
<|SLV|>najlepši	n á j l éː p ʃ i
<|SLV|>najmanjši	n á j m áː n ʃ i
<|SLV|>najpogosteje	n á j p ɔ ɡ óː s t ɛ j ɛ
<|SLV|>najpogostejše	n á j p ɔ ɡ óː s t ɛ j ʃ ɛ
<|SLV|>najslabše	n á j s l áː p ʃ ɛ
<|SLV|>najslabši	n á j s l áː p ʃ i
<|SLV|>najstarejši	n á j s t a r ɛ́ː j ʃ i
<|SLV|>najusodnejši	n á j u s òː d n ɛ j ʃ i
<|SLV|>največji	n á j ʋ éː t͡ʃ j i
<|SLV|>najvišji	n á j ʋ íː ʃ j i
<|SLV|>namera	n a m éː r a
<|SLV|>napad	n a p á t
<|SLV|>naprava	n a p r áː ʋ a
<|SLV|>naraven	n a r àː ʋ ə n
<|SLV|>naslednji	n a s l éː d n j i
<|SLV|>nastati	n a s t àː t i
<|SLV|>nataša	n a t áː ʃ a
<|SLV|>načelo	n a t͡ʃ ɛ̀ː l ɔ
<|SLV|>načrt	n a t͡ʃ ə́ r t
<|SLV|>naš	n á ʃ
<|SLV|>nedelja	n ɛ d èː l j a
<|SLV|>nekam	n èː k a m
<|SLV|>nemški	n èː m ʃ k i
<|SLV|>nemško	n èː m ʃ k ɔ
<|SLV|>neodvisen	n ɛ́ ɔ d ʋ ìː s ə n
<|SLV|>neptun	n ɛ p t úː n
<|SLV|>nikoli	n i k óː l i
<|SLV|>nit	n í t
<|SLV|>nizek	n ìː z ə k
<|SLV|>nič	n í t͡ʃ
<|SLV|>njen	n j èː n
<|SLV|>nos	n óː s
<|SLV|>nosilec	n ɔ s íː l ə t͡s
<|SLV|>nov	n ɔ́ ʋ
<|SLV|>november	n ɔ ʋ ɛ̀ː m b ə r
<|SLV|>noč	n óː t͡ʃ
<|SLV|>nož	n ɔ́ ʃ
<|SLV|>nuna	n ùː n a
<|SLV|>obiskati	ɔ b i s k àː t i
<|SLV|>oblast	ɔ b l áː s t
<|SLV|>oblika	ɔ b l íː k a
<|SLV|>obraz	ɔ b r á s
<|SLV|>obsedenost	ɔ p s éː d ɛ n ɔ s t
<|SLV|>občinstvo	ɔ p t͡ʃ íː n s t ʋ ɔ
<|SLV|>od	ɔ t
<|SLV|>oddajnik	ɔ d d áː j n i k
<|SLV|>oder	òː d ə r
<|SLV|>odličen	ɔ d l ìː t͡ʃ ə n
<|SLV|>odnos	ɔ d n ɔ́ s
<|SLV|>odpreti	ɔ t p r èː t i
<|SLV|>odrešenik	ɔ d r ɛ ʃ ɛ n ìː k
<|SLV|>oglas	ɔ ɡ l á s
<|SLV|>ogledalo	ɔ ɡ l ɛ d àː l ɔ
<|SLV|>oko	ɔ k óː
<|SLV|>oktober	ɔ k t òː b ə r
<|SLV|>olje	òː l j ɛ
<|SLV|>on	ɔ́ n
<|SLV|>ona	ɔ̀ː n a
<|SLV|>oni	ɔ̀ː n i
<|SLV|>oprostite	ɔ p r ɔ s t íː t ɛ
<|SLV|>optika	òː p t i k a
<|SLV|>organizacija	ɔ r ɡ a n i z àː t͡s i j a
<|SLV|>os	óː s
<|SLV|>osebnost	ɔ s éː b n ɔ s t
<|SLV|>osel	ɔ̀ː s ə ʋ
<|SLV|>oster	òː s t ə r
<|SLV|>otok	ɔ̀ː t ɔ k
<|SLV|>otrok	ɔ t r ɔ́ k
<|SLV|>ozek	òː z ə k
<|SLV|>oziroma	ɔ z íː r ɔ m a
<|SLV|>oznaka	ɔ z n áː k a
<|SLV|>pa	p a
<|SLV|>palma	p áː l m a
<|SLV|>pamet	p àː m ɛ t
<|SLV|>papež	p áː p ɛ ʃ
<|SLV|>papir	p a p íː r
<|SLV|>par	p àː r
<|SLV|>pavel	p áː ʋ ə l
<|SLV|>peljati	p ɛ l j àː t i
<|SLV|>pena	p èː n a
<|SLV|>pesem	p éː s ə m
<|SLV|>pet	p éː t
<|SLV|>petek	p èː t ə k
<|SLV|>peter	p èː t ə r
<|SLV|>pevec	p èː ʋ ə t͡s
<|SLV|>pečat	p ɛ t͡ʃ áː t
<|SLV|>pianist	p i j a n íː s t
<|SLV|>pila	p ìː l a
<|SLV|>pisarna	p i s áː r n a
<|SLV|>pismo	p ìː s m ɔ
<|SLV|>piščanec	p i ʃ t͡ʃ àː n ə t͡s
<|SLV|>pljučnica	p l j úː t͡ʃ n i t͡s a
<|SLV|>po	p ɔ
<|SLV|>poceni	p ɔ t͡s èː n i
<|SLV|>podgana	p ɔ d ɡ àː n a
<|SLV|>podrobnejši	p ɔ d r óː b n ɛ j ʃ i
<|SLV|>pogodba	p ɔ ɡ óː d b a
<|SLV|>pogoj	p ɔ ɡ ɔ́ j
<|SLV|>pogosteje	p ɔ ɡ óː s t ɛ j ɛ
<|SLV|>pogosto	p ɔ ɡ óː s t ɔ
<|SLV|>pogovarjati	p ɔ ɡ ɔ ʋ áː r j a t i
<|SLV|>pogovor	p ɔ ɡ ɔ́ː ʋ ɔ r
<|SLV|>pohištvo	p ɔ x íː ʃ t ʋ ɔ
<|SLV|>poklic	p ɔ k l íː t͡s
<|SLV|>pokrov	p ɔ k r ɔ́ ʋ
<|SLV|>polenovka	p ɔ l èː n ɔ ʋ k a
<|SLV|>poletje	p ɔ l éː t j ɛ
<|SLV|>poljski	p óː l s k i
<|SLV|>poljsko	p óː l s k ɔ
<|SLV|>poln	p ɔ́ː ʋ n
<|SLV|>polovica	p ɔ l ɔ ʋ ìː t͡s a
<|SLV|>položaj	p ɔ l ɔ ʒ áː j
<|SLV|>pomen	p ɔ m ɛ́ n
<|SLV|>pomoč	p ɔ m óː t͡ʃ
<|SLV|>pomočnik	p ɔ m ɔ t͡ʃ n ìː k
<|SLV|>popolnoma	p ɔ p ɔ́ː ʋ n ɔ m a
<|SLV|>poročilo	p ɔ r ɔ t͡ʃ ìː l ɔ
<|SLV|>poročnik	p ɔ r óː t͡ʃ n i k
<|SLV|>posebej	p ɔ s éː b ɛ j
<|SLV|>posel	p ɔ̀ː s ə ʋ
<|SLV|>postaja	p ɔ s t áː j a
<|SLV|>postati	p ɔ s t àː t i
<|SLV|>potok	p ɔ̀ː t ɔ k
<|SLV|>poudariti	p ɔ u d àː r i t i
<|SLV|>površina	p ɔ ʋ ə r ʃ ìː n a
<|SLV|>pozdrav	p ɔ z d r á ʋ
<|SLV|>pozen	p ɔ̀ː z ə n
<|SLV|>pozno	p ɔ̀ː z n ɔ
<|SLV|>počasi	p ɔ t͡ʃ áː s i
<|SLV|>počivati	p ɔ t͡ʃ ìː ʋ a t i
<|SLV|>požar	p ɔ ʒ áː r
<|SLV|>prah	p r áː x
<|SLV|>pravilneje	p r a ʋ íː l n ɛ j ɛ
<|SLV|>pravilno	p r a ʋ íː l n ɔ
<|SLV|>pravkar	p r á ʋ k a r
<|SLV|>pravo	p r áː ʋ ɔ
<|SLV|>prazen	p r àː z ə n
<|SLV|>pred	p r ɛ t
<|SLV|>predal	p r ɛ d áː l
<|SLV|>predlog	p r ɛ̀ː d l ɔ k
<|SLV|>predmet	p r ɛ̀ː d m ɛ t
<|SLV|>predsednik	p r ɛ t s éː d n i k
<|SLV|>predvideti	p r ɛ d ʋ ìː d ɛ t i
<|SLV|>presenečenje	p r ɛ s ɛ n éː t͡ʃ ɛ n j ɛ
<|SLV|>prestol	p r ɛ̀ː s t ɔ l
<|SLV|>prihodnji	p r i x óː d n j i
<|SLV|>prihodnost	p r i x óː d n ɔ s t
<|SLV|>prijatelj	p r i j áː t ɛ l
<|SLV|>prijeten	p r i j èː t ə n
<|SLV|>priložnost	p r i l òː ʒ n ɔ s t
<|SLV|>primer	p r i m éː r
<|SLV|>prisotnost	p r i s ɔ̀ː t n ɔ s t
<|SLV|>prispevek	p r i s p éː ʋ ə k
<|SLV|>priti	p r ìː t i
<|SLV|>pritisk	p r i t íː s k
<|SLV|>priznati	p r i z n àː t i
<|SLV|>programski	p r ɔ ɡ r áː m s k i
<|SLV|>prosim	p r òː s i m
<|SLV|>prostor	p r ɔ̀ː s t ɔ r
<|SLV|>prvak	p ə r ʋ àː k
<|SLV|>prvi	p ə́ r ʋ i
<|SLV|>prvoten	p ə r ʋ ɔ̀ː t ə n
<|SLV|>rana	r àː n a
<|SLV|>rasti	r àː s t i
<|SLV|>rastlina	r a s t l ìː n a
<|SLV|>raven	r àː ʋ ə n
<|SLV|>razlika	r a z l íː k a
<|SLV|>razred	r àː z r ɛ t
<|SLV|>razumeti	r a z u m èː t i
<|SLV|>razvoj	r a z ʋ ɔ́ j
<|SLV|>računalnik	r a t͡ʃ u n áː l n i k
<|SLV|>red	r éː t
<|SLV|>redko	r èː t k ɔ
<|SLV|>reka	r èː k a
<|SLV|>republika	r ɛ p ùː b l i k a
<|SLV|>revija	r ɛ ʋ íː j a
<|SLV|>reč	r éː t͡ʃ
<|SLV|>reči	r ɛ̀ː t͡ʃ i
<|SLV|>reši	r èː ʃ i
<|SLV|>rešitev	r ɛ ʃ íː t ə ʋ
<|SLV|>ris	r íː s
<|SLV|>risati	r íː s a t i
<|SLV|>rjav	ə r j á ʋ
<|SLV|>rojen	r ɔ̀ː j ɛ n
<|SLV|>roka	r ɔ̀ː k a
<|SLV|>roman	r ɔ m áː n
<|SLV|>romunija	r ɔ m ùː n i j a
<|SLV|>rozman	r óː z m a n
<|SLV|>rudar	r u d àː r
<|SLV|>rusija	r úː s i j a
<|SLV|>ruski	r úː s k i
<|SLV|>sanje	s àː n j ɛ
<|SLV|>sedem	s èː d ə m
<|SLV|>sedemdeset	s èː d ə m d ɛ s ɛ t
<|SLV|>seks	s éː k s
<|SLV|>sem	s ə́ m
<|SLV|>senca	s éː n t͡s a
<|SLV|>sestra	s ɛ̀ː s t r a
<|SLV|>seveda	s ɛ ʋ éː d a
<|SLV|>sila	s ìː l a
<|SLV|>simbol	s i m b óː l
<|SLV|>sin	s íː n
<|SLV|>sinonim	s i n ɔ n íː m
<|SLV|>sinoči	s i n óː t͡ʃ i
<|SLV|>sistem	s i s t éː m
<|SLV|>sit	s í t
<|SLV|>skala	s k àː l a
<|SLV|>skodelica	s k ɔ d éː l i t͡s a
<|SLV|>skrivnosten	s k r i ʋ n óː s t ə n
<|SLV|>skromnejši	s k r ɔ̀ː m n ɛ j ʃ i
<|SLV|>skupaj	s k úː p a j
<|SLV|>skupina	s k u p ìː n a
<|SLV|>skuša	s k ùː ʃ a
<|SLV|>slabo	s l a b óː
<|SLV|>slabše	s l áː p ʃ ɛ
<|SLV|>sladkor	s l àː t k ɔ r
<|SLV|>slap	s l áː p
<|SLV|>slišati	s l ìː ʃ a t i
<|SLV|>slop	s l ɔ́ p
<|SLV|>slovaška	s l ɔ ʋ áː ʃ k a
<|SLV|>slovaški	s l ɔ ʋ áː ʃ k i
<|SLV|>slovenec	s l ɔ ʋ èː n ə t͡s
<|SLV|>slovensko	s l ɔ ʋ èː n s k ɔ
<|SLV|>slovo	s l ɔ ʋ óː
<|SLV|>služba	s l úː ʒ b a
<|SLV|>smeh	s m éː x
<|SLV|>smel	s m éː ʋ
<|SLV|>smer	s m éː r
<|SLV|>smisel	s m íː s ə ʋ
<|SLV|>smo	s m ɔ́
<|SLV|>smrt	s m ə́ r t
<|SLV|>sneguljčica	s n ɛ ɡ úː l t͡ʃ i t͡s a
<|SLV|>so	s ɔ́
<|SLV|>soba	s ɔ̀ː b a
<|SLV|>sod	s óː t
<|SLV|>sodnik	s ɔ d n ìː k
<|SLV|>sol	s óː ʋ
<|SLV|>sonce	s óː n t͡s ɛ
<|SLV|>sončen	s óː n t͡ʃ ə n
<|SLV|>spem	s p ɛ́ː m
<|SLV|>spet	s p éː t
<|SLV|>spodaj	s p ɔ̀ː d a j
<|SLV|>spomin	s p ɔ m íː n
<|SLV|>sporočilo	s p ɔ r ɔ t͡ʃ ìː l ɔ
<|SLV|>spoznati	s p ɔ z n àː t i
<|SLV|>sprememba	s p r ɛ m éː m b a
<|SLV|>srce	s ə r t͡s éː
<|SLV|>srebro	s r ɛ b r óː
<|SLV|>sreda	s r éː d a
<|SLV|>središče	s r ɛ d ìː ʃ t͡ʃ ɛ
<|SLV|>srednjeveški	s r ɛ d n j ɛ ʋ éː ʃ k i
<|SLV|>srednji	s r éː d n j i
<|SLV|>sta	s t á
<|SLV|>stanje	s t àː n j ɛ
<|SLV|>star	s t á r
<|SLV|>starka	s t áː r k a
<|SLV|>stati	s t àː t i
<|SLV|>steklo	s t ɛ̀ː k l ɔ
<|SLV|>sto	s t óː
<|SLV|>stol	s t ɔ́ ʋ
<|SLV|>stolp	s t ɔ́ l p
<|SLV|>stopalo	s t ɔ p àː l ɔ
<|SLV|>stran	s t r áː n
<|SLV|>stranka	s t r áː n k a
<|SLV|>stroj	s t r ɔ́ j
<|SLV|>stvar	s t ʋ áː r
<|SLV|>sum	s úː m
<|SLV|>suša	s ùː ʃ a
<|SLV|>sva	s ʋ á
<|SLV|>svetloba	s ʋ ɛ t l ɔ̀ː b a
<|SLV|>ta	t áː
<|SLV|>tako	t a k óː
<|SLV|>takrat	t a k r á t
<|SLV|>tam	t á m
<|SLV|>tarča	t áː r t͡ʃ a
<|SLV|>teden	t éː d ə n
<|SLV|>tek	t éː k
<|SLV|>tekočina	t ɛ k ɔ t͡ʃ ìː n a
<|SLV|>telo	t ɛ l óː
<|SLV|>temperatura	t ɛ m p ɛ r a t úː r a
<|SLV|>tenis	t éː n i s
<|SLV|>teta	t ɛ̀ː t a
<|SLV|>tečaj	t ɛ t͡ʃ áː j
<|SLV|>teči	t ɛ̀ː t͡ʃ i
<|SLV|>težji	t éː ʒ j i
<|SLV|>ti	t íː
<|SLV|>tih	t íː x
<|SLV|>tip	t íː p
<|SLV|>tipka	t íː p k a
<|SLV|>tisoč	t íː s ɔ t͡ʃ
<|SLV|>tla	t l á
<|SLV|>tlak	t l áː k
<|SLV|>to	t óː
<|SLV|>tomaž	t ɔ m áː ʃ
<|SLV|>top	t ɔ́ p
<|SLV|>toplota	t ɔ p l ɔ̀ː t a
<|SLV|>torba	t óː r b a
<|SLV|>torek	t ɔ̀ː r ə k
<|SLV|>trava	t r àː ʋ a
<|SLV|>trebuh	t r èː b u x
<|SLV|>trener	t r ɛ n ɛ́ː r
<|SLV|>trenutek	t r ɛ n úː t ə k
<|SLV|>trg	t ə́ r k
<|SLV|>tri	t r íː
<|SLV|>trideset	t r íː d ɛ s ɛ t
<|SLV|>trije	t r íː j ɛ
<|SLV|>trikotnik	t r i k óː t n i k
<|SLV|>truplo	t r ùː p l ɔ
<|SLV|>tu	t ú
<|SLV|>tukaj	t úː k a j
<|SLV|>turizem	t u r ìː z ə m
<|SLV|>tvoj	t ʋ òː j
<|SLV|>uganka	u ɡ áː n k a
<|SLV|>ukaz	u k á s
<|SLV|>ulic	u l i t s
<|SLV|>ulica	ùː l i t͡s a
<|SLV|>ulici	u l i t͡s i
<|SLV|>univerza	u n i ʋ ɛ́ː r z a
<|SLV|>uporaba	u p ɔ r áː b a
<|SLV|>uporabnik	u p ɔ r áː b n i k
<|SLV|>uspeh	u s p ɛ́ x
<|SLV|>usta	ùː s t a
<|SLV|>ustava	u s t áː ʋ a
<|SLV|>ustrezen	u s t r èː z ə n
<|SLV|>učinek	u t͡ʃ íː n ə k
<|SLV|>učitelj	u t͡ʃ íː t ɛ l
<|SLV|>uživati	u ʒ ìː ʋ a t i
<|SLV|>vas	ʋ áː s
<|SLV|>vaš	ʋ á ʃ
<|SLV|>ve	ʋ éː
<|SLV|>veber	ʋ èː b ə r
<|SLV|>vedeti	ʋ èː d ɛ t i
<|SLV|>vedno	ʋ èː d n ɔ
<|SLV|>veja	ʋ ɛ́ː j a
<|SLV|>veleposlaništvo	ʋ ɛ́ l ɛ p ɔ s l àː n i ʃ t ʋ ɔ
<|SLV|>velik	ʋ ɛ̀ː l i k
<|SLV|>velikan	ʋ ɛ l i k áː n
<|SLV|>veliko	ʋ ɛ l ìː k ɔ
<|SLV|>vera	ʋ èː r a
<|SLV|>verjeti	ʋ ɛ r j èː t i
<|SLV|>vesel	ʋ ɛ s éː ʋ
<|SLV|>veselje	ʋ ɛ s ɛ̀ː l j ɛ
<|SLV|>vest	ʋ éː s t
<|SLV|>veter	ʋ éː t ə r
<|SLV|>več	ʋ ɛ́ t͡ʃ
<|SLV|>večer	ʋ ɛ t͡ʃ éː r
<|SLV|>večerja	ʋ ɛ t͡ʃ éː r j a
<|SLV|>večji	ʋ éː t͡ʃ j i
<|SLV|>vi	ʋ íː
<|SLV|>videti	ʋ ìː d ɛ t i
<|SLV|>vihar	ʋ i x áː r
<|SLV|>vijak	ʋ i j àː k
<|SLV|>vila	ʋ íː l a
<|SLV|>vir	ʋ íː r
<|SLV|>visok	ʋ i s ɔ́ k
<|SLV|>vitez	ʋ íː t ɛ s
<|SLV|>višji	ʋ íː ʃ j i
<|SLV|>vključiti	ʋ k l j ùː t͡ʃ i t i
<|SLV|>vlada	ʋ l áː d a
<|SLV|>voda	ʋ ɔ̀ː d a
<|SLV|>vodja	ʋ óː d j a
<|SLV|>vojak	ʋ ɔ j àː k
<|SLV|>vojska	ʋ ɔ̀ː j s k a
<|SLV|>volan	ʋ ɔ l áː n
<|SLV|>volja	ʋ òː l j a
<|SLV|>vosek	ʋ óː s ə k
<|SLV|>vožnja	ʋ ɔ̀ː ʒ n j a
<|SLV|>vprašanje	ʋ p r a ʃ áː n j ɛ
<|SLV|>vrat	ʋ r áː t
<|SLV|>vrednost	ʋ r èː d n ɔ s t
<|SLV|>vreme	ʋ r ɛ̀ː m ɛ
<|SLV|>vreči	ʋ r èː t͡ʃ i
<|SLV|>vrst	ʋ ə́ r s t
<|SLV|>vrsta	ʋ ə̀ r s t a
<|SLV|>vsebina	ʋ s ɛ b ìː n a
<|SLV|>vtis	ʋ t íː s
<|SLV|>včasih	ʋ t͡ʃ áː s i x
<|SLV|>včeraj	ʋ t͡ʃ èː r a j
<|SLV|>všeč	ʋ ʃ éː t͡ʃ
<|SLV|>za	z a
<|SLV|>zadnji	z áː d n j i
<|SLV|>zahod	z a x ɔ́ t
<|SLV|>zahteva	z a x t éː ʋ a
<|SLV|>zakon	z àː k ɔ n
<|SLV|>zalar	z áː l a r
<|SLV|>zaliv	z a l íː ʋ
<|SLV|>zaman	z a m á n
<|SLV|>zapor	z a p ɔ́ r
<|SLV|>zapreti	z a p r èː t i
<|SLV|>zaspati	z a s p àː t i
<|SLV|>začeti	z a t͡ʃ èː t i
<|SLV|>zbrati	z b r àː t i
<|SLV|>zdrav	z d r á ʋ
<|SLV|>zdravilo	z d r a ʋ ìː l ɔ
<|SLV|>zdravje	z d r áː ʋ j ɛ
<|SLV|>zdravnik	z d r a ʋ n ìː k
<|SLV|>zdravstvo	z d r áː ʋ s t ʋ ɔ
<|SLV|>zelo	z ɛ l óː
<|SLV|>zgodaj	z ɡ óː d a j
<|SLV|>zgodba	z ɡ óː d b a
<|SLV|>zgoraj	z ɡ ɔ̀ː r a j
<|SLV|>zima	z ìː m a
<|SLV|>zlato	z l a t óː
<|SLV|>zmaga	z m áː ɡ a
<|SLV|>zmagovalec	z m a ɡ ɔ ʋ áː l ə t͡s
<|SLV|>zmeraj	z m éː r a j
<|SLV|>znanje	z n áː n j ɛ
<|SLV|>znanost	z n àː n ɔ s t
<|SLV|>znotraj	z n òː t r a j
<|SLV|>zob	z óː p
<|SLV|>zobozdravnik	z ɔ b ɔ z d r a ʋ n ìː k
<|SLV|>zrak	z r á k
<|SLV|>zunaj	z ùː n a j
<|SLV|>zver	z ʋ éː r
<|SLV|>zverina	z ʋ ɛ r ìː n a
<|SLV|>zvezda	z ʋ èː z d a
<|SLV|>zvezek	z ʋ éː z ə k
<|SLV|>zvečer	z ʋ ɛ t͡ʃ éː r
<|SLV|>zvok	z ʋ óː k
<|SLV|>zvon	z ʋ óː n
<|SLV|>čaj	t͡ʃ áː j
<|SLV|>čakati	t͡ʃ àː k a t i
<|SLV|>čas	t͡ʃ á s
<|SLV|>časnik	t͡ʃ áː s n i k
<|SLV|>časopis	t͡ʃ a s ɔ p íː s
<|SLV|>čast	t͡ʃ áː s t
<|SLV|>čaša	t͡ʃ àː ʃ a
<|SLV|>če	t͡ʃ ɛ
<|SLV|>čefur	t͡ʃ ɛ f ùː r
<|SLV|>čembalo	t͡ʃ éː m b a l ɔ
<|SLV|>čeprav	t͡ʃ ɛ p r á ʋ
<|SLV|>četrtek	t͡ʃ ɛ t ə̀ r t ə k
<|SLV|>čevelj	t͡ʃ éː ʋ ə l
<|SLV|>čist	t͡ʃ íː s t
<|SLV|>član	t͡ʃ l áː n
<|SLV|>članek	t͡ʃ l áː n ə k
<|SLV|>človek	t͡ʃ l ɔ̀ː ʋ ɛ k
<|SLV|>človeški	t͡ʃ l ɔ ʋ èː ʃ k i
<|SLV|>črn	t͡ʃ ə̀ r n
<|SLV|>čustven	t͡ʃ úː s t ʋ ə n
<|SLV|>čuti	t͡ʃ ùː t i
<|SLV|>šest	ʃ éː s t
<|SLV|>šestdeset	ʃ éː z d d ɛ s ɛ t
<|SLV|>šola	ʃ óː l a
<|SLV|>španija	ʃ p àː n i j a
<|SLV|>število	ʃ t ɛ ʋ ìː l ɔ
<|SLV|>štiri	ʃ t ìː r i
<|SLV|>štirje	ʃ t ìː r j ɛ
<|SLV|>študent	ʃ t u d ɛ́ n t
<|SLV|>šved	ʃ ʋ éː t
<|SLV|>švedska	ʃ ʋ éː t s k a
<|SLV|>žalost	ʒ àː l ɔ s t
<|SLV|>žara	ʒ àː r a
<|SLV|>žena	ʒ ɛ̀ː n a
<|SLV|>žerjav	ʒ ɛ r j á ʋ
<|SLV|>živahen	ʒ i ʋ àː x ə n
<|SLV|>žival	ʒ i ʋ áː ʋ
<|SLV|>živeti	ʒ i ʋ èː t i
<|SLV|>življenje	ʒ i ʋ l j ɛ̀ː n j ɛ
<|SLV|>žvečiti	ʒ ʋ èː t͡ʃ i t i
<|MKD|>nepreprečen	n e p r e p r e t͡ʃ e n
<|MKD|>rangiranje	r a ŋ ɡ i ɾ a ɲ e
<|MKD|>došepnuvan	d ɔ ʃ e p n u v a n
<|MKD|>miluvanje	m i ɫ u v a ɲ e
<|MKD|>ksenofobično	k s e n ɔ f ɔ b i t͡ʃ n ɔ
<|MKD|>čizburger	t͡ʃ i z b u r ɡ e r
<|MKD|>kalkulira	k a ɫ k u l i ɾ a
<|MKD|>nusproizvod	n u s p r ɔ i z v ɔ t
<|MKD|>troreden	t r ɔ ɾ e d e n
<|MKD|>zol	z ɔ ɫ
<|MKD|>sence	s e n t͡s e
<|MKD|>poništen	p ɔ n i ʃ t e n
<|MKD|>brava	b r a v a
<|MKD|>kosken	k ɔ s k e n
<|MKD|>običai	ɔ b i t͡ʃ a i
<|MKD|>spojuva	s p ɔ j u v a
<|MKD|>nadade	n a d a d e
<|MKD|>cinik	t͡s i n i k
<|MKD|>beknuva	b e k n u v a
<|MKD|>nalepnici	n a l e p n i t͡s i
<|MKD|>et	e t
<|MKD|>kružno	k r u ʒ n ɔ
<|MKD|>graničenje	ɡ r a n i t͡ʃ e ɲ e
<|MKD|>izbrojan	i z b r ɔ j a n
<|MKD|>gurabii	ɡ u r a b i i
<|MKD|>čačkanje	t͡ʃ a t͡ʃ k a ɲ e
<|MKD|>vladar	v ɫ a d a r
<|MKD|>orjatka	ɔ r j a t k a
<|MKD|>nokširče	n ɔ k ʃ i r t͡ʃ e
<|MKD|>sjaj	s j a j
<|MKD|>zarǵavi	z a r̩ ɟ a v i
<|MKD|>džavkajḱi	d͡ʒ a f k a j c i
<|MKD|>velipetok	v e l i p e t ɔ k
<|MKD|>šura	ʃ u ɾ a
<|MKD|>urnisa	u r n i s a
<|MKD|>as	a s
<|MKD|>hieroglif	x i j e ɾ ɔ ɡ l i f
<|MKD|>ramnodušno	r a m n ɔ d u ʃ n ɔ
<|MKD|>nastojuva	n a s t ɔ j u v a
<|MKD|>kievjanka	k i e v j a ŋ k a
<|MKD|>pišuva	p i ʃ u v a
<|MKD|>eksperiment	e k s p e ɾ i m e n t
<|MKD|>patešestvenici	p a t e ʃ e s t v e n i t͡s i
<|MKD|>nevlezen	n e v l e z e n
<|MKD|>diopter	d i ɔ p t e r
<|MKD|>kolokvium	k ɔ ɫ ɔ k v i j u m
<|MKD|>dotrošuvan	d ɔ t r ɔ ʃ u v a n
<|MKD|>mavriciec	m a v r i t͡s i j e t͡s
<|MKD|>bigorosuvanje	b i ɡ ɔ ɾ ɔ s u v a ɲ e
<|MKD|>motociklistički	m ɔ t ɔ t͡s i k l i s t i t͡ʃ k i
<|MKD|>poddržuvač	p ɔ d d r̩ ʒ u v a t͡ʃ
<|MKD|>košarkar	k ɔ ʃ a r k a r
<|MKD|>obvivka	ɔ b v i f k a
<|MKD|>izgine	i z ɡ i n e
<|MKD|>gaziran	ɡ a z i ɾ a n
<|MKD|>vnedruvan	v n e d r u v a n
<|MKD|>oživee	ɔ ʒ i v e e
<|MKD|>pišman	p i ʃ m a n
<|MKD|>materijalistka	m a t e ɾ i j a l i s t k a
<|MKD|>zgasnuvanje	z ɡ a s n u v a ɲ e
<|MKD|>stalež	s t a l e ʃ
<|MKD|>neblokiran	n e b ɫ ɔ k i ɾ a n
<|MKD|>sliknat	s l i k n a t
<|MKD|>timar	t i m a r
<|MKD|>lome	ɫ ɔ m e
<|MKD|>komponiranje	k ɔ m p ɔ n i ɾ a ɲ e
<|MKD|>stažantka	s t a ʒ a n t k a
<|MKD|>obzeme	ɔ b z e m e
<|MKD|>zgoden	z ɡ ɔ d e n
<|MKD|>gulabov	ɡ u ɫ a b ɔ f
<|MKD|>dizelaš	d i z e ɫ a ʃ
<|MKD|>pretškolski	p r e t ʃ k ɔ ɫ s k i
<|MKD|>ratovi	r a t ɔ v i
<|MKD|>antagonizam	a n t a ɡ ɔ n i z a m
<|MKD|>erevanec	e r e v a n e t͡s
<|MKD|>proslavi	p r ɔ s ɫ a v i
<|MKD|>potpadne	p ɔ t p a d n e
<|MKD|>suzbivanje	s u z b i v a ɲ e
<|MKD|>poplavi	p ɔ p ɫ a v i
<|MKD|>soba	s ɔ b a
<|MKD|>telefoni	t e l e f ɔ n i
<|MKD|>nerakovoden	n e ɾ a k ɔ v ɔ d e n
<|MKD|>sobere	s ɔ b e ɾ e
<|MKD|>doruček	d ɔ ɾ u t͡ʃ e k
<|MKD|>ladnikav	ɫ a d n i k a f
<|MKD|>proteran	p r ɔ t e ɾ a n
<|MKD|>cionistički	t͡s i j ɔ n i s t i t͡ʃ k i
<|MKD|>požarnikar	p ɔ ʒ a r n i k a r
<|MKD|>država	d r̩ ʒ a v a
<|MKD|>bliznak	b l i z n a k
<|MKD|>vžaren	v ʒ a ɾ e n
<|MKD|>krimtehnika	k r i m t e x n i k a
<|MKD|>skinuva	s k i n u v a
<|MKD|>gostilničarski	ɡ ɔ s t i ɫ n i t͡ʃ a r s k i
<|MKD|>slobodarski	s ɫ ɔ b ɔ d a r s k i
<|MKD|>masovno	m a s ɔ v n ɔ
<|MKD|>truben	t r u b e n
<|MKD|>mikroskopi	m i k r ɔ s k ɔ p i
<|MKD|>lj	ʎ a
<|MKD|>nesoglasnost	n e s ɔ ɡ ɫ a s n ɔ s t
<|MKD|>nesleden	n e s l e d e n
<|MKD|>razlošenost	r a z ɫ ɔ ʃ e n ɔ s t
<|MKD|>srodstvo	s r ɔ t s t v ɔ
<|MKD|>’rmbanje	r̩ m b a ɲ e
<|MKD|>neosueten	n e ɔ s u e t e n
<|MKD|>urne	u r n e
<|MKD|>vijadukti	v i j a d u k t i
<|MKD|>neustrašen	n e u s t r a ʃ e n
<|MKD|>nereizbran	n e r e i z b r a n
<|MKD|>pregazuvan	p r e ɡ a z u v a n
<|MKD|>abonent	a b ɔ n e n t
<|MKD|>kongo	k ɔ ŋ ɡ ɔ
<|MKD|>lamja	ɫ a m j a
<|MKD|>nedelegiran	n e d e l e ɡ i ɾ a n
<|MKD|>bespričinski	b e s p r i t͡ʃ i n s k i
<|MKD|>mustaḱ	m u s t a c
<|MKD|>fide	f i d e
<|MKD|>bolki	b ɔ ɫ k i
<|MKD|>čokoladište	t͡ʃ ɔ k ɔ ɫ a d i ʃ t e
<|MKD|>voobičajuvanje	v ɔ ɔ b i t͡ʃ a j u v a ɲ e
<|MKD|>nasmee	n a s m e e
<|MKD|>izmestuva	i z m e s t u v a
<|MKD|>perceptiven	p e r t͡s e p t i v e n
<|MKD|>vic	v i t͡s
<|MKD|>sklučen	s k ɫ u t͡ʃ e n
<|MKD|>buričkanje	b u r i t͡ʃ k a ɲ e
<|MKD|>krivopalanečki	k r i v ɔ p a ɫ a n e t͡ʃ k i
<|MKD|>moroždanec	m ɔ r ɔ ʒ d a n e t͡s
<|MKD|>alergičnost	a l e r ɡ i t͡ʃ n ɔ s t
<|MKD|>otporno	ɔ t p ɔ r n ɔ
<|MKD|>isčašen	i ʃ t͡ʃ a ʃ e n
<|MKD|>potpevnuvanje	p ɔ t p e v n u v a ɲ e
<|MKD|>dozatvori	d ɔ z a t v ɔ ɾ i
<|MKD|>treperi	t r e p e ɾ i
<|MKD|>nerazdelnost	n e r a z d e ɫ n ɔ s t
<|MKD|>dupol	d u p ɔ ɫ
<|MKD|>zakvičuva	z a k v i t͡ʃ u v a
<|MKD|>pušilnica	p u ʃ i ɫ n i t͡s a
<|MKD|>otpuštanje	ɔ t p u ʃ t a ɲ e
<|MKD|>česti	t͡ʃ e s t i
<|MKD|>smačkuvanje	s m a t͡ʃ k u v a ɲ e
<|MKD|>velešanče	v e l e ʃ a n t͡ʃ e
<|MKD|>vozdivnuva	v ɔ z d i v n u v a
<|MKD|>pobožno	p ɔ b ɔ ʒ n ɔ
<|MKD|>škaf	ʃ k a f
<|MKD|>neklimatiziran	n e k l i m a t i z i ɾ a n
<|MKD|>meritokratski	m e ɾ i t ɔ k r a t s k i
<|MKD|>tranziten	t r a n z i t e n
<|MKD|>memi	m e m i
<|MKD|>sopstvenost	s ɔ p s t v e n ɔ s t
<|MKD|>krošnička	k r ɔ ʃ n i t͡ʃ k a
<|MKD|>raštrkuva	r a ʃ t r̩ k u v a
<|MKD|>raslojuvanje	r a s ɫ ɔ j u v a ɲ e
<|MKD|>materijalist	m a t e ɾ i j a l i s t
<|MKD|>istretira	i s t r e t i ɾ a
<|MKD|>rasčepka	r a ʃ t͡ʃ e p k a
<|MKD|>navidum	n a v i d u m
<|MKD|>pipanje	p i p a ɲ e
<|MKD|>podrazveseli	p ɔ d r a z v e s e l i
<|MKD|>izebe	i z e b e
<|MKD|>bol	b ɔ ɫ
<|MKD|>omaži	ɔ m a ʒ i
<|MKD|>kiflička	k i f l i t͡ʃ k a
<|MKD|>kumanovski	k u m a n ɔ f s k i
<|MKD|>naesen	n a e s e n
<|MKD|>svilar	s v i ɫ a r
<|MKD|>neutešno	n e u t e ʃ n ɔ
<|MKD|>pajačište	p a j a t͡ʃ i ʃ t e
<|MKD|>ḱut	c u t
<|MKD|>benin	b e n i n
<|MKD|>inspektorka	i n s p e k t ɔ r k a
<|MKD|>zasenči	z a s e n t͡ʃ i
<|MKD|>karta	k a r t a
<|MKD|>mirnotija	m i r n ɔ t i j a
<|MKD|>poploči	p ɔ p ɫ ɔ t͡ʃ i
<|MKD|>zemjoposednik	z e m j ɔ p ɔ s e d n i k
<|MKD|>razneži	r a z n e ʒ i
<|MKD|>potencijalno	p ɔ t e n t͡s i j a ɫ n ɔ
<|MKD|>surferište	s u r f e ɾ i ʃ t e
<|MKD|>unazaden	u n a z a d e n
<|MKD|>escajg	e s t͡s a j k
<|MKD|>organizmi	ɔ r ɡ a n i z m i
<|MKD|>maškodanka	m a ʃ k ɔ d a ŋ k a
<|MKD|>zakrila	z a k r i ɫ a
<|MKD|>statističar	s t a t i s t i t͡ʃ a r
<|MKD|>etiopjanka	e t i ɔ p j a ŋ k a
<|MKD|>neizgladen	n e i z ɡ ɫ a d e n
<|MKD|>prostorno	p r ɔ s t ɔ r n ɔ
<|MKD|>izdušuvan	i z d u ʃ u v a n
<|MKD|>nagrduvanje	n a ɡ r̩ d u v a ɲ e
<|MKD|>kamo	k a m ɔ
<|MKD|>tvorec	t v ɔ ɾ e t͡s
<|MKD|>iznapravi	i z n a p r a v i
<|MKD|>podnesuvanje	p ɔ d n e s u v a ɲ e
<|MKD|>avtoriteten	a f t ɔ ɾ i t e t e n
<|MKD|>katče	k a t t͡ʃ e
<|MKD|>kurban	k u r b a n
<|MKD|>vrsta	v r̩ s t a
<|MKD|>neluftiranje	n e ɫ u f t i ɾ a ɲ e
<|MKD|>nered	n e ɾ e t
<|MKD|>maltežanka	m a ɫ t e ʒ a ŋ k a
<|MKD|>osposobuva	ɔ s p ɔ s ɔ b u v a
<|MKD|>zamav	z a m a f
<|MKD|>konkretno	k ɔ ŋ k r e t n ɔ
<|MKD|>zlostorstvo	z ɫ ɔ s t ɔ r s t v ɔ
<|MKD|>onanija	ɔ n a n i j a
<|MKD|>ispupči	i s p u p t͡ʃ i
<|MKD|>baklavička	b a k ɫ a v i t͡ʃ k a
<|MKD|>nezatopluvanje	n e z a t ɔ p ɫ u v a ɲ e
<|MKD|>raskašavuvan	r a s k a ʃ a v u v a n
<|MKD|>nadraznetost	n a d r a z n e t ɔ s t
<|MKD|>irena	i r e n a
<|MKD|>zbunuvački	z b u n u v a t͡ʃ k i
<|MKD|>erevanski	e r e v a n s k i
<|MKD|>otapuvanje	ɔ t a p u v a ɲ e
<|MKD|>samonaplata	s a m ɔ n a p ɫ a t a
<|MKD|>pliko	p l i k ɔ
<|MKD|>kontrola	k ɔ n t r ɔ ɫ a
<|MKD|>predočuvan	p r e d ɔ t͡ʃ u v a n
<|MKD|>džapnuvanje	d͡ʒ a p n u v a ɲ e
<|MKD|>nalaga	n a ɫ a ɡ a
<|MKD|>nebeganje	n e b e ɡ a ɲ e
<|MKD|>ottuka	ɔ t t u k a
<|MKD|>podzačešla	p ɔ d z a t͡ʃ e ʃ ɫ a
<|MKD|>domeri	d ɔ m e ɾ i
<|MKD|>rapsodija	r a p s ɔ d i j a
<|MKD|>odličie	ɔ d l i t͡ʃ i j e
<|MKD|>nenajmuvanje	n e n a j m u v a ɲ e
<|MKD|>glupavo	ɡ ɫ u p a v ɔ
<|MKD|>dole	d ɔ l e
<|MKD|>nepodatliv	n e p ɔ d a t l i f
<|MKD|>molkoma	m ɔ ɫ k ɔ m a
<|MKD|>čekalnica	t͡ʃ e k a ɫ n i t͡s a
<|MKD|>vnatre	v n a t r e
<|MKD|>razboksiran	r a z b ɔ k s i ɾ a n
<|MKD|>afrikanski	a f r i k a n s k i
<|MKD|>neodvojuvanje	n e ɔ d v ɔ j u v a ɲ e
<|MKD|>stanče	s t a n t͡ʃ e
<|MKD|>maseruanski	m a s e r u a n s k i
<|MKD|>nemontiran	n e m ɔ n t i ɾ a n
<|MKD|>feminacist	f e m i n a t͡s i s t
<|MKD|>telefon	t e l e f ɔ n
<|MKD|>stapuvanje	s t a p u v a ɲ e
<|MKD|>dogmatizam	d ɔ ɡ m a t i z a m
<|MKD|>matorici	m a t ɔ ɾ i t͡s i
<|MKD|>mavricius	m a v r i t͡s i j u s
<|MKD|>postava	p ɔ s t a v a
<|MKD|>preispituva	p r e i s p i t u v a
<|MKD|>doureduvan	d ɔ u r e d u v a n
<|MKD|>sponzorče	s p ɔ n z ɔ r t͡ʃ e
<|MKD|>kauzalno	k a u z a ɫ n ɔ
<|MKD|>kodoši	k ɔ d ɔ ʃ i
<|MKD|>somunište	s ɔ m u n i ʃ t e
<|MKD|>evra	e v r a
<|MKD|>tirkizen	t i r k i z e n
<|MKD|>dobriči	d ɔ b r i t͡ʃ i
<|MKD|>kukušanec	k u k u ʃ a n e t͡s
<|MKD|>zbesne	z b e s n e
<|MKD|>oddržuva	ɔ d d r̩ ʒ u v a
<|MKD|>rasfrla	r a s f r̩ ɫ a
<|MKD|>usni	u s n i
<|MKD|>dnevnik	d n e v n i k
<|MKD|>oklopnik	ɔ k ɫ ɔ p n i k
<|MKD|>nauki	n a u k i
<|MKD|>satelit	s a t e l i t
<|MKD|>valkano	v a ɫ k a n ɔ
<|MKD|>rasčepkan	r a ʃ t͡ʃ e p k a n
<|MKD|>tolčnik	t ɔ ɫ t͡ʃ n i k
<|MKD|>raznebiten	r a z n e b i t i
<|MKD|>kosturčani	k ɔ s t u r t͡ʃ a n e t͡s
<|MKD|>valandovčanec	v a ɫ a n d ɔ f t͡ʃ a n e t͡s
<|MKD|>čadje	t͡ʃ a d j e
<|MKD|>dostoinstvo	d ɔ s t ɔ i n s t v ɔ
<|MKD|>poljodelstvo	p ɔ ʎ ɔ d e ɫ s t v ɔ
<|MKD|>prekumorski	p r e k u m ɔ r s k i
<|MKD|>označen	ɔ z n a t͡ʃ e n
<|MKD|>junci	j u n t͡s i
<|MKD|>makroekonomija	m a k r ɔ e k ɔ n ɔ m i j a
<|MKD|>svaziski	s v a z i s k i
<|MKD|>tančer	t a n t͡ʃ e r
<|MKD|>brojče	b r ɔ j t͡ʃ e
<|MKD|>dokačen	d ɔ k a t͡ʃ e n
<|MKD|>raštrkan	r a ʃ t r̩ k a n
<|MKD|>izvinuva	i z v i n u v a
<|MKD|>udolu	u d ɔ ɫ u
<|MKD|>razbojnička	r a z b ɔ j n i t͡ʃ k a
<|MKD|>kvartalen	k v a r t a l e n
<|MKD|>brunejski	b r u n e j s k i
<|MKD|>mleka	m l e k a
<|MKD|>izboden	i z b ɔ d e n
<|MKD|>fascinanten	f a s t͡s i n a n t e n
<|MKD|>poofka	p ɔ ɔ f k a
<|MKD|>poslužavnik	p ɔ s ɫ u ʒ a v n i k
<|MKD|>mihail	m i x a i ɫ
<|MKD|>debranci	d e b r a n t͡s i
<|MKD|>pretsobja	p r e t s ɔ b j a
<|MKD|>natpatnici	n a t p a t n i t͡s i
<|MKD|>tiranin	t i ɾ a n i n
<|MKD|>razžestuvanje	r a ʒ ʒ e s t u v a ɲ e
<|MKD|>nedošminkan	n e d ɔ ʃ m i ŋ k a n
<|MKD|>zimski	z i m s k i
<|MKD|>zapamti	z a p a m t i
<|MKD|>prekrstuvanje	p r e k r̩ s t u v a ɲ e
<|MKD|>divizija	d i v i z i j a
<|MKD|>falanga	f a ɫ a ŋ ɡ a
<|MKD|>ovulacija	ɔ v u ɫ a t͡s i j a
<|MKD|>ubivanje	u b i v a ɲ e
<|MKD|>pauzira	p a u z i ɾ a
<|MKD|>intrigira	i n t r i ɡ i ɾ a
<|MKD|>otrovnica	ɔ t r ɔ v n i t͡s a
<|MKD|>bilateralen	b i ɫ a t e r a l e n
<|MKD|>dokažliv	d ɔ k a ʒ l i f
<|MKD|>preopteretuva	p r e ɔ p t e r e t u v a
<|MKD|>bien	b i j e n
<|MKD|>nezaboravanje	n e z a b ɔ r a v a ɲ e
<|MKD|>pečiva	p e t͡ʃ i v a
<|MKD|>neotskoknuvanje	n e ɔ t s k ɔ k n u v a ɲ e
<|MKD|>sektaštvo	s e k t a ʃ t v ɔ
<|MKD|>idealen	i d e a l e n
<|MKD|>kavaljeri	k a v a ʎ e ɾ i
<|MKD|>završno	z a v r̩ ʃ n ɔ
<|MKD|>vošlivost	v ɔ ʃ l i v ɔ s t
<|MKD|>želče	ʒ e ɫ t͡ʃ e
<|MKD|>trotoarče	t r ɔ t ɔ a r t͡ʃ e
<|MKD|>komarci	k ɔ m a r t͡s i
<|MKD|>vakuumiran	v a k u m i ɾ a n
<|MKD|>poroten	p ɔ ɾ ɔ t e n
<|MKD|>isfali	i s f a l i
<|MKD|>prepevanje	p r e p e v a ɲ e
<|MKD|>maldivijka	m a ɫ d i v i j k a
<|MKD|>smetki	s m e t k i
<|MKD|>panteistički	p a n t e i s t i t͡ʃ k i
<|MKD|>nepodmiruvanje	n e p ɔ d m i r u v a ɲ e
<|MKD|>vajari	v a j a ɾ i
<|MKD|>ḱesište	c e s i ʃ t e
<|MKD|>nevariranje	n e v a r i ɾ a ɲ e
<|MKD|>šaka	ʃ a k a
<|MKD|>egoistka	e ɡ ɔ i s t k a
<|MKD|>spregnat	s p r e ɡ n a t
<|MKD|>smrdi	s m r̩ d i
<|MKD|>ruševina	r u ʃ e v i n a
<|MKD|>izgazen	i z ɡ a z e n
<|MKD|>nespastren	n e s p a s t r e n
<|MKD|>obezimenet	ɔ b e z i m e n e t
<|MKD|>odbegnuvanje	ɔ d b e ɡ n u v a ɲ e
<|MKD|>srca	s r̩ t͡s a
<|MKD|>konec	k ɔ n e t͡s
<|MKD|>pisoar	p i s ɔ a r
<|MKD|>laktozen	ɫ a k t ɔ z e n
<|MKD|>argentinka	a r ɡ e n t i ŋ k a
<|MKD|>kaluǵerstvo	k a ɫ u ɟ e r s t v ɔ
<|MKD|>sijalica	s i j a l i t͡s a
<|MKD|>tripati	t r i p a t i
<|MKD|>lupenje	ɫ u p e ɲ e
<|MKD|>nekodificiran	n e k ɔ d i f i t͡s i ɾ a n
<|MKD|>kalinka	k a l i ŋ k a
<|MKD|>intonira	i n t ɔ n i ɾ a
<|MKD|>imperija	i m p e ɾ i j a
<|MKD|>senkar	s e ŋ k a r
<|MKD|>dosoluva	d ɔ s ɔ ɫ u v a
<|MKD|>transformacija	t r a n s f ɔ r m a t͡s i j a
<|MKD|>itrec	i t r e t͡s
<|MKD|>podučuvanje	p ɔ d u t͡ʃ u v a ɲ e
<|MKD|>agresivnost	a ɡ r e s i v n ɔ s t
<|MKD|>koga	k ɔ ɡ a
<|MKD|>posvetuvanje	p ɔ s v e t u v a ɲ e
<|MKD|>praslovenski	p r a s ɫ ɔ v e n s k i
<|MKD|>žezlo	ʒ e z ɫ ɔ
<|MKD|>despotizam	d e s p ɔ t i z a m
<|MKD|>šturče	ʃ t u r t͡ʃ e
<|MKD|>karameliziranje	k a ɾ a m e l i z i ɾ a ɲ e
<|MKD|>nezalepen	n e z a l e p e n
<|MKD|>isčupan	i ʃ t͡ʃ u p a n
<|MKD|>zla	z ɫ a
<|MKD|>namaluvan	n a m a ɫ u v a n
<|MKD|>klukne	k ɫ u k n e
<|MKD|>bezumoren	b e z u m ɔ ɾ e n
<|MKD|>zanaeti	z a n a e t i
<|MKD|>završi	z a v r̩ ʃ i
<|MKD|>neraskrevanje	n e ɾ a s k r e v a ɲ e
<|MKD|>mladičok	m ɫ a d i t͡ʃ ɔ k
<|MKD|>razglobi	r a z ɡ ɫ ɔ b i
<|MKD|>raspišuvan	r a s p i ʃ u v a n
<|MKD|>pakistanski	p a k i s t a n s k i
<|MKD|>funta	f u n t a
<|MKD|>zemjopis	z e m j ɔ p i s
<|MKD|>miroven	m i ɾ ɔ v e n
<|MKD|>senzualnost	s e n z u a ɫ n ɔ s t
<|MKD|>gulaš	ɡ u ɫ a ʃ
<|MKD|>laf	ɫ a f
<|MKD|>šamanka	ʃ a m a ŋ k a
<|MKD|>stokmuvanje	s t ɔ k m u v a ɲ e
<|MKD|>pižami	p i ʒ a m i
<|MKD|>izživee	i ʒ ʒ i v e e
<|MKD|>posetenost	p ɔ s e t e n ɔ s t
<|MKD|>pomakedončuva	p ɔ m a k e d ɔ n t͡ʃ u v a
<|MKD|>dolžini	d ɔ ɫ ʒ i n i
<|MKD|>balon	b a ɫ ɔ n
<|MKD|>splini	s p l i n i
<|MKD|>rotkvica	r ɔ t k v i t͡s a
<|MKD|>nekonsumiranje	n e k ɔ n s u m i ɾ a ɲ e
<|MKD|>podnamokri	p ɔ d n a m ɔ k r i
<|MKD|>šal	ʃ a ɫ
<|MKD|>lavini	ɫ a v i n i
<|MKD|>raznežuva	r a z n e ʒ u v a
<|MKD|>drvce	d r̩ f t͡s e
<|MKD|>glagolivost	ɡ ɫ a ɡ ɔ l i v ɔ s t
<|MKD|>ošlaka	ɔ ʃ ɫ a k a
<|MKD|>komitetlija	k ɔ m i t e t l i j a
<|MKD|>prepuštanje	p r e p u ʃ t a ɲ e
<|MKD|>nestoenje	n e s t ɔ e ɲ e
<|MKD|>test	t e s t
<|MKD|>mrazulče	m r a z u ɫ t͡ʃ e
<|MKD|>izmestuvanje	i z m e s t u v a ɲ e
<|MKD|>episkopski	e p i s k ɔ p s k i
<|MKD|>dur	d u r
<|MKD|>format	f ɔ r m a t
<|MKD|>preboen	p r e b ɔ e n
<|MKD|>apstrahiran	a p s t r a x i ɾ a n
<|MKD|>zaboluvanja	z a b ɔ ɫ u v a ɲ a
<|MKD|>zree	z r e e
<|MKD|>sauna	s a u n a
<|MKD|>oslonuvan	ɔ s ɫ ɔ n u v a n
<|MKD|>arhivist	a r x i v i s t
<|MKD|>vmeša	v m e ʃ a
<|MKD|>besšeḱeren	b e ʃ ʃ e c e ɾ e n
<|MKD|>nekontroliran	n e k ɔ n t r ɔ l i ɾ a n
<|MKD|>rasfrlen	r a s f r̩ l e n
<|MKD|>izdlabuvan	i z d ɫ a b u v a n
<|MKD|>slepo	s l e p ɔ
<|MKD|>nebraska	n e b r a s k a
<|MKD|>obvie	ɔ b v i j e
<|MKD|>nerazdvoen	n e r a z d v ɔ e n
<|MKD|>neḱarenje	n e c a ɾ e ɲ e
<|MKD|>otpišuvanje	ɔ t p i ʃ u v a ɲ e
<|MKD|>varen	v a ɾ e n
<|MKD|>neispilen	n e i s p i l e n
<|MKD|>neindeksiranje	n e i n d e k s i ɾ a ɲ e
<|MKD|>besčuvstvitelnost	b e ʃ t͡ʃ u f s t v i t e ɫ n ɔ s t
<|MKD|>nane	n a n e
<|MKD|>vozdignat	v ɔ z d i ɡ n a t
<|MKD|>imj	i m a j a
<|MKD|>ašhabatka	a ʃ x a b a t k a
<|MKD|>zračenje	z r a t͡ʃ e ɲ e
<|MKD|>antifašist	a n t i f a ʃ i s t
<|MKD|>plik	p l i k
<|MKD|>aktinium	a k t i n i j u m
<|MKD|>lingvist	l i ŋ ɡ v i s t
<|MKD|>morski	m ɔ r s k i
<|MKD|>najgvirc	n a j ɡ v i r t͡s
<|MKD|>zabušavan	z a b u ʃ a v a
<|MKD|>sudovi	s u d ɔ v i
<|MKD|>dijadema	d i j a d e m a
<|MKD|>natnuva	n a t n u v a
<|MKD|>pacifist	p a t͡s i f i s t
<|MKD|>astronomski	a s t r ɔ n ɔ m s k i
<|MKD|>zaglaven	z a ɡ ɫ a v e n
<|MKD|>gra	ɡ r a
<|MKD|>brčenje	b r̩ t͡ʃ e ɲ e
<|MKD|>grbno	ɡ r̩ b n ɔ
<|MKD|>kriptira	k r i p t i ɾ a
<|MKD|>soliter	s ɔ l i t e r
<|MKD|>nagrden	n a ɡ r̩ d e n
<|MKD|>teniserište	t e n i s e ɾ i ʃ t e
<|MKD|>guši	ɡ u ʃ i
<|MKD|>relativiziran	r e ɫ a t i v i z i ɾ a n
<|MKD|>sintetiziranje	s i n t e t i z i ɾ a ɲ e
<|MKD|>maser	m a s e r
<|MKD|>predobro	p r e d ɔ b r ɔ
<|MKD|>malibu	m a l i b u
<|MKD|>čevlište	t͡ʃ e v l i ʃ t e
<|MKD|>namurtenost	n a m u r t e n ɔ s t
<|MKD|>francuzin	f r a n t͡s u z i n
<|MKD|>razori	r a z ɔ ɾ i
<|MKD|>manipulanti	m a n i p u ɫ a n t i
<|MKD|>kalkiranje	k a ɫ k i ɾ a ɲ e
<|MKD|>prepakuvanje	p r e p a k u v a ɲ e
<|MKD|>pokačuva	p ɔ k a t͡ʃ u v a
<|MKD|>liljak	l i ʎ a k
<|MKD|>pauza	p a u z a
<|MKD|>bladajḱi	b ɫ a d a j c i
<|MKD|>bataluva	b a t a ɫ u v a
<|MKD|>prugi	p r u ɡ i
<|MKD|>pokolenie	p ɔ k ɔ l e n i j e
<|MKD|>pozelenuva	p ɔ z e l e n u v a
<|MKD|>namestuva	n a m e s t u v a
<|MKD|>postenje	p ɔ s t e ɲ e
<|MKD|>repariran	r e p a r i ɾ a n
<|MKD|>manometar	m a n ɔ m e t a r
<|MKD|>poteknuvanje	p ɔ t e k n u v a ɲ e
<|MKD|>bogatstvo	b ɔ ɡ a t s t v ɔ
<|MKD|>razdvoi	r a z d v ɔ i
<|MKD|>oblie	ɔ b l i j e
<|MKD|>podrobnost	p ɔ d r ɔ b n ɔ s t
<|MKD|>pajažina	p a j a ʒ i n a
<|MKD|>mornar	m ɔ r n a r
<|MKD|>nedohranet	n e d ɔ x r a n e t
<|MKD|>izgonuvanje	i z ɡ ɔ n u v a ɲ e
<|MKD|>rodilen	r ɔ d i l e n
<|MKD|>raspojasa	r a s p ɔ j a s a
<|MKD|>mena	m e n a
<|MKD|>sedum	s e d u m
<|MKD|>emigrantka	e m i ɡ r a n t k a
<|MKD|>daven	d a v e n
<|MKD|>patarini	p a t a ɾ i n i
<|MKD|>poveḱejazičen	p ɔ v e c e j a z i t͡ʃ e n
<|MKD|>ataman	a t a m a n
<|MKD|>incest	i n t͡s e s t
<|MKD|>platno	p ɫ a t n ɔ
<|MKD|>sueta	s u e t a
<|MKD|>radovišanec	r a d ɔ v i ʃ a n e t͡s
<|MKD|>sešto	s e ʃ t ɔ
<|MKD|>neptun	n e p t u n
<|MKD|>mogadišanki	m ɔ ɡ a d i ʃ a ŋ k i
<|MKD|>damnešen	d a m n e ʃ e n
<|MKD|>psiholingvistički	p s i x ɔ l i ŋ ɡ v i s t i t͡ʃ k i
<|MKD|>zašteduva	z a ʃ t e d u v a
<|MKD|>antipatičen	a n t i p a t i t͡ʃ e n
<|MKD|>kao	k a ɔ
<|MKD|>grozotija	ɡ r ɔ z ɔ t i j a
<|MKD|>zatropa	z a t r ɔ p a
<|MKD|>vdomuvan	v d ɔ m u v a n
<|MKD|>filmadžii	f i ɫ m a d͡ʒ i i
<|MKD|>redaktira	r e d a k t i ɾ a
<|MKD|>brigaden	b r i ɡ a d e n
<|MKD|>doplaḱa	d ɔ p ɫ a c a
<|MKD|>mangupište	m a ŋ ɡ u p i ʃ t e
<|MKD|>parcijalen	p a r t͡s i j a l e n
<|MKD|>peren	p e ɾ e n
<|MKD|>premeluva	p r e m e ɫ u v a
<|MKD|>netrpelivo	n e t r̩ p e l i v ɔ
<|MKD|>džordžtaunci	d͡ʒ ɔ r t͡ʃ t a u n t͡s i
<|MKD|>rasaduva	r a s a d u v a
<|MKD|>revolucionizira	r e v ɔ ɫ u t͡s i j ɔ n i z i ɾ a
<|MKD|>ubacuva	u b a t͡s u v a
<|MKD|>neizbanjat	n e i z b a ɲ a t
<|MKD|>premoruva	p r e m ɔ ɾ u v a
<|MKD|>nakaže	n a k a ʒ e
<|MKD|>ekspresionist	e k s p r e s i j ɔ n i s t
<|MKD|>jufka	j u f k a
<|MKD|>pobutnuvan	p ɔ b u t n u v a n
<|MKD|>ḱupovi	c u p ɔ v i
<|MKD|>neženenje	n e ʒ e n e ɲ e
<|MKD|>iskamšikuva	i s k a m ʃ i k u v a
<|MKD|>ledina	l e d i n a
<|MKD|>suetnost	s u e t n ɔ s t
<|MKD|>obeluvanje	ɔ b e ɫ u v a ɲ e
<|MKD|>dualen	d u a l e n
<|MKD|>buntuvajḱi	b u n t u v a j c i
<|MKD|>kiselinski	k i s e l i n s k i
<|MKD|>maǵepsnica	m a ɟ e p s n i t͡s a
<|MKD|>caristka	t͡s a r i s t k a
<|MKD|>be	b e
<|MKD|>zlomisleno	z ɫ ɔ m i s l e n ɔ
<|MKD|>portluisanka	p ɔ r t ɫ u i s a ŋ k a
<|MKD|>džoging	d͡ʒ ɔ ɡ i ŋ k
<|MKD|>šasija	ʃ a s i j a
<|MKD|>namenet	n a m e n e t
<|MKD|>alabaster	a ɫ a b a s t e r
<|MKD|>gulab	ɡ u ɫ a p
<|MKD|>pušač	p u ʃ a t͡ʃ
<|MKD|>izumira	i z u m i ɾ a
<|MKD|>kmetuva	k m e t u v a
<|MKD|>predgorja	p r e d ɡ ɔ r j a
<|MKD|>donosi	d ɔ n ɔ s i
<|MKD|>klasificiran	k ɫ a s i f i t͡s i ɾ a n
<|MKD|>burevesnici	b u ɾ e v e s n i t͡s i
<|MKD|>arambaša	a r a m b a ʃ a
<|MKD|>hormonalno	x ɔ r m ɔ n a ɫ n ɔ
<|MKD|>topaz	t ɔ p a s
<|MKD|>prvooddelenski	p r̩ v ɔ ɔ d d e l e n s k i
<|MKD|>neinterveniranje	n e i n t e r v e n i ɾ a ɲ e
<|MKD|>vrkolački	v r̩ k ɔ ɫ a t͡ʃ k i
<|MKD|>invalid	i ɱ v a l i t
<|MKD|>zmejski	z m e j s k i
<|MKD|>pantomimičar	p a n t ɔ m i m i t͡ʃ a r
<|MKD|>zločin	z ɫ ɔ t͡ʃ i n
<|MKD|>elenište	e l e n i ʃ t e
<|MKD|>visočok	v i s ɔ t͡ʃ ɔ k
<|MKD|>kapitaliziran	k a p i t a l i z i ɾ a n
<|MKD|>kofein	k ɔ f e i n
<|MKD|>ventilatori	v e n t i ɫ a t ɔ ɾ i
<|MKD|>imponiran	i m p ɔ n i ɾ a n
<|MKD|>mugra	m u ɡ r a
<|MKD|>nemoralen	n e m ɔ ɾ a l e n
<|MKD|>ǵavolče	ɟ a v ɔ ɫ t͡ʃ e
<|MKD|>trese	t r e s e
<|MKD|>dostojno	d ɔ s t ɔ j n ɔ
<|MKD|>prekosi	p r e k ɔ s i
<|MKD|>bescelen	b e s t͡s e l e n
<|MKD|>noḱno	n ɔ c n ɔ
<|MKD|>mesenje	m e s e ɲ e
<|MKD|>vnimanija	v n i m a n i j a
<|MKD|>plenstvo	p l e n s t v ɔ
<|MKD|>rekište	r e k i ʃ t e
<|MKD|>šminkan	ʃ m i ŋ k a n
<|MKD|>inventar	i ɱ v e n t a r
<|MKD|>dovitkuva	d ɔ v i t k u v a
<|MKD|>semen	s e m e n
<|MKD|>filozofija	f i ɫ ɔ z ɔ f i j a
<|MKD|>iznudi	i z n u d i
<|MKD|>stefan	s t e f a n
<|MKD|>geni	ɡ e n i
<|MKD|>lansiran	ɫ a n s i ɾ a n
<|MKD|>vajmarski	v a j m a r s k i
<|MKD|>satiričari	s a t i r i t͡ʃ a ɾ i
<|MKD|>zaofka	z a ɔ f k a
<|MKD|>kareta	k a r e t a
<|MKD|>prooden	p r ɔ ɔ d e n
<|MKD|>nedospremen	n e d ɔ s p r e m e n
<|MKD|>zort	z ɔ r t
<|MKD|>podgorčuvanje	p ɔ d ɡ ɔ r t͡ʃ u v a ɲ e
<|MKD|>prešiva	p r e ʃ i v a
<|MKD|>obesceni	ɔ b e s t͡s e n i
<|MKD|>preteknuvan	p r e t e k n u v a n
<|MKD|>varijanta	v a ɾ i j a n t a
<|MKD|>neaboliran	n e a b ɔ l i ɾ a n
<|MKD|>dooblečen	d ɔ ɔ b l e t͡ʃ e n
<|MKD|>izzeme	i z z e m e
<|MKD|>bebulence	b e b u l e n t͡s e
<|MKD|>pridružuvan	p r i d r u ʒ u v a n
<|MKD|>lekuvački	l e k u v a t͡ʃ k i
<|MKD|>obikoli	ɔ b i k ɔ l i
<|MKD|>taster	t a s t e r
<|MKD|>četriese	t͡ʃ e t r i j e s e
<|MKD|>pudra	p u d r a
<|MKD|>monokl	m ɔ n ɔ k ɫ̩
<|MKD|>zlotvoren	z ɫ ɔ t v ɔ ɾ e n
<|MKD|>alčno	a ɫ t͡ʃ n ɔ
<|MKD|>smoka	s m ɔ k a
<|MKD|>maǵarsko	m a ɟ a r s k ɔ
<|MKD|>predučilišten	p r e d u t͡ʃ i l i ʃ t e n
<|MKD|>mucki	m u t͡s k i
<|MKD|>iskažan	i s k a ʒ a n
<|MKD|>unapreden	u n a p r e d e n
<|MKD|>proporcionalen	p r ɔ p ɔ r t͡s i j ɔ n a l e n
<|MKD|>diplomski	d i p ɫ ɔ m s k i
<|MKD|>dominikanski	d ɔ m i n i k a n s k i
<|MKD|>zemjotres	z e m j ɔ t r e s
<|MKD|>ožednuva	ɔ ʒ e d n u v a
<|MKD|>spasitel	s p a s i t e ɫ
<|MKD|>specijalec	s p e t͡s i j a l e t͡s
<|MKD|>manifest	m a n i f e s t
<|MKD|>doznaen	d ɔ z n a e n
<|MKD|>zaglavuvanje	z a ɡ ɫ a v u v a ɲ e
<|MKD|>vleče	v l e t͡ʃ e
<|MKD|>nedostižno	n e d ɔ s t i ʒ n ɔ
<|MKD|>perduv	p e r d u f
<|MKD|>nefiltriranje	n e f i ɫ t r i ɾ a ɲ e
<|MKD|>nominiranje	n ɔ m i n i ɾ a ɲ e
<|MKD|>neishranet	n e i s x r a n e t
<|MKD|>andorka	a n d ɔ r k a
<|MKD|>kradeškum	k r a d e ʃ k u m
<|MKD|>neaktualiziranje	n e a k t u a l i z i ɾ a ɲ e
<|MKD|>zasmevanje	z a s m e v a ɲ e
<|MKD|>deredže	d e ɾ e d͡ʒ e
<|MKD|>trezno	t r e z n ɔ
<|MKD|>naslika	n a s l i k a
<|MKD|>napumpan	n a p u m p a n
<|MKD|>seul	s e u ɫ
<|MKD|>stražarka	s t r a ʒ a r k a
<|MKD|>isceluva	i s t͡s e ɫ u v a
<|MKD|>osnov	ɔ s n ɔ f
<|MKD|>dognivanje	d ɔ ɡ n i v a ɲ e
<|MKD|>raženče	r a ʒ e n t͡ʃ e
<|MKD|>atlas	a t ɫ a s
<|MKD|>izvlekuvan	i z v l e k u v a
<|MKD|>ograničuvanja	ɔ ɡ r a n i t͡ʃ u v a ɲ a
<|MKD|>likvidira	l i k v i d i ɾ a
<|MKD|>nagrbi	n a ɡ r̩ b i
<|MKD|>protivprirodno	p r ɔ t i f p r i ɾ ɔ d n ɔ
<|MKD|>necitiran	n e t͡s i t i ɾ a n
<|MKD|>lančan	ɫ a n t͡ʃ a n
<|MKD|>endokrinologija	e n d ɔ k r i n ɔ ɫ ɔ ɡ i j a
<|MKD|>poluosvetlen	p ɔ ɫ u ɔ s v e t l e n
<|MKD|>burmanski	b u r m a n s k i
<|MKD|>dorešen	d ɔ ɾ e ʃ e n
<|MKD|>brčkajḱi	b r̩ t͡ʃ k a j c i
<|MKD|>litosfera	l i t ɔ s f e ɾ a
<|MKD|>palačinka	p a ɫ a t͡ʃ i ŋ k a
<|MKD|>pogmeči	p ɔ ɡ m e t͡ʃ i
<|MKD|>bagra	b a ɡ r a
<|MKD|>latinoamerikanski	ɫ a t i n ɔ a m e r i k a n s k i
<|MKD|>livadi	l i v a d i
<|MKD|>cirokumulus	t͡s i ɾ ɔ k u m u ɫ u s
<|MKD|>sekad	s e k a t
<|MKD|>pojaduvanje	p ɔ j a d u v a ɲ e
<|MKD|>neotkovan	n e ɔ t k ɔ v a n
<|MKD|>nemaskiranje	n e m a s k i ɾ a ɲ e
<|MKD|>strugotina	s t r u ɡ ɔ t i n a
<|MKD|>dopolna	d ɔ p ɔ ɫ n a
<|MKD|>žanr	ʒ a n r̩
<|MKD|>konečen	k ɔ n e t͡ʃ e n
<|MKD|>nestisnat	n e s t i s n a t
<|MKD|>zarasnuva	z a r a s n u v a
<|MKD|>režira	r e ʒ i ɾ a
<|MKD|>ocrni	ɔ t͡s r̩ n i
<|MKD|>pleh	p l e x
<|MKD|>gledan	ɡ l e d a n
<|MKD|>premestuvan	p r e m e s t u v a n
<|MKD|>iznakopan	i z n a k ɔ p a n
<|MKD|>svrze	s v r̩ z e
<|MKD|>druženje	d r u ʒ e ɲ e
<|MKD|>žalbeno	ʒ a ɫ b e n ɔ
<|MKD|>deveri	d e v e ɾ i
<|MKD|>ispituva	i s p i t u v a
<|MKD|>uspiva	u s p i v a
<|MKD|>ženive	ʒ e n i v e
<|MKD|>bogoljubivo	b ɔ ɡ ɔ ʎ u b i v ɔ
<|MKD|>visokokatnici	v i s ɔ k ɔ k a t n i t͡s i
<|MKD|>panika	p a n i k a
<|MKD|>sošie	s ɔ ʃ i j e
<|MKD|>animator	a n i m a t ɔ r
<|MKD|>rasplamten	r a s p ɫ a m t e n
<|MKD|>mesapski	m e s a p s k i
<|MKD|>naznačuvan	n a z n a t͡ʃ u v a n
<|MKD|>nepostenje	n e p ɔ s t e ɲ e
<|MKD|>lažoven	ɫ a ʒ ɔ v e n
<|MKD|>negeneriran	n e ɡ e n e r i ɾ a n
<|MKD|>pričuva	p r i t͡ʃ u v a
<|MKD|>indoneziec	i n d ɔ n e z i j e t͡s
<|MKD|>nafrlen	n a f r̩ l e n
<|MKD|>suvanka	s u v a ŋ k a
<|MKD|>nepotenciranje	n e p ɔ t e n t͡s i ɾ a ɲ e
<|MKD|>trnlivost	t r̩ n l i v ɔ s t
<|MKD|>mustaḱlija	m u s t a c l i j a
<|MKD|>nepolnenje	n e p ɔ ɫ n e ɲ e
<|MKD|>topovi	t ɔ p ɔ v i
<|MKD|>sirena	s i r e n a
<|MKD|>ene	e n e
<|MKD|>bubalica	b u b a l i t͡s a
<|MKD|>trgovija	t r̩ ɡ ɔ v i j a
<|MKD|>nemirisanje	n e m i r i s a ɲ e
<|MKD|>obuslovuvan	ɔ b u s ɫ ɔ v u v a n
<|MKD|>pretresuva	p r e t r e s u v a
<|MKD|>natumpani	n a t u m p a n i
<|MKD|>komunicira	k ɔ m u n i t͡s i ɾ a
<|MKD|>masen	m a s e n
<|MKD|>majki	m a j k i
<|MKD|>proizvoditelka	p r ɔ i z v ɔ d i t e ɫ k a
<|MKD|>sobleče	s ɔ b l e t͡ʃ e
<|MKD|>pigment	p i ɡ m e n t
<|MKD|>tiroiden	t i ɾ ɔ i d e n
<|MKD|>rasturan	r a s t u ɾ a n
<|MKD|>satanizira	s a t a n i z i ɾ a
<|MKD|>keniski	k e n i s k i
<|MKD|>korab	k ɔ ɾ a p
<|MKD|>maršal	m a r ʃ a ɫ
<|MKD|>bernec	b e r n e t͡s
<|MKD|>angažman	a ŋ ɡ a ʒ m a n
<|MKD|>nevospriemanje	n e v ɔ s p r i e m a ɲ e
<|MKD|>kal	k a ɫ
<|MKD|>bingo	b i ŋ ɡ ɔ
<|MKD|>hagiografija	x a ɡ i j ɔ ɡ r a f i j a
<|MKD|>nesoblečen	n e s ɔ b l e t͡ʃ e n
<|MKD|>dosušuva	d ɔ s u ʃ u v a
<|MKD|>osuši	ɔ s u ʃ i
<|MKD|>honijarski	x ɔ n i j a r s k i
<|MKD|>alocira	a ɫ ɔ t͡s i ɾ a
<|MKD|>vrvež	v r̩ v e ʃ
<|MKD|>hedonizam	x e d ɔ n i z a m
<|MKD|>doktor	d ɔ k t ɔ r
<|MKD|>brborka	b r̩ b ɔ r k a
<|MKD|>juva	j u v a
<|MKD|>kopenhaški	k ɔ p e ŋ x a ʃ k i
<|MKD|>razurnuvački	r a z u r n u v a t͡ʃ k i
<|MKD|>nenadomestlivost	n e n a d ɔ m e s t l i v ɔ s t
<|MKD|>makedonka	m a k e d ɔ ŋ k a
<|MKD|>jazolče	j a z ɔ ɫ t͡ʃ e
<|MKD|>navodenuvanje	n a v ɔ d e n u v a ɲ e
<|MKD|>duškalo	d u ʃ k a ɫ ɔ
<|MKD|>proleter	p r ɔ l e t e r
<|MKD|>relaksiranje	r e ɫ a k s i ɾ a ɲ e
<|MKD|>propržen	p r ɔ p r̩ ʒ e n
<|MKD|>čuki	t͡ʃ u k i
<|MKD|>čorapište	t͡ʃ ɔ r a p i ʃ t e
<|MKD|>srami	s r a m i
<|MKD|>demontira	d e m ɔ n t i ɾ a
<|MKD|>kuvajḱanka	k u v a j c a ŋ k a
<|MKD|>naebuva	n a e b u v a
<|MKD|>preklasificira	p r e k ɫ a s i f i t͡s i ɾ a
<|MKD|>sonarodnik	s ɔ n a ɾ ɔ d n i k
<|MKD|>topi	t ɔ p i
<|MKD|>časovniče	t͡ʃ a s ɔ v n i t͡ʃ e
<|MKD|>krknuva	k r̩ k n u v a
<|MKD|>potisnuvanje	p ɔ t i s n u v a ɲ e
<|MKD|>neotkrivanje	n e ɔ t k r i v a ɲ e
<|MKD|>tubička	t u b i t͡ʃ k a
<|MKD|>frustrira	f r u s t r i ɾ a
<|MKD|>otpadne	ɔ t p a d n e
<|MKD|>polnoglavci	p ɔ ɫ n ɔ ɡ ɫ a f t͡s i
<|MKD|>dijaloški	d i j a ɫ ɔ ʃ k i
<|MKD|>dualistka	d u a l i s t k a
<|MKD|>manijačen	m a n i j a t͡ʃ e n
<|MKD|>potsobleče	p ɔ t s ɔ b l e t͡ʃ e
<|MKD|>nezaveren	n e z a v e ɾ e n
<|MKD|>rašmrkan	r a ʃ m r̩ k a n
<|MKD|>lepeza	l e p e z a
<|MKD|>gerontološki	ɡ e ɾ ɔ n t ɔ ɫ ɔ ʃ k i
<|MKD|>javuvajḱi	j a v u v a j c i
