<|FAS|>dlil	d a l i l
<|FAS|>glw	ɡ a l oː
<|FAS|>dgrjnsgra	d e ɡ a ɾ d͡ʒ e n s ɡ a ɾ ɑː
<|FAS|>mrnd	m a ɾ a n d
<|FAS|>hmam	h a m m ɑː m
<|FAS|>ktab	k e t ɑː b
<|FAS|>a'da	a ʔ z ɑː
<|FAS|>pitchidn	p e t͡ʃ i d a
<|FAS|>bradr	b a ɾ ɑː d a ɾ
<|FAS|>rftar	ɾ a f t ɑː ɾ
<|FAS|>shwr	ʃ oː ɾ
<|FAS|>bwi	b oː j
<|FAS|>tchtwr	t͡ʃ e t o v ɾ
<|FAS|>bniadgra	b o n j ɑː d ɡ a ɾ ɑː
<|FAS|>rai	ɾ a ʔ j
<|FAS|>ghaft	ɢ ɑː f e t
<|FAS|>hsht	h a ʃ t
<|FAS|>pakstani	p ɑː k i s t ɑː n iː
<|FAS|>thhn	z e h n
<|FAS|>bhsht	b e h e ʃ t
<|FAS|>rba'i	ɾ o b ɑː ʔ iː
<|FAS|>fhrst	f e h ɾ e s t
<|FAS|>draiidn	d a ɾ ɑː j iː d a n
<|FAS|>ks	k a s
<|FAS|>bkhtr	b e x t a ɾ
<|FAS|>sh'b	ʃ o ʔ a b
<|FAS|>ahng	ɑː h a n ɡ
<|FAS|>tchashni	t ʃ ɑː ʃ n iː
<|FAS|>bz	b o z
<|FAS|>swrti	s uː ɾ a t iː
<|FAS|>hi	h e j
<|FAS|>sliman	s o l e j m ɑː n
<|FAS|>ajazh	e d͡ʒ ɑː z e
<|FAS|>pwshidn	p oː ʃ iː d a n
<|FAS|>qsmt	ɢ i s m a t
<|FAS|>pkhtn	p o x t a n
<|FAS|>brkhwrdar	b a ɾ x o ɾ d ɑː ɾ
<|FAS|>bamdad	b ɑː m d ɑː n
<|FAS|>khkshanha	k a h k a ʃ ɑː n h ɑː
<|FAS|>dtchar	d o t͡ʃ ɑː ɾ
<|FAS|>srwdn	s o ɾ uː d a n
<|FAS|>jambwn	ʒ ɑː m b o n
<|FAS|>ptk	p o t k
<|FAS|>aindh	ɑː j a n d a
<|FAS|>hsab	h e s ɑː b
<|FAS|>hfdh	h a b d a h
<|FAS|>abdst	ɑː b d a s t
<|FAS|>gian	ɡ o j ɑː n
<|FAS|>hnr	h o n a ɾ
<|FAS|>zwrkhanh	z oː ɾ x ɑː n a
<|FAS|>gwah	ɡ o v ɑː h
<|FAS|>srdar	s a ɾ d ɑː ɾ
<|FAS|>mhm	m o h e m m
<|FAS|>asprzh	e s p a ɾ z e
<|FAS|>gi	a ɡ iː
<|FAS|>nskhh	n o s x e
<|FAS|>mrdha	m a ɾ d h ɑː
<|FAS|>mwssh	m o ʔ a s s a s e
<|FAS|>kimia	k iː m i j ɑː
<|FAS|>karwan	k ɑː ɾ v ɑː n
<|FAS|>mhrbani	m e h ɾ a b ɑː n iː
<|FAS|>fda	f a z ɑː
<|FAS|>tqsim	t a ɢ s i m
<|FAS|>zirzmin	z iː ɾ z a m iː n
<|FAS|>pnahndh	p a n ɑː h a n d e
<|FAS|>sdh	s a d a
<|FAS|>trazw	t a ɾ ɑː z uː
<|FAS|>bab	b ɑː b
<|FAS|>thbh	z e b h
<|FAS|>dadar	d ɑː d ɑː r
<|FAS|>alrji	ɑː l i ɾ ʒ iː
<|FAS|>zin	z i n
<|FAS|>dzd	d o z d
<|FAS|>thkr	z a k a ɾ
<|FAS|>msaft	m a s ɑː f a t
<|FAS|>kndn	k a n d a n
<|FAS|>knfrans	k o n f e ɾ ɑː n s
<|FAS|>migh	m e ɢ
<|FAS|>jnsi	d͡ʒ e n s iː
<|FAS|>bish	b e ʃ
<|FAS|>astanhi	ɑː s t ɑː n a iː
<|FAS|>glabi	ɡ o l ɑː b iː
<|FAS|>ziad	z i j ɑː d
<|FAS|>tkidn	t a k i d a n
<|FAS|>bhtan	b o h t u n
<|FAS|>jaigah	d͡ʒ ɑː j ɡ ɑː h
<|FAS|>zistshnas	z iː s t ʃ e n ɑː s
<|FAS|>idwn	e d u n
<|FAS|>babl	b ɑː b i l
<|FAS|>mrbwt	m a ɾ b u t
<|FAS|>ghwr	ɢ o v ɾ
<|FAS|>padash	p ɑː d ɑː ʃ
<|FAS|>bimar	b e m ɑː ɾ
<|FAS|>lthh	l a s e
<|FAS|>albrz	ʔ a l b o ɾ z
<|FAS|>hdih	h a d i j a
<|FAS|>mlaqat	m o l ɑː ɢ ɑː t
<|FAS|>fridwn	f e ɾ e i d uː n
<|FAS|>mjazat	m o d ʒ ɑː z ɑː t
<|FAS|>shwrh	ʃ oː ɾ e
<|FAS|>wir	v i ɾ
<|FAS|>tchmidn	t͡ʃ a m i d a n
<|FAS|>kalbd	k ɑː l b u d
<|FAS|>srprsti	s a ɾ p a ɾ a s t iː
<|FAS|>ikhtchal	j a x t͡ʃ ɑː l
<|FAS|>adgham	e d ɢ ɑː m
<|FAS|>anghwzh	ɑː n ɢ u z a
<|FAS|>prdis	p a ɾ d e s
<|FAS|>hnwz	h a n oː z
<|FAS|>graz	ɡ o ɾ ɑː z
<|FAS|>qhrman	ɢ a h ɾ a m ɑː n
<|FAS|>trsh	t o ɾ ʃ
<|FAS|>bimnak	b i n m ɑː k
<|FAS|>jwlidn	ʒ uː l iː d a n
<|FAS|>wash	v ɑ ʃ
<|FAS|>mikhwahm	m iː x ɑː h a m
<|FAS|>prndgan	p a ɾ a n d a ɡ ɑː n
<|FAS|>swrpraiz	s u r p e ɾ ɑ j z
<|FAS|>dmagh	d a m ɑː ɢ
<|FAS|>khakstri	x ɑː k i s t a ɾ iː
<|FAS|>jrfa	ʒ a ɾ f ɑː
<|FAS|>zrnapa	z u r n ɑː p ɑː
<|FAS|>dindari	d i n d ɑː ɾ iː
<|FAS|>bl'idn	b a l ʔ iː d a n
<|FAS|>that	z ɑː t
<|FAS|>tchish	t ʃ i ʃ
<|FAS|>hmishh	h a m e ʃ a
<|FAS|>mrgh	m o ɾ ɢ
<|FAS|>fsl	f a s l
<|FAS|>iaftn	j ɑː f t a n
<|FAS|>blwr	b i l oː ɾ
<|FAS|>bngah	b o n ɡ ɑː h
<|FAS|>d'a	d o ʔ ɑː
<|FAS|>pap	p ɑː p
<|FAS|>amar	ɑː m ɑː ɾ
<|FAS|>istadn	i s t ɑː d a n
<|FAS|>pzshk	p e z e ʃ k
<|FAS|>khwrshid	x o ɾ ʃ iː d
<|FAS|>siast	s i j ɑː s a t
<|FAS|>prtchm	p a ɾ t͡ʃ a m
<|FAS|>bkhatr	b a x ɑː t i ɾ i
<|FAS|>grwh	ɡ o ɾ uː h
<|FAS|>'lawh	a l ɑː v a
<|FAS|>kht	x a t
<|FAS|>bhafrid	b e h ɑː f a ɾ iː d
<|FAS|>gw	ɡ o v
<|FAS|>iraq	j a ɾ ɑː ɢ
<|FAS|>nwishgrdani	n e v iː s e ɡ a ɾ d ɑː n iː
<|FAS|>mrdanh	m a ɾ d ɑː n a
<|FAS|>pnir	p a n i ɾ
<|FAS|>ashkal	a ʃ k ɑː l
<|FAS|>snm	s a n a m
<|FAS|>smnd	s a m a n d
<|FAS|>tar	t ɑː ɾ
<|FAS|>snan	s e n ɑː n
<|FAS|>jrfi	ʒ a ɾ f iː
<|FAS|>hkwmt	h o k uː m a t
<|FAS|>gwn	ɡ oː n
<|FAS|>drwdn	d o ɾ uː d a n
<|FAS|>sfinh	s a f i n a
<|FAS|>ashfth	ɑː ʃ u f t a
<|FAS|>swrta	s u ɾ a t iː
<|FAS|>asfhani	e s f a h ɑː n iː
<|FAS|>shm'dan	ʃ a m ʔ d ɑː n
<|FAS|>qfs	ɢ a f a s
<|FAS|>prwaz	p a ɾ v ɑː z
<|FAS|>rsanidn	ɾ a s ɑː n iː d a n
<|FAS|>an	t a n v i n
<|FAS|>gshadi	ɡ o ʃ ɑː d iː
<|FAS|>mihnprst	m i h a n p a ɾ a s t
<|FAS|>baghban	b ɑː ɢ b ɑː n
<|FAS|>afrng	a f ɾ a n ɡ
<|FAS|>dstgah	d a s t ɡ ɑː h
<|FAS|>andishidn	a n d e ʃ i d a n
<|FAS|>mrid	m a ɾ i z
<|FAS|>khak	x ɑː k
<|FAS|>dwgh	d oː ɢ
<|FAS|>niazha	n iː j ɑː z h ɑː
<|FAS|>sadq	s ɑː d i ɢ
<|FAS|>tqriba	t a ɢ ɾ iː b a n
<|FAS|>b'l	b a ʔ l
<|FAS|>ran	ɾ ɑː n
<|FAS|>nsrin	n a s ɾ iː n
<|FAS|>tazgi	t ɑː z a ɡ iː
<|FAS|>nwk	n v a k
<|FAS|>mjrd	m o d͡ʒ a ɾ ɾ a d
<|FAS|>hkm	h o k m
<|FAS|>whm	v a h m
<|FAS|>miladi	m iː l ɑː d iː
<|FAS|>thqiq	t a h ɢ i ɢ
<|FAS|>mwm	m uː m
<|FAS|>ntijh	n a t i d͡ʒ a
<|FAS|>digr	d i ɡ a ɾ
<|FAS|>pwr	p u ɾ
<|FAS|>zrshk	z e ɾ e ʃ k
<|FAS|>qimt	ɢ a j m a t
<|FAS|>shahd	ʃ ɑː h i d
<|FAS|>tchkmh	t͡ʃ a k m a
<|FAS|>abrsh	a b ɾ a ʃ
<|FAS|>qnd	ɢ a n d
<|FAS|>wzn	v a z n
<|FAS|>wzifh	v a z i f a
<|FAS|>mnasbt	m o n ɑː s e b a t
<|FAS|>bkhar	b o x ɑː ɾ
<|FAS|>zan	z ɑː n
<|FAS|>mdrsh	m a d ɾ a s a
<|FAS|>barwt	b ɑː ɾ uː t
<|FAS|>hshish	h a ʃ i ʃ
<|FAS|>aghil	ɑː ɢ iː l
<|FAS|>pstan	p e s t ɑː n
<|FAS|>shahanshah	ʃ ɑː h ɑː n ʃ ɑː h
<|FAS|>amrzidn	ɑː m u ɾ z iː d a n
<|FAS|>almwt	ʔ a l a m uː t
<|FAS|>shrab	ʃ a ɾ ɑː b
<|FAS|>shkaftn	ʃ e k ɑː f t a n
<|FAS|>khadh	x ɑː d a
<|FAS|>kbrit	k e b ɾ iː t
<|FAS|>nwrwz	n a v ɾ s z
<|FAS|>jstn	d͡ʒ a s t a n
<|FAS|>fdazman	f a z ɑː z a m ɑː n
<|FAS|>piamk	p a j ɑː m a k
<|FAS|>akhtrmar	a x t a ɾ m ɑː ɾ
<|FAS|>lwz	l a v z
<|FAS|>'qrb	ʔ a ɢ ɾ a b
<|FAS|>mrdangi	m a ɾ d ɑː n a ɡ iː
<|FAS|>lat	l ɑː t
<|FAS|>t'm	t a ʔ m
<|FAS|>khsis	x a s i s
<|FAS|>faslh	f ɑː s i l a
<|FAS|>baba	b ɑː b ɑː
<|FAS|>gnjshk	ɡ o n d͡ʒ e ʃ k
<|FAS|>pshmin	p a ʃ m iː n
<|FAS|>znanh	z a n ɑː n a
<|FAS|>alt	ɑː l a t
<|FAS|>shhwd	ʃ o h uː d
<|FAS|>mrasm	m a ɾ ɑː s i m
<|FAS|>skhtn	s o x t a n
<|FAS|>rishhshnasi	ɾ e ʃ a ʃ i n ɑː s iː
<|FAS|>adbiat	a d a b i j ɑː t
<|FAS|>shahkar	ʃ ɑː h k ɑː ɾ
<|FAS|>afsws	a f s oː s
<|FAS|>sh'bh	ʃ o ʔ b e
<|FAS|>qdimi	ɢ a d i m iː
<|FAS|>barwd	b ɑː ɾ uː d
<|FAS|>mian	m i j ɑː n
<|FAS|>qrmz	ɢ i ɾ m i z
<|FAS|>danshmnd	d ɑː n i ʃ m a n d
<|FAS|>prssh	p o ɾ s e ʃ
<|FAS|>gwhr	ɡ a v h a ɾ
<|FAS|>khz	x a z
<|FAS|>shkhs	ʃ a x s
<|FAS|>sjstan	s a d͡ʒ a s t ɑː n
<|FAS|>mshrk	m o ʃ ɾ e k
<|FAS|>prndh	p a ɾ a n d a
<|FAS|>andishh	a n d e ʃ a
<|FAS|>nshan	n e ʃ ɑː n
<|FAS|>shhr	ʃ a h ɾ
<|FAS|>dr	d a ɾ
<|FAS|>lhtha	l e h ɑː z ɑː
<|FAS|>zrawnd	z a ɾ ɑː v a n d
<|FAS|>bshqab	b o ʃ ɢ ɑː b
<|FAS|>sa'qh	s ɑː ʔ i ɢ a
<|FAS|>drban	d a ɾ b ɑː n
<|FAS|>japni	ʒ ɑː p u n iː
<|FAS|>dhstan	d e h e s t ɑː n
<|FAS|>t'rif	t a ʔ ɾ i f
<|FAS|>darm	d ɑː ɾ a m
<|FAS|>atsal	e t t e s ɑː l
<|FAS|>starhshnas	s e t ɑː ɾ e ʃ e n ɑː s
<|FAS|>mtfawt	m o t a f ɑː v e t
<|FAS|>twdri	t u d a ɾ iː
<|FAS|>fk	f a k
<|FAS|>arzidn	a ɾ z i d a n
<|FAS|>nriman	n a ɾ e m ɑː n
<|FAS|>shirintrin	ʃ iː ɾ iː n t a ɾ iː n
<|FAS|>amizsh	ɑː m iː z e ʃ
<|FAS|>danshgah	d ɑː n i ʃ ɡ ɑː h
<|FAS|>kwtchktr	k uː t ʃ e k t a ɾ
<|FAS|>khtm	x a t m
<|FAS|>sfid	s a f e d
<|FAS|>tshrih	t a ʃ ɾ e h
<|FAS|>karwrzi	k ɑː ɾ v a ɾ z iː
<|FAS|>khamwsh	x ɑː m oː ʃ
<|FAS|>trk	t a ɾ k
<|FAS|>bwzh	b oː z a
<|FAS|>gstrdh	ɡ o s t a ɾ d e
<|FAS|>psht	p o ʃ t e
<|FAS|>pwzkhnd	p uː z x a n d
<|FAS|>bitcharh	b e t͡ʃ ɑː ɾ a
<|FAS|>sqf	s a ɢ f
<|FAS|>hmsadh	h o m s ɑː d e
<|FAS|>dlgir	d e l ɡ iː ɾ
<|FAS|>wdwh	v o z uː h
<|FAS|>zwrmnd	z oː ɾ m a n d
<|FAS|>msafrt	m o s ɑː f e ɾ a t
<|FAS|>bariktr	b ɑː ɾ iː k t a ɾ
<|FAS|>athan	a z ɑː n
<|FAS|>hdadi	h a d ɑː d iː
<|FAS|>azgil	a z ɡ i l
<|FAS|>piwsidn	p a j oː s iː d a n
<|FAS|>abd	a b a d
<|FAS|>allhqli	a l l ɑː h ɢ u l iː
<|FAS|>salgi	s ɑː l a ɡ iː
<|FAS|>jwari	d͡ʒ o v ɑː ɾ iː
<|FAS|>drwghha	d o ɾ uː ɢ h ɑː
<|FAS|>diwan	d e v ɑː n
<|FAS|>tchghndr	t͡ʃ o ɢ o n d a ɾ
<|FAS|>mali	m ɑː l iː
<|FAS|>swz	s oː z
<|FAS|>gm	ɡ o m
<|FAS|>khsrwani	x o s ɾ a v ɑː n iː
<|FAS|>pnbh	p a m b e
<|FAS|>anar	a n ɑː ɾ
<|FAS|>rwzgar	ɾ oː z i ɡ ɑː ɾ
<|FAS|>tbqh	t a b a ɢ a
<|FAS|>madranh	m ɑː d a ɾ ɑː n a
<|FAS|>mnfi	m a n f iː
<|FAS|>khwk	x uː k
<|FAS|>mshki	m e ʃ k iː
<|FAS|>grm	ɡ a ɾ m
<|FAS|>nirwmnd	n iː ɾ uː m a n d
<|FAS|>asman	ɑː s i m ɑː n
<|FAS|>bli	b a l e
<|FAS|>dl	d e l
<|FAS|>bin	b a j n
<|FAS|>aspris	ʔ e s p a ɾ e s
<|FAS|>khtnhgah	x a t n a ɡ ɑː h
<|FAS|>zsht	z e ʃ t
<|FAS|>b'da	b a ʔ d a n
<|FAS|>atraq	o t ɾ ɑː ɢ
<|FAS|>mrdmshnas	m a ɾ d u m ʃ i n ɑː s
<|FAS|>zndani	z e n d ɑː n iː
<|FAS|>gstrdn	ɡ o s t a ɾ d a n
<|FAS|>fsil	f o s iː l
<|FAS|>b'd	b a ʔ d
<|FAS|>sakhtman	s ɑː x t i m ɑː n
<|FAS|>khwn	x u n
<|FAS|>ast'dad	e s t e ʔ d ɑː d
<|FAS|>frazmini	f a ɾ ɑː z a m iː n iː
<|FAS|>krshn	k ɾ i ʃ n
<|FAS|>tmam	t a m ɑː m
<|FAS|>pl	p o l
<|FAS|>bhth	b a h s
<|FAS|>jhan	d͡ʒ a h ɑː n
<|FAS|>alqa'dh	a l ɢ ɑː ʔ i d a
<|FAS|>rhbr	ɾ a h b a ɾ
<|FAS|>hng	h a n ɡ
<|FAS|>arpa	ɑː ɾ p ɑː
<|FAS|>mhbwb	m a h b u b
<|FAS|>ablis	e b l iː s
<|FAS|>frmandh	f a ɾ m ɑː n d i h
<|FAS|>afsanh	a f s ɑː n a
<|FAS|>zbanha	z a b ɑː n h ɑː
<|FAS|>bidh	b a j z a
<|FAS|>ajtma'	e d͡ʒ t e m ɑː ʔ
<|FAS|>ms	m e s
<|FAS|>dwrh	d a v ɾ a
<|FAS|>klfkhshng	k a l a f a x ʃ a n ɡ
<|FAS|>fhm	f a h m
<|FAS|>shhrzad	ʃ a h ɾ z ɑː d
<|FAS|>tazhtr	t ɑː z e t a ɾ
<|FAS|>tiz	t e z
<|FAS|>khrbwzh	x a ɾ b u z a
<|FAS|>albth	a l b a t t a
<|FAS|>khndh	x a n d a
<|FAS|>awazh	ɑː v ɑː z a
<|FAS|>ajr	ɑː d͡ʒ u ɾ
<|FAS|>kar	k ɑː ɾ
<|FAS|>rndidn	ɾ a n d i d a n
<|FAS|>amsal	e m s ɑː l
<|FAS|>ardw	o ɾ d uː
<|FAS|>mghazh	m a ɢ ɑː z a
<|FAS|>srjwkhh	s a ɾ d͡ʒ u x a
<|FAS|>mjmw'h	m a d͡ʒ m u ʔ a
<|FAS|>sn'ti	s a n ʔ a t iː
<|FAS|>ziwidn	z iː v iː d a n
<|FAS|>rahb	ɾ ɑː h i b
<|FAS|>krs	k e ɾ s
<|FAS|>m'rwf	m a ʔ ɾ u f
<|FAS|>asb	a s b
<|FAS|>pirtr	p iː ɾ t a ɾ
<|FAS|>khwastar	x ɑː s t ɑː ɾ
<|FAS|>shiraz	ʃ e ɾ ɑː z
<|FAS|>kmmaih	k a m m ɑː j a
<|FAS|>znjbil	z a n d͡ʒ a b iː l
<|FAS|>fwj	f a v d͡ʒ
<|FAS|>fayedh	f ɑː ʔ e d e
<|FAS|>khwrdn	x o ɾ d a n
<|FAS|>rkham	ɾ o x ɑː m
<|FAS|>ajaq	o d͡ʒ ɑː ɢ
<|FAS|>qhwhi	ɢ a h v a ʔ iː
<|FAS|>mthhbi	m a z h a b iː
<|FAS|>ahar	ɑː h ɑː ɾ
<|FAS|>farsi	f ɑː ɾ s iː
<|FAS|>rmdan	ɾ a m a z ɑː n
<|FAS|>ma	m ɑː
<|FAS|>bam	b ɑː m
<|FAS|>tchnankh	t͡ʃ o n ɑː n k e
<|FAS|>hwapima	h a v ɑː p a j m ɑː
<|FAS|>arami	ɑː ɾ ɑː m iː
<|FAS|>pwdnh	p u d i n a
<|FAS|>dh	d a h
<|FAS|>shpshha	ʃ e p e ʃ h ɑː
<|FAS|>khatrh	x ɑː t i ɾ a
<|FAS|>nh	n o h
<|FAS|>mjsmh	m o d͡ʒ a s s a m e
<|FAS|>fghfwr	f a ɢ f uː ɾ
<|FAS|>mthal	m e s ɑː l
<|FAS|>t'arf	t a ʔ ɑː ɾ u f
<|FAS|>khamh	x ɑː m a
<|FAS|>bsth	b a s t a
<|FAS|>nist	n e s t
<|FAS|>mla	m o l ɑː
<|FAS|>mn'	m a n ʔ
<|FAS|>iran	e ɾ ɑː n
<|FAS|>qasdk	ɢ ɑː s i d a k
<|FAS|>afzwdn	a f z u d a n
<|FAS|>hndw	h e n d uː
<|FAS|>mjbwr	m a d͡ʒ b u ɾ
<|FAS|>iranian	iː ɾ ɑː n i j ɑː n
<|FAS|>bamzhtrin	b ɑː m a z e t a ɾ iː n
<|FAS|>shishh	ʃ i ʃ a
<|FAS|>kalifrnia	k ɑː l iː f o r n i j ɑː
<|FAS|>khili	x a j l e
<|FAS|>qfl	ɢ u f l
<|FAS|>fahsh	f ɑː h e ʃ
<|FAS|>zrf	z a ɾ f
<|FAS|>salar	s ɑː l ɑː ɾ
<|FAS|>shrkt	ʃ e ɾ k a t
<|FAS|>hrmz	h o ɾ m o z
<|FAS|>nghz	n a ɢ z
<|FAS|>kabl	k ɑː b u l
<|FAS|>namwr	n ɑː m v a ɾ
<|FAS|>khza'i	x a z ɑː ʔ iː
<|FAS|>'sl	a s a l
<|FAS|>shlwar	ʃ a l v ɑː ɾ
<|FAS|>khrws	x o ɾ uː s
<|FAS|>pashidn	p ɑː ʃ iː d a n
<|FAS|>tchahkwr	t͡ʃ ɑː h k a v ɾ
<|FAS|>hrzgi	h a ɾ z a ɡ iː
<|FAS|>nshlidn	n e ʃ e l iː d a n
<|FAS|>jam'hshnas	d͡ʒ ɑː m i ʔ a ʃ i n ɑː s
<|FAS|>khatwn	x ɑː t uː n
<|FAS|>qbrstan	ɢ a b ɾ i s t ɑː n
<|FAS|>bhar	b a h ɑː ɾ
<|FAS|>karzar	k ɑː ɾ z ɑː ɾ
<|FAS|>sham	ʃ ɑː m
<|FAS|>plan	p e l ɑː n
<|FAS|>hndi	h e n d iː
<|FAS|>amshb	e m ʃ a b
<|FAS|>twsih	t a v s i j a
<|FAS|>ashwbha	ɑː ʃ uː b h ɑː
<|FAS|>iilaq	j a j l ɑː ɢ
<|FAS|>tkrar	t a k ɾ ɑː ɾ
<|FAS|>wsi'	v a s e ʔ
<|FAS|>qalb	ɢ ɑː l i b
<|FAS|>khis	x iː s
<|FAS|>amrwz	e m ɾ uː z
<|FAS|>bsiar	b e s j ɑː ɾ
<|FAS|>digdan	d e ɡ d ɑː n
<|FAS|>mikhi	m iː x iː
<|FAS|>aspghwl	e s p a ɢ uː l
<|FAS|>nwshidni	n u ʃ i d a n iː
<|FAS|>zrh	z e ɾ e h
<|FAS|>'fw	ʔ a f v
<|FAS|>hrfh	h e ɾ f e
<|FAS|>gwz	ɡ a v z
<|FAS|>gzardn	ɡ o z ɑː ɾ d a n
<|FAS|>khtnh	x a t n e
<|FAS|>bndr	b a n d a ɾ
<|FAS|>shghal	ʃ o ɢ ɑː l
<|FAS|>nkwnam	n e k uː n ɑː m
<|FAS|>ghalb	ɢ ɑː l e b
<|FAS|>t'zim	t a ʔ z i m
<|FAS|>nahid	n ɑː h iː d
<|FAS|>bhtrin	b e h t a ɾ i n
<|FAS|>astiwn	e s t iː v e n
<|FAS|>pishani	p e ʃ ɑː n iː
<|FAS|>sahl	s ɑː h i l
<|FAS|>ansan	e n s ɑː n
<|FAS|>athrbaijan	ɑː z a ɾ b ɑː j d͡ʒ ɑː n
<|FAS|>badbani	b ɑː d b ɑː n iː
<|FAS|>frwdgah	f o ɾ uː d ɡ ɑː h
<|FAS|>hfthha	h a f t e h ɑː
<|FAS|>ipk	j e p a k
<|FAS|>aspst	a s p i s t
<|FAS|>snbwsh	s a m b oː s a
<|FAS|>hsn	h a s a n
<|FAS|>baf	b ɑː f
<|FAS|>tqwit	t a ɢ v i j a t
<|FAS|>khwastn	x ɑː s t a n
<|FAS|>paigah	p ɑː j i ɡ ɑː h
<|FAS|>tbdil	t a b d i l
<|FAS|>ghlami	ɢ o l ɑː m iː
<|FAS|>shdni	ʃ o d a n iː
<|FAS|>amthan	e m t e h ɑː n
<|FAS|>khndan	x a n d ɑ n
<|FAS|>ahtiaj	e h t i j ɑː d͡ʒ
<|FAS|>qitchi	ɢ a j t͡ʃ iː
<|FAS|>swkh	s oː x
<|FAS|>athbat	e s b ɑː t
<|FAS|>baist	b ɑː j e s t
<|FAS|>mt'lq	m o t a ʔ a l l e ɢ
<|FAS|>atfaq	e t t e f ɑː ɢ
<|FAS|>njstrin	n a d ʒ a s t a ɾ iː n
<|FAS|>ljn	l a d͡ʒ a n
<|FAS|>gik	ɡ iː k
<|FAS|>tjrbi	t a d ʒ ɾ o b iː
<|FAS|>tqwim	t a ɢ v i m
<|FAS|>zir	z e ɾ
<|FAS|>ahmdinjad	a h m a d i n i ʒ ɑː d
<|FAS|>r'd	ɾ a ʔ d
<|FAS|>athrkhsh	ɑː z a ɾ a x ʃ
<|FAS|>wzgh	v a z a ɢ
<|FAS|>thfh	t o h f e
<|FAS|>mwmiaii	m oː m i j ɑː j iː
<|FAS|>jzirh	d͡ʒ a z i ɾ a
<|FAS|>thran	t a h ɾ ɑː n
<|FAS|>mrdm	m a ɾ d u m
<|FAS|>adm	ɑː d a m
<|FAS|>t'dad	t e ʔ d ɑː d
<|FAS|>grzh	ɡ o ɾ z e
<|FAS|>krdi	k o ɾ d iː
<|FAS|>paiiz	p ɑː iː z
<|FAS|>nqth	n o ɢ t e
<|FAS|>shnbh	ʃ a n b a
<|FAS|>khwajh	x ɑː d͡ʒ a
<|FAS|>naqs	n ɑː ɢ i s
<|FAS|>hwl	h a v l
<|FAS|>ardh	a ɾ d a
<|FAS|>wqti	v a ɢ t e
<|FAS|>khwdnwis	x o d n e v iː s
<|FAS|>tchshman	t ʃ e ʃ m ɑː
<|FAS|>msharkt	m o ʃ ɑː ɾ e k a t
<|FAS|>khndidn	x a n d i d a n
<|FAS|>qid	ɢ e j d
<|FAS|>'mr	o m a ɾ
<|FAS|>qatchaqtchi	ɢ ɑː t͡ʃ ɑː ɢ t͡ʃ iː
<|FAS|>malh	m ɑː l a
<|FAS|>bw	b oː
<|FAS|>twr	t a v ɾ
<|FAS|>mwmn	m o ʔ m e n
<|FAS|>bi'rdh	b e u ɾ z a
<|FAS|>pristan	p a ɾ i j i s t ɑː n
<|FAS|>saih	s ɑː j a
<|FAS|>gwshwarh	ɡ oː ʃ v ɑː ɾ a
<|FAS|>shitani	ʃ a j t ɑː n iː
<|FAS|>tshih	t a s h e h
<|FAS|>ra	ɾ ɑː
<|FAS|>janbaz	d͡ʒ ɑː m b ɑː z
<|FAS|>mwlana	m o v l ɑː n ɑː
<|FAS|>knj	k o n d͡ʒ
<|FAS|>skht	s a x t
<|FAS|>abshar	ɑː b ʃ ɑː ɾ
<|FAS|>glpr	ɡ o l p a ɾ
<|FAS|>gndm	ɡ a n d u m
<|FAS|>shklati	ʃ o k o l ɑ t i
<|FAS|>sim	s e j o m
<|FAS|>napsnd	n ɑː p a s a n d
<|FAS|>shkstni	ʃ i k a s t a n iː
<|FAS|>rwaq	ɾ e v ɑː ɢ
<|FAS|>gshadn	ɡ o ʃ ɑː d a n
<|FAS|>m'dni	m a ʔ d a n iː
<|FAS|>rajstan	ɾ ɑː d͡ʒ a s t a n
<|FAS|>rwnq	ɾ a v n a ɢ
<|FAS|>spndan	s e p a n d ɑː n
<|FAS|>tchamhsraii	t͡ʃ ɑː m a s a ɾ ɑː j iː
<|FAS|>gra	ɡ a ɾ ɑː
<|FAS|>qadi	ɢ ɑː z iː
<|FAS|>raht	ɾ ɑː h a t
<|FAS|>arzsh	a ɾ z i ʃ
<|FAS|>khstgi	x a s t i ɡ iː
<|FAS|>rh	r a h
<|FAS|>antqad	e n t e ɢ ɑː d
<|FAS|>garaj	ɡ ɑː ɾ ɑː ʒ
<|FAS|>rabt	ɾ ɑː b i t
<|FAS|>nwshidn	n oː ʃ iː d a n
<|FAS|>blg	b a l ɡ
<|FAS|>slh	s u l h
<|FAS|>shirin	ʃ i ɾ i n
<|FAS|>kharji	x ɑː ɾ i d͡ʒ iː
<|FAS|>jdid	d͡ʒ a d i d
<|FAS|>'adi	ʔ ɑː d iː
<|FAS|>shksthnst'liq	ʃ e k a s t e n a s t a ʔ l iː ɢ
<|FAS|>palaish	p ɑː l ɑː j i ʃ
<|FAS|>khwshgl	x o ʃ ɡ e l
<|FAS|>jaj	ʒ ɑː ʒ
<|FAS|>frwrdin	f a ɾ v a ɾ d iː n
<|FAS|>asl	a s l
<|FAS|>zwjit	z a v d͡ʒ i j a t
<|FAS|>mwz	m a v z
<|FAS|>samanh	s ɑː m ɑː n a
<|FAS|>in	e n
<|FAS|>nan	n ɑː n
<|FAS|>slslh	s e l s e l e
<|FAS|>zwal	z a v ɑː l
<|FAS|>htma	h a t m a n
<|FAS|>akhbar	a x b ɑː ɾ
<|FAS|>n'wz	n o ʔ uː z
<|FAS|>aghaz	ɑː ɢ ɑː z
<|FAS|>astqbal	e s t e ɢ b ɑː l
<|FAS|>shida	ʃ e j d ɑː
<|FAS|>mhbt	m a h a b b a t
<|FAS|>marmwlk	m ɑː ɾ m uː l a k
<|FAS|>pshiman	p a ʃ iː m ɑː n
<|FAS|>kwtah	k oː t ɑː h
<|FAS|>dstar	d a s t ɑː ɾ
<|FAS|>tb	t e b
<|FAS|>sng	s a n ɡ
<|FAS|>qt'	ɢ a t ʔ
<|FAS|>khwah	x ɑː h
<|FAS|>qsm	ɢ a s a m
<|FAS|>tchapgr	t͡ʃ ɑː p ɡ a ɾ
<|FAS|>srai	s a ɾ ɑː j
<|FAS|>sfarshi	s e f ɑː ɾ e ʃ iː
<|FAS|>akhraj	e x ɾ ɑː d͡ʒ
<|FAS|>amd	ɑː m a d
<|FAS|>rng	ɾ a n ɡ
<|FAS|>nfrin	n e f ɾ iː n
<|FAS|>khal	x ɑː l
<|FAS|>jwrab	d ʒ oː ɾ ɑː b
<|FAS|>hmh	h a m e
<|FAS|>bini	b i n iː
<|FAS|>frshth	f a ɾ i ʃ t a
<|FAS|>simab	s i m ɑː b
<|FAS|>m'dh	m e ʔ d a
<|FAS|>qwnih	ɢ u n i j a
<|FAS|>mntqd	m o n t a ɢ e d
<|FAS|>astbl	e s t a b l
<|FAS|>iasa'	j ɑː s ɑː ʔ
<|FAS|>pshtwn	p a ʃ t uː n
<|FAS|>kmk	k o m a k
<|FAS|>ashti	ɑː ʃ t iː
<|FAS|>tqsir	t a ɢ s iː ɾ
<|FAS|>bijadh	b i d͡ʒ ɑː d i
<|FAS|>shb'di	s e b o ʔ d iː
<|FAS|>znangi	z a n ɑː n a ɡ iː
<|FAS|>kmantchh	k a m ɑː n t͡ʃ a
<|FAS|>arzw	ɑː ɾ i z uː
<|FAS|>'ft	ʔ e f f a t
<|FAS|>kwzh	k u z a
<|FAS|>silas	s iː l ɑː s
<|FAS|>shmarh	ʃ o m ɑː ɾ e
<|FAS|>ahwramzda	a h u ɾ ɑː m a z d ɑː
<|FAS|>pighambr	p a j ɢ ɑː m b a ɾ
<|FAS|>hq	h a ɢ ɢ
<|FAS|>mjdh	m o ʒ d e
<|FAS|>razi	ɾ ɑː z iː
<|FAS|>snf	s a n f
<|FAS|>akhth	ʔ a x z
<|FAS|>mwtr	m oː t a ɾ
<|FAS|>wfat	v a f ɑː t
<|FAS|>nzdiktr	n a z d iː k t a ɾ
<|FAS|>khdaii	x o d ɑː j iː
<|FAS|>nzdik	n a z d i k
<|FAS|>ward	v ɑː ɾ e d
<|FAS|>srfraz	s a ɾ f a ɾ ɑː z
<|FAS|>wjwdi	v o d͡ʒ uː d iː
<|FAS|>hlw	h o l uː
<|FAS|>mshklha	m o ʃ k e l h ɑː
<|FAS|>jrf	ʒ a ɾ f
<|FAS|>pishtaz	p e ʃ t ɑː z
<|FAS|>frarwd	f a ɾ ɑː ɾ uː d
<|FAS|>khshab	x e ʃ ɑː b
<|FAS|>mnijh	m a n iː ʒ a
<|FAS|>rd	ɾ a d d
<|FAS|>tchhar	t͡ʃ a h ɑː ɾ
<|FAS|>swgnd	s a v ɡ a n d
<|FAS|>shtrghar	ʃ o t o ɾ ɢ ɑː ɾ
<|FAS|>shwrba	ʃ oː ɾ b ɑː
<|FAS|>khaqan	x ɑː ɢ ɑː n
<|FAS|>tshkil	t a ʃ k i l
<|FAS|>swi	s oː j
<|FAS|>asphsalar	ʔ e s p a h s ɑː l ɑː ɾ
<|FAS|>tziin	t a z j i n
<|FAS|>madr	m ɑː d a ɾ
<|FAS|>astqlal	e s t e ɢ l ɑː l
<|FAS|>knjkaw	k o n d͡ʒ k ɑː v
<|FAS|>framwshi	f a ɾ ɑː m oː ʃ iː
<|FAS|>pwshak	p oː ʃ ɑː k
<|FAS|>aslamgra	e s l ɑː m ɡ a ɾ ɑː
<|FAS|>anglis	ʔ e n ɡ e l iː s
<|FAS|>khwansh	x ɑː n e ʃ
<|FAS|>khwish	x e ʃ
<|FAS|>rwmi	ɾ oː m iː
<|FAS|>khwanndh	x ɑː n a n d a
<|FAS|>sazsh	s ɑː z i ʃ
<|FAS|>khzndgan	x a z a n d e ɡ ɑː n
<|FAS|>msr	m e s ɾ
<|FAS|>tkih	t a k j a
<|FAS|>khanwadh	x ɑː n a v ɑː d a
<|FAS|>qbla	ɢ a b l a n
<|FAS|>khwnshnasi	x u n ʃ i n ɑː s iː
<|FAS|>srmh	s a ɾ m a
<|FAS|>flakhn	f a l ɑː x a n
<|FAS|>drfsh	d a ɾ a f ʃ
<|FAS|>alalh	ɑː l ɑː l a
<|FAS|>trsidn	t a ɾ s i d a n
<|FAS|>athit	a z i j a t
<|FAS|>khsran	x o s ɾ ɑː n
<|FAS|>iganh	j a ɡ ɑː n a
<|FAS|>t'jb	t a ʔ a d d͡ʒ u b
<|FAS|>bishh	b e ʃ a
<|FAS|>jshn	d͡ʒ a ʃ n
<|FAS|>khsthkhanh	x a s t a x ɑː n a
<|FAS|>adinh	ɑː d iː n a
<|FAS|>biwr	b e v a ɾ
<|FAS|>nazk	n ɑː z u k
<|FAS|>srkh	s o ɾ x
<|FAS|>mrg	m a ɾ ɡ
<|FAS|>ram	ɾ ɑː m
<|FAS|>azmwdn	ɑː z m uː d a n
<|FAS|>mnzl	m a n z i l
<|FAS|>shhwt	ʃ a h v a t
<|FAS|>bi	b e
<|FAS|>art'ash	e ɾ t e ʔ ɑː ʃ
<|FAS|>antshar	e n t e ʃ ɑː ɾ
<|FAS|>bzaq	b o z ɑː ɢ
<|FAS|>qimti	ɢ a j m a t iː
<|FAS|>bimartr	b iː m ɑː ɾ t a ɾ
<|FAS|>qtr	ɢ a t a ɾ
<|FAS|>tajikstan	t ɑː d͡ʒ iː k i s t ɑː n
<|FAS|>darwsaz	d ɑː ɾ uː s ɑː z
<|FAS|>dnidn	d a n iː d a n
<|FAS|>shghalha	ʃ o ɢ ɑː l ɑː
<|FAS|>kh	k e
<|FAS|>danstn	d uː n e s t a n
<|FAS|>mizan	m i z ɑ n
<|FAS|>shtrgawplng	ʃ o t o ɾ ɡ ɑː v p a l a n ɡ
<|FAS|>mwrtchh	m oː ɾ t͡ʃ a
<|FAS|>kasb	k ɑː s i b
<|FAS|>didn	d i d a n
<|FAS|>gthshtn	ɡ o z a ʃ t a n
<|FAS|>mrba	m o r a b b ɑ
<|FAS|>rm	ɾ a m
<|FAS|>iar	j ɑː ɾ
<|FAS|>khshwnt	x o ʃ uː n a t
<|FAS|>mqdmati	m o ɢ a d d a m ɑː t iː
<|FAS|>tmthil	t a m s i l
<|FAS|>dqt	d e ɢ ɢ a t
<|FAS|>prndwsh	p a ɾ a n d oː ʃ
<|FAS|>midan	m a j d ɑː n
<|FAS|>snwbr	s a n a v b a ɾ
<|FAS|>glstan	ɡ o l e s t ɑː n
<|FAS|>akhwnd	ɑː x uː n d
<|FAS|>milad	m e l ɑː d
<|FAS|>frzndkhwandh	f a ɾ z a n d x ɑː n d a
<|FAS|>atchar	ɑː t͡ʃ ɑː ɾ
<|FAS|>saln	s ɑː l o n
<|FAS|>khwshbkht	x o ʃ b a x t
<|FAS|>mkhtlt	m o x t a l e t
<|FAS|>sfarsh	s e f ɑː ɾ e ʃ
<|FAS|>msdr	m a s d a ɾ
<|FAS|>nzr	n a z a ɾ
<|FAS|>jrftr	ʒ a ɾ f t a ɾ
<|FAS|>shad	ʃ ɑː d
<|FAS|>khfgi	x a f i ɡ iː
<|FAS|>w'dh	v a ʔ d a
<|FAS|>tdrij	t a d ɾ i d͡ʒ
<|FAS|>qlawz	ɢ u l ɑː v u z
<|FAS|>mqds	m o ɢ a d d a s
<|FAS|>naraht	n ɑː ɾ ɑː h a t
<|FAS|>ghar	ɢ ɑː ɾ
<|FAS|>asan	ɑː s ɑː n
<|FAS|>jwhr	d͡ʒ a v h a ɾ
<|FAS|>araish	ɑː ɾ ɑː j i ʃ
<|FAS|>bhbwd	b e h b uː d
<|FAS|>srwr	s a ɾ v a ɾ
<|FAS|>ashtbah	e ʃ t e b ɑː h
<|FAS|>frd	f a ɾ d
<|FAS|>gwashtn	ɡ o v ɑː ʃ t a n
<|FAS|>wiraish	v i ɾ ɑː j i ʃ
<|FAS|>wl	v e l
<|FAS|>klp	k l a p
<|FAS|>gwish	ɡ oː j i ʃ
<|FAS|>anfjar	e n f e d͡ʒ ɑː ɾ
<|FAS|>rwadid	r a v ɑː d iː d
<|FAS|>arg	o ɾ ɡ
<|FAS|>khzan	x a z ɑː n
<|FAS|>tfsidn	t a f s i d a n
<|FAS|>grdn	ɡ a ɾ d a n
<|FAS|>nwkr	n a v k a r
<|FAS|>admha	ɑː d a m h ɑː
<|FAS|>tchwp	t͡ʃ oː p
<|FAS|>pri	p a ɾ iː
<|FAS|>klng	k o l o n ɡ
<|FAS|>sadhtr	s ɑː d e t a ɾ
<|FAS|>drbarh	d a ɾ b ɑː ɾ a j i
<|FAS|>pnhan	p e n h uː n
<|FAS|>khlaf	x e l ɑː f
<|FAS|>qdr	ɢ a d a ɾ
<|FAS|>astkhwan	o s t o x ɑː n
<|FAS|>shwq	ʃ a v ɢ
<|FAS|>pnjshir	p a n d͡ʒ ʃ e ɾ
<|FAS|>atminan	e t m iː n ɑː n
<|FAS|>saz	s ɑː z
<|FAS|>natwan	n ɑː t a v ɑː n
<|FAS|>narnj	n ɑː ɾ a n d͡ʒ
<|FAS|>pthirftn	p a z i ɾ u f t a n
<|FAS|>gaz	ɡ ɑː z
<|RUS|>yavstvenno	j a f s t vʲ i n a
<|RUS|>gomer	ɡ a mʲ e r
<|RUS|>spletavshy	s p lʲ i t a f ʂ i j
<|RUS|>usynovlyaite	u s i n a v lʲ a j tʲ e
<|RUS|>lda	lʲ d a
<|RUS|>prozvuchish	p r a z v u t͡ɕ i ʂ
<|RUS|>satirakh	s a tʲ i r a x
<|RUS|>remiksov	rʲ i mʲ i k s a f
<|RUS|>zaleplyayu	z a lʲ i p lʲ a j u
<|RUS|>absorbirovaniyami	a p s a r bʲ i r a v a nʲ i j a mʲ i
<|RUS|>plavkoyu	p ɫ a f k a j u
<|RUS|>zashumit	z a ʂ u mʲ i t
<|RUS|>muzhenenavistnichestvam	m u ʐ i nʲ i n a vʲ i sʲ nʲ i t͡ɕ i s t v a m
<|RUS|>zolotistym	z a ɫ a tʲ i s t i m
<|RUS|>katerochkakh	k a tʲ i r o t͡ɕ k a x
<|RUS|>smeyalos	s mʲ i j a ɫ a sʲ
<|RUS|>zamyslu	z a m i s ɫ u
<|RUS|>semiugolnika	sʲ i mʲ i u ɡ o lʲ nʲ i k a
<|RUS|>prisyagnuvshi	p rʲ i sʲ i ɡ n u f ʂ i
<|RUS|>ponosyat	p a n o sʲ a t
<|RUS|>izuchites	i z u t͡ɕ i tʲ i sʲ
<|RUS|>pomoikoyu	p a m o j k a j u
<|RUS|>anglitsizatsieyu	a n ɡ lʲ i t͡s i z a t͡s i j i j u
<|RUS|>pryshchavyi	p r i ɕː a v i j
<|RUS|>usopla	u s o p ɫ a
<|RUS|>poletat	p a lʲ i t a tʲ
<|RUS|>ukutyvayushchy	u k u t i v a j u ɕː i j
<|RUS|>murui	m u r u j
<|RUS|>summiruesh	s u mʲ i r u j i ʂ
<|RUS|>sekta	sʲ e k t a
<|RUS|>zakleite	z a k lʲ e j tʲ e
<|RUS|>amilazoi	a mʲ i ɫ a z a j
<|RUS|>posodeistvovat	p a s a dʲ e j s t v a v a tʲ
<|RUS|>opyanivshy	a p ⁽ʲ ⁾ j i nʲ i f ʂ i j
<|RUS|>zagovarivaites	z a ɡ a v a rʲ i v a j tʲ i sʲ
<|RUS|>uzhestocheniya	u ʐ i s t a t͡ɕ e nʲ i j a
<|RUS|>raspravakh	r a s p r a v a x
<|RUS|>letnyi	lʲ e t n i j
<|RUS|>dubu	d u b u
<|RUS|>zagadit	z a ɡ a dʲ i t
<|RUS|>propitaites	p r a pʲ i t a j tʲ i sʲ
<|RUS|>otschetakh	a t͡ɕ ɕː o t a x
<|RUS|>desnitsu	dʲ i sʲ nʲ i t͡s u
<|RUS|>obuevala	a b u j i v a ɫ a
<|RUS|>vertlug	vʲ i r t ɫ u k
<|RUS|>navevavshy	n a vʲ i v a f ʂ i j
<|RUS|>poligrafiyakh	p a lʲ i ɡ r a fʲ i j a x
<|RUS|>zapadaesh	z a p a d a j i ʂ
<|RUS|>dozreyu	d a z rʲ e j u
<|RUS|>vzyskivaete	v z i s kʲ i v a j i tʲ e
<|RUS|>izyanami	i z j a n a mʲ i
<|RUS|>metafiziku	mʲ i t a fʲ i zʲ i k u
<|RUS|>veseleesh	vʲ i sʲ i lʲ e j i ʂ
<|RUS|>tekhnokratiyu	tʲ i x n a k r a tʲ i j u
<|RUS|>prigorodom	p rʲ i ɡ a r a d a m
<|RUS|>pionerov	pʲ i a nʲ e r a f
<|RUS|>poruchitelstvom	p a r u t͡ɕ i tʲ i lʲ s t v a m
<|RUS|>gostyakh	ɡ o sʲ tʲ j a x
<|RUS|>podtyagivayus	p a tʲː a ɡʲ i v a j u sʲ
<|RUS|>prischityvai	p rʲ i ɕː i t i v a j
<|RUS|>ottayalo	a t a j i ɫ a
<|RUS|>opushalas	a p u ʂ a ɫ a sʲ
<|RUS|>poklonnichestvo	p a k ɫ o nʲ i t͡ɕ i s t v a
<|RUS|>ablautov	a b ɫ a u t a f
<|RUS|>otekayu	a tʲ i k a j u
<|RUS|>stipendy	sʲ tʲ i pʲ e nʲ dʲ i j
<|RUS|>kromkoi	k r o m k a j
<|RUS|>vlyapalsya	v lʲ a p a ɫ s ⁽ʲ ⁾ a
<|RUS|>uverovat	u vʲ e r a v a tʲ
<|RUS|>tusknevshi	t u s k nʲ e f ʂ i
<|RUS|>prokalyvaesh	p r a k a ɫ i v a j i ʂ
<|RUS|>skonfuzyat	s k a n f u zʲ a t
<|RUS|>izvinyali	i z vʲ i nʲ a lʲ i
<|RUS|>pofigizmami	p a fʲ i ɡʲ i z m a mʲ i
<|RUS|>murzikami	m u r zʲ i k a mʲ i
<|RUS|>rekvizitsiyami	rʲ i k vʲ i zʲ i t͡s i j a mʲ i
<|RUS|>administratsiyakh	a d mʲ i nʲ i s t r a t͡s i j a x
<|RUS|>ottashchila	a t a ɕː i ɫ a
<|RUS|>srodnivshy	s r a dʲ nʲ i f ʂ i j
<|RUS|>nedolyublivaite	nʲ i d a lʲ u b lʲ i v a j tʲ e
<|RUS|>mnozhitsya	m n o ʐ i t͡s a
<|RUS|>nardy	n a r d i
<|RUS|>isteki	i sʲ tʲ i kʲ i
<|RUS|>pravookhranitelnyi	p r a v a a x r a nʲ i tʲ i lʲ n i j
<|RUS|>vyskablivaya	v i s k a b lʲ i v a j a
<|RUS|>audite	a u dʲ i tʲ e
<|RUS|>obvil	a b vʲ i ɫ
<|RUS|>shepnuv	ʂ i p n u f
<|RUS|>gorkoi	ɡ o r k a j
<|RUS|>fleksiynyi	f lʲ i k sʲ i j n i j
<|RUS|>svyatoyu	s vʲ i t o j u
<|RUS|>kastanety	k a s t a nʲ j e t i
<|RUS|>podeistvovat	p a dʲ e j s t v a v a tʲ
<|RUS|>kebabakh	kʲ i b a b a x
<|RUS|>ozhivlyaites	a ʐ i v lʲ a j tʲ i sʲ
<|RUS|>osklablyayu	a s k ɫ a b lʲ a j u
<|RUS|>uklonenii	u k ɫ a nʲ e nʲ i i
<|RUS|>adekvatnostyakh	a d i k v a t n a sʲ tʲ a x
<|RUS|>analiziruet	a n a lʲ i zʲ i r u j i t
<|RUS|>lososya	ɫ a s o sʲ a
<|RUS|>babosam	b a b o s a m
<|RUS|>vosstanut	v a s t a n u t
<|RUS|>krasiv	k r a sʲ i f
<|RUS|>chaikovsky	t͡ɕ i j k o f s kʲ i j
<|RUS|>asinkhronnyi	a sʲ i n x r o n i j
<|RUS|>mirovymi	mʲ i r a v i mʲ i
<|RUS|>vakansiyu	v a k a n ⁽ʲ ⁾ sʲ i j u
<|RUS|>vodyanogo	v a dʲ i n o v a
<|RUS|>obrosshy	a b r o ʂ i j
<|RUS|>tekilakh	tʲ i kʲ i ɫ a x
<|RUS|>nasazhdavshi	n a s a ʐ d a f ʂ i
<|RUS|>disketakh	dʲ i s kʲ e t a x
<|RUS|>priplyasyvat	p rʲ i p lʲ a s i v a tʲ
<|RUS|>plesh	p lʲ e ʂ
<|RUS|>predyavitsya	p rʲ i d j a vʲ i t͡s a
<|RUS|>razmyagchaemyi	r a z mʲ i x t͡ɕ a j i m i j
<|RUS|>zapryagut	z a p rʲ i ɡ u t
<|RUS|>nastuchav	n a s t u t͡ɕ a f
<|RUS|>guberniyakh	ɡ u bʲ e r nʲ i j a x
<|RUS|>unesetes	u nʲ i sʲ o tʲ i sʲ
<|RUS|>raskachivaemsya	r a s k a t͡ɕ i v a j i m sʲ a
<|RUS|>bolnai	b a lʲ n a i
<|RUS|>pomazannikov	p a m a z a nʲ i k a f
<|RUS|>numeratsiei	n u mʲ i r a t͡s i j i j
<|RUS|>izgotovleniem	i z ɡ a t a v lʲ e nʲ i j i m
<|RUS|>derzhava	dʲ i r ʐ a v a
<|RUS|>umirish	u mʲ i rʲ i ʂ
<|RUS|>ubezhim	u bʲ i ʐ i m
<|RUS|>dovodyat	d a v o dʲ a t
<|RUS|>otbudte	a d b u tʲː e
<|RUS|>khity	xʲ i t i
<|RUS|>silache	sʲ i ɫ a t͡ɕ e
<|RUS|>preryvavshi	p rʲ i r i v a f ʂ i
<|RUS|>zondiruem	z a nʲ dʲ i r u j i m
<|RUS|>uprosi	u p r a sʲ i
<|RUS|>giryam	ɡʲ i rʲ a m
<|RUS|>naznachenii	n a z n a t͡ɕ e nʲ i i
<|RUS|>obleplyaemyi	a b lʲ i p lʲ a j i m i j
<|RUS|>reabilitiruem	rʲ i a bʲ i lʲ i tʲ i r u j i m
<|RUS|>likbezam	lʲ i ɡ bʲ e z a m
<|RUS|>motylkam	m a t i lʲ k a m
<|RUS|>uskorishsya	u s k o rʲ i ʂ sʲ a
<|RUS|>fasolei	f a s o lʲ i j
<|RUS|>dueta	d u e t a
<|RUS|>mimikry	mʲ i mʲ i k rʲ i j
<|RUS|>meitneriev	mʲ i j tʲ nʲ e rʲ i j i f
<|RUS|>skleilo	s k lʲ e i ɫ a
<|RUS|>burevestnika	b u rʲ i vʲ e sʲ nʲ i k a
<|RUS|>blagoustroi	b ɫ a ɡ a u s t r o j
<|RUS|>zaglinizirovannosti	z a ɡ lʲ i nʲ i zʲ i r a v a n a sʲ tʲ i
<|RUS|>ukrepleny	u k rʲ i p lʲ e nʲ i j
<|RUS|>gostyu	ɡ o sʲ tʲ u
<|RUS|>sgushchayus	z ɡ u ɕː a j u sʲ
<|RUS|>razgovlyayutsya	r a z ɡ a v lʲ a j u t͡s a
<|RUS|>biotoksichnost	bʲ i a t a k sʲ i t͡ɕ n a sʲ tʲ
<|RUS|>klavdiya	k ɫ a v dʲ i j a
<|RUS|>dekanaty	d i k a n a t i
<|RUS|>vozobnovite	v a z a b n a vʲ i tʲ e
<|RUS|>ukrylsya	u k r i ɫ s ⁽ʲ ⁾ a
<|RUS|>rozhaete	r a ʐ a j i tʲ e
<|RUS|>ugrozhayushchy	u ɡ r a ʐ a j u ɕː i j
<|RUS|>tolkovanii	t a ɫ k a v a nʲ i i
<|RUS|>derevyashkoi	dʲ i rʲ i vʲ a ʂ k a j
<|RUS|>sachkuite	s a t͡ɕ k u j tʲ e
<|RUS|>gvardeitsa	ɡ v a r dʲ e j t͡s a
<|RUS|>zaveshivaite	z a vʲ e ʂ i v a j tʲ e
<|RUS|>viselo	vʲ i sʲ e ɫ a
<|RUS|>kapibarami	k a pʲ i b a r a mʲ i
<|RUS|>rastilo	r a sʲ tʲ i ɫ a
<|RUS|>vazochkami	v a z a t͡ɕ k a mʲ i
<|RUS|>ldinok	lʲ dʲ i n a k
<|RUS|>tuzemtsami	t u zʲ e m t͡s a mʲ i
<|RUS|>chakhotke	t͡ɕ i x o t kʲ e
<|RUS|>privstayushchy	p rʲ i f s t a j u ɕː i j
<|RUS|>relikta	rʲ i lʲ i k t a
<|RUS|>otdalyat	a d a lʲ a tʲ
<|RUS|>blumfontein	b ɫ u m f a n t i j n
<|RUS|>otstavshy	a t͡s s t a f ʂ i j
<|RUS|>toksichnyi	t a k sʲ i t͡ɕ n i j
<|RUS|>valenkom	v a lʲ i n k a m
<|RUS|>prizemlyavshiysya	p rʲ i zʲ i m lʲ a f ʂ i j sʲ a
<|RUS|>nevezhestvenna	nʲ i vʲ e ʐ i s t vʲ i n a
<|RUS|>artistka	a r tʲ i s t k a
<|RUS|>shampunya	ʂ a m p u nʲ a
<|RUS|>negodovaniyu	nʲ i ɡ a d a v a nʲ i j u
<|RUS|>prigotovleniem	p rʲ i ɡ a t a v lʲ e nʲ i j i m
<|RUS|>magnatov	m a ɡ n a t a f
<|RUS|>vstupleniyakh	f s t u p lʲ e nʲ i j a x
<|RUS|>okopa	a k o p a
<|RUS|>ozarila	a z a rʲ i ɫ a
<|RUS|>otvorachivayushchiysya	a t v a r a t͡ɕ i v a j u ɕː i j sʲ a
<|RUS|>prostudivshi	p r a s t u dʲ i f ʂ i
<|RUS|>komissiyami	k a mʲ i sʲ i j a mʲ i
<|RUS|>raskhishchav	r a s xʲ i ɕː a f
<|RUS|>narekla	n a rʲ i k ɫ a
<|RUS|>srovnyaite	s r a v nʲ a j tʲ e
<|RUS|>osiyavaesh	a sʲ i j i v a j i ʂ
<|RUS|>inaktiviruyu	i n a k tʲ i vʲ i r u j u
<|RUS|>umudrit	u m u d rʲ i t
<|RUS|>guglite	ɡ u ɡ lʲ i tʲ e
<|RUS|>propityvav	p r a pʲ i t i v a f
<|RUS|>samotsveta	s a m a t͡s vʲ e t a
<|RUS|>tolstyakom	t a ɫ s ⁽ʲ ⁾ tʲ i k o m
<|RUS|>vsklokochennyi	f s k ɫ a k o t͡ɕ i n i j
<|RUS|>nervnichavshy	nʲ e r v nʲ i t͡ɕ i f ʂ i j
<|RUS|>boryushchiysya	b o rʲ u ɕː i j sʲ a
<|RUS|>zachityvaisya	z a t͡ɕ i t i v a j sʲ a
<|RUS|>ostuzhav	a s t u ʐ a f
<|RUS|>losonam	ɫ a sʲ j o n a m
<|RUS|>valtsuyushchy	v a lʲ t͡s u j u ɕː i j
<|RUS|>raspinaya	r a s pʲ i n a j a
<|RUS|>topazu	t a p a z u
<|RUS|>teletekstakh	tʲ e lʲ i tʲ e k s t a x
<|RUS|>podzagolovkov	p a d͡z z a ɡ a ɫ o f k a f
<|RUS|>revel	rʲ i vʲ e ɫ
<|RUS|>blagoslovimsya	b ɫ a ɡ a s ɫ a vʲ i m sʲ a
<|RUS|>kakuyu	k a k u j u
<|RUS|>zazhglis	z a ʐ ɡ lʲ i sʲ
<|RUS|>oroshu	a r a ʂ u
<|RUS|>sharakhat	ʂ a r a x a tʲ
<|RUS|>rukovodstv	r u k a v o t͡s t f
<|RUS|>klyanchu	k lʲ a nʲ t͡ɕ u
<|RUS|>zatseplyalo	z a t͡s i p lʲ a ɫ a
<|RUS|>abadantse	a b a d a n t͡s i
<|RUS|>reyav	rʲ e j i f
<|RUS|>ranetki	r a nʲ e t kʲ i
<|RUS|>pokladaya	p a k ɫ a d a j a
<|RUS|>predpishem	p rʲ i t pʲ i ʂ i m
<|RUS|>borozdim	b a r a zʲ dʲ i m
<|RUS|>nuvorisham	n u v a rʲ i ʂ a m
<|RUS|>arke	a r kʲ e
<|RUS|>vzbegav	v z bʲ i ɡ a f
<|RUS|>gumanizme	ɡ u m a nʲ i z mʲ e
<|RUS|>rozhyu	r o ʐ j u
<|RUS|>gidraty	ɡʲ i d r a t i
<|RUS|>doveritelnostyam	d a vʲ i rʲ i tʲ i lʲ n a sʲ tʲ a m
<|RUS|>kholodavshi	x a ɫ a d a f ʂ i
<|RUS|>tyulpana	tʲ u lʲ p a n a
<|RUS|>vykrasilo	v i k r a sʲ i ɫ a
<|RUS|>vzvinchival	v z vʲ i nʲ t͡ɕ i v a ɫ
<|RUS|>vui	v u j
<|RUS|>marazmy	m a r a z m i
<|RUS|>disgarmonieyu	dʲ i z ɡ a r m o nʲ i j i j u
<|RUS|>lomaku	ɫ a m a k u
<|RUS|>pamyatei	p a mʲ i tʲ i j
<|RUS|>vsedozvolennostyakh	f sʲ i d a z v o lʲ i n a sʲ tʲ a x
<|RUS|>kurkumoi	k u r k u m a j
<|RUS|>tushui	t u ʂ u j
<|RUS|>zanosit	z a n o sʲ i t
<|RUS|>kinoapparatom	kʲ i n a a p a r a t a m
<|RUS|>pripominaesh	p rʲ i p a mʲ i n a j i ʂ
<|RUS|>zeval	zʲ i v a ɫ
<|RUS|>nakalyvat	n a k a ɫ i v a tʲ
<|RUS|>kontraktnikakh	k a n t r a k tʲ nʲ i k a x
<|RUS|>obuchavshiysya	a b u t͡ɕ a f ʂ i j sʲ a
<|RUS|>upominayutsya	u p a mʲ i n a j u t͡s a
<|RUS|>abderitami	a b dʲ i rʲ i t a mʲ i
<|RUS|>terebeichuk	tʲ i rʲ i bʲ i j t͡ɕ u k
<|RUS|>uchugov	u t͡ɕ u ɡ a f
<|RUS|>izvedav	i z vʲ e d a f
<|RUS|>dopolnivshy	d a p o ɫ nʲ i f ʂ i j
<|RUS|>davleniyam	d a v lʲ e nʲ i j a m
<|RUS|>prikolot	p rʲ i k a ɫ o tʲ
<|RUS|>kolosyam	k a ɫ o sʲ j a m
<|RUS|>mongolom	m a n ɡ o ɫ a m
<|RUS|>vysevok	v i sʲ i v a k
<|RUS|>zateshesh	z a tʲ e ʂ i ʂ
<|RUS|>durakov	d u r a k o f
<|RUS|>korenivshis	k a rʲ i nʲ i f ʂ i sʲ
<|RUS|>tulii	t u lʲ i i
<|RUS|>vykraivayutsya	v i k r a i v a j u t͡s a
<|RUS|>mneny	m nʲ e nʲ i j
<|RUS|>prosvetlevshy	p r a s vʲ i t lʲ e f ʂ i j
<|RUS|>pervye	pʲ e r v i j e
<|RUS|>bukhanke	b u x a n kʲ e
<|RUS|>svetitsya	s vʲ i tʲ i t͡s a
<|RUS|>zavorazhivat	z a v a r a ʐ i v a tʲ
<|RUS|>epitrakhilei	j i pʲ i t r a xʲ i lʲ i j
<|RUS|>stateikoi	s t a tʲ e j k a j
<|RUS|>vmazyvai	v m a z i v a j
<|RUS|>proshchanya	p r a ɕː a nʲ j a
<|RUS|>kochevnike	k a t͡ɕ e v nʲ i kʲ e
<|RUS|>khlebtsem	x lʲ e p t͡s i m
<|RUS|>upotreblyali	u p a t rʲ i b lʲ a lʲ i
<|RUS|>khadisa	x a dʲ i s a
<|RUS|>oshchetinila	a ɕː i tʲ i nʲ i ɫ a
<|RUS|>sochineniem	s a t͡ɕ i nʲ e nʲ i j i m
<|RUS|>pripolzat	p rʲ i p a ɫ z a tʲ
<|RUS|>sedutsya	s j e d u t͡s a
<|RUS|>tsesarem	t͡s e s a rʲ i m
<|RUS|>sosnoyu	s a s n o j u
<|RUS|>patrulnomu	p a t r u lʲ n a m u
<|RUS|>gobelene	ɡ a bʲ i lʲ e nʲ e
<|RUS|>anusakh	a n u s a x
<|RUS|>ispisyvalo	i s pʲ i s i v a ɫ a
<|RUS|>besnovatymi	bʲ i s n a v a t i mʲ i
<|RUS|>rize	rʲ i zʲ e
<|RUS|>terroriste	t i r a rʲ i sʲ tʲ e
<|RUS|>prisluzhili	p rʲ i s ɫ u ʐ i lʲ i
<|RUS|>oslikham	a s ⁽ʲ ⁾ lʲ i x a m
<|RUS|>artistke	a r tʲ i s t kʲ e
<|RUS|>oblyuyu	a b lʲ u j u
<|RUS|>vkradyvalas	f k r a d i v a ɫ a sʲ
<|RUS|>peretekli	pʲ i rʲ i tʲ i k lʲ i
<|RUS|>popravish	p a p r a vʲ i ʂ
<|RUS|>okayu	o k a j u
<|RUS|>reznyami	rʲ i zʲ nʲ a mʲ i
<|RUS|>podvorotne	p a d v a r o tʲ nʲ e
<|RUS|>zhazhda	ʐ a ʐ d a
<|RUS|>prozhidyakh	p r o ʐ i dʲ a x
<|RUS|>khayali	x a j i lʲ i
<|RUS|>svechnike	s vʲ i t͡ɕ nʲ i kʲ e
<|RUS|>obnazhite	a b n a ʐ i tʲ e
<|RUS|>razdvinulis	r a z d vʲ i n u lʲ i sʲ
<|RUS|>podmetaite	p a d mʲ i t a j tʲ e
<|RUS|>skorogovorka	s k a r a ɡ a v o r k a
<|RUS|>osmotrami	a s m o t r a mʲ i
<|RUS|>kroshennyi	k r o ʂ i n i j
<|RUS|>rastrevozhivayut	r a s t rʲ i v o ʐ i v a j u t
<|RUS|>zagar	z a ɡ a r
<|RUS|>tolkalos	t a ɫ k a ɫ a sʲ
<|RUS|>serdtsebieniyakh	sʲ i r t͡s i bʲ i j e nʲ i j a x
<|RUS|>obvetshalyi	a b vʲ i t͡ʂ ʂ a ɫ i j
<|RUS|>traktuete	t r a k t u j i tʲ e
<|RUS|>nenadobnyi	nʲ i n a d a b n i j
<|RUS|>slezy	s ⁽ʲ ⁾ lʲ o z i
<|RUS|>peretyagivavshi	pʲ i rʲ i tʲ a ɡʲ i v a f ʂ i
<|RUS|>obodam	o b a d a m
<|RUS|>uvezesh	u vʲ i zʲ o ʂ
<|RUS|>pregradivshy	p rʲ i ɡ r a dʲ i f ʂ i j
<|RUS|>zasvistim	z a s vʲ i sʲ tʲ i m
<|RUS|>kinoaktrisoi	kʲ i n a a k t rʲ i s a j
<|RUS|>uedinyavshis	u j i dʲ i nʲ a f ʂ i sʲ
<|RUS|>aktiviziruete	a k tʲ i vʲ i zʲ i r u j i tʲ e
<|RUS|>ogonkam	a ɡ a nʲ k a m
<|RUS|>dymili	d i mʲ i lʲ i
<|RUS|>akkompanirovali	a k a m p a nʲ i r a v a lʲ i
<|RUS|>butiliruyut	b u tʲ i lʲ i r u j u t
<|RUS|>vladislavom	v ɫ a dʲ i s ɫ a v a m
<|RUS|>tolknesh	t a ɫ k nʲ o ʂ
<|RUS|>zatiraya	z a tʲ i r a j a
<|RUS|>polzovaniyakh	p o lʲ z a v a nʲ i j a x
<|RUS|>praporshchik	p r a p a r ɕː i k
<|RUS|>sorevnuites	s a rʲ i v n u j tʲ i sʲ
<|RUS|>fabrikuyu	f a b rʲ i k u j u
<|RUS|>vosprinyala	v a s p rʲ i nʲ i ɫ a
<|RUS|>pokhoronish	p a x a r o nʲ i ʂ
<|RUS|>skhodna	s x o d n a
<|RUS|>vozvyshenno	v a z v i ʂ i n a
<|RUS|>avtogene	a f t a ɡʲ e nʲ e
<|RUS|>promokavshy	p r a m a k a f ʂ i j
<|RUS|>peregrelis	pʲ i rʲ i ɡ rʲ e lʲ i sʲ
<|RUS|>podgotovlyaite	p a d ɡ a t a v lʲ a j tʲ e
<|RUS|>potrebnostyakh	p a t rʲ e b n a sʲ tʲ a x
<|RUS|>odarivaya	a d a rʲ i v a j a
<|RUS|>chugunno	t͡ɕ u ɡ u n a
<|RUS|>otvazhivaemsya	a t v a ʐ i v a j i m sʲ a
<|RUS|>prezumptsiyami	p rʲ i z u m p t͡s i j a mʲ i
<|RUS|>rasstraivalsya	r a s t r a i v a ɫ s ⁽ʲ ⁾ a
<|RUS|>dovlelo	d a v lʲ e ɫ a
<|RUS|>smradish	s m r a dʲ i ʂ
<|RUS|>adsorbirovav	a t͡s s a r bʲ i r a v a f
<|RUS|>refraktore	rʲ i f r a k t a rʲ e
<|RUS|>izliyaniyami	i z ⁽ʲ ⁾ lʲ i j a nʲ i j a mʲ i
<|RUS|>gobelenami	ɡ a bʲ i lʲ e n a mʲ i
<|RUS|>priglyadyvavshiysya	p rʲ i ɡ lʲ a d i v a f ʂ i j sʲ a
<|RUS|>ekstsessov	i k s t͡s e s a f
<|RUS|>vzyatochnikam	v zʲ a t a t͡ɕ nʲ i k a m
<|RUS|>poterla	p a tʲ o r ɫ a
<|RUS|>abstraktam	a p s t r a k t a m
<|RUS|>soskami	s o s k a mʲ i
<|RUS|>brekha	b rʲ o x a
<|RUS|>poblagodarit	p a b ɫ a ɡ a d a rʲ i tʲ
<|RUS|>zhuchkov	ʐ u t͡ɕ k o f
<|RUS|>osechkam	a sʲ e t͡ɕ k a m
<|RUS|>spetsializmy	s pʲ i t͡s i a lʲ i z m i
<|RUS|>sertifikata	sʲ i r tʲ i fʲ i k a t a
<|RUS|>gonorei	ɡ a n a rʲ e i
<|RUS|>ukradesh	u k r a dʲ o ʂ
<|RUS|>vozdadite	v a z d a dʲ i tʲ e
<|RUS|>prozhigaem	p r a ʐ i ɡ a j i m
<|RUS|>butaforiei	b u t a f o rʲ i j i j
<|RUS|>distsiplinirovala	dʲ i s t͡s i p lʲ i nʲ i r a v a ɫ a
<|RUS|>osunetsya	a s u nʲ i t͡s a
<|RUS|>vinovnitsakh	vʲ i n o v nʲ i t͡s a x
<|RUS|>pitomtse	pʲ i t o m t͡s i
<|RUS|>zamyalo	z a mʲ a ɫ a
<|RUS|>porochili	p a r o t͡ɕ i lʲ i
<|RUS|>detochka	dʲ e t a t͡ɕ k a
<|RUS|>pereskazyvaem	pʲ i rʲ i s k a z i v a j i m
<|RUS|>bashke	b a ʂ kʲ e
<|RUS|>poblagodarim	p a b ɫ a ɡ a d a rʲ i m
<|RUS|>dublenki	d u b lʲ o n kʲ i
<|RUS|>razvernuvshy	r a z vʲ i r n u f ʂ i j
<|RUS|>protivopolozhu	p r o tʲ i v a p a ɫ a ʐ u
<|RUS|>nyukhalshchiki	nʲ u x a lʲ ɕː i kʲ i
<|RUS|>ozari	a z a rʲ i
<|RUS|>otchuzhu	a t͡ɕ u ʐ u
<|RUS|>buferakh	b u fʲ i r a x
<|RUS|>dotyagivayushchiysya	d a tʲ a ɡʲ i v a j u ɕː i j sʲ a
<|RUS|>venchaniya	vʲ i nʲ t͡ɕ a nʲ i j a
<|RUS|>okuplennyi	a k u p lʲ i n i j
<|RUS|>postroit	p a s t r o i t
<|RUS|>uyazvlyaya	u j i z v lʲ a j a
<|RUS|>pogovorite	p a ɡ a v a rʲ i tʲ e
<|RUS|>tsarevna	t͡s a rʲ e v n a
<|RUS|>bolte	b a ɫ tʲ e
<|RUS|>zabil	z a bʲ i ɫ
<|RUS|>lyuks	lʲ u k s
<|RUS|>sbilo	z bʲ i ɫ a
<|RUS|>chayachy	t͡ɕ a j i t͡ɕ i j
<|RUS|>nadavavshy	n a d a v a f ʂ i j
<|RUS|>konku	k o n k u
<|RUS|>usmekhayas	u s mʲ i x a j i sʲ
<|RUS|>privyaz	p rʲ i vʲ i sʲ
<|RUS|>paradigmam	p a r a dʲ i ɡ m a m
<|RUS|>zacherkivaem	z a t͡ɕ o r kʲ i v a j i m
<|RUS|>sushchnostyu	s u ɕː n a sʲ tʲ j u
<|RUS|>podmechavshy	p a d mʲ i t͡ɕ a f ʂ i j
<|RUS|>reek	rʲ e j i k
<|RUS|>prosvetish	p r a s vʲ e tʲ i ʂ
<|RUS|>niderlandskogo	nʲ i dʲ i r ɫ a n t s k a v a
<|RUS|>poladiv	p a ɫ a dʲ i f
<|RUS|>novoanglichanakh	n o v a a n ɡ lʲ i t͡ɕ a n a x
<|RUS|>pozhiraet	p a ʐ i r a j i t
<|RUS|>tarifov	t a rʲ i f a f
<|RUS|>naschet	n a ɕː o t
<|RUS|>raspuskavshis	r a s p u s k a f ʂ i sʲ
<|RUS|>zabyvalsya	z a b i v a ɫ s ⁽ʲ ⁾ a
<|RUS|>oklemaetes	a k lʲ i m a j i tʲ i sʲ
<|RUS|>provozya	p r a v a zʲ a
<|RUS|>udelakh	u dʲ e ɫ a x
<|RUS|>vytryakhivaet	v i t rʲ a xʲ i v a j i t
<|RUS|>zatrudni	z a t r u dʲ nʲ i
<|RUS|>prinimavshis	p rʲ i nʲ i m a f ʂ i sʲ
<|RUS|>prokladyvayushchy	p r a k ɫ a d i v a j u ɕː i j
<|RUS|>rusifitsirueshsya	r u sʲ i fʲ i t͡s i r u j i ʂ sʲ a
<|RUS|>stvoru	s t v o r u
<|RUS|>raskhodovali	r a s x o d a v a lʲ i
<|RUS|>zacharovav	z a t͡ɕ i r a v a f
<|RUS|>chempionami	t͡ɕ i m ⁽ʲ ⁾ pʲ i o n a mʲ i
<|RUS|>raschesyvalas	r a ɕ t͡ɕ o s i v a ɫ a sʲ
<|RUS|>zarevom	z a rʲ i v a m
<|RUS|>neformalno	nʲ i f a r m a lʲ n a
<|RUS|>otslezhivaet	a t͡s s ⁽ʲ ⁾ lʲ e ʐ i v a j i t
<|RUS|>priglyadyvaem	p rʲ i ɡ lʲ a d i v a j i m
<|RUS|>bryusselsky	b rʲ u sʲ e lʲ s kʲ i j
<|RUS|>rokakh	r o k a x
<|RUS|>raskruchivalo	r a s k r u t͡ɕ i v a ɫ a
<|RUS|>chelnok	t͡ɕ i ɫ n o k
<|RUS|>remeshkam	rʲ i mʲ i ʂ k a m
<|RUS|>vedavshy	vʲ e d a f ʂ i j
<|RUS|>ivolgoyu	i v a ɫ ɡ a j u
<|RUS|>kolledzh	k o lʲ i t͡ʂ ʂ
<|RUS|>proveriv	p r a vʲ e rʲ i f
<|RUS|>mikroskhemy	mʲ i k r a s xʲ e m i
<|RUS|>vyyasnyaesh	v i j i sʲ nʲ a j i ʂ
<|RUS|>nadkolennike	n a t k a lʲ e nʲ i kʲ e
<|RUS|>perekusyat	pʲ i rʲ i k u sʲ a t
<|RUS|>pokruchennyi	p a k r u t͡ɕ i n i j
<|RUS|>zatirav	z a tʲ i r a f
<|RUS|>perechtem	pʲ i rʲ i t͡ɕ tʲ o m
<|RUS|>poddanstvu	p o d a n s t v u
<|RUS|>vylivalsya	v i lʲ i v a ɫ s ⁽ʲ ⁾ a
<|RUS|>porastet	p a r a sʲ tʲ o t
<|RUS|>provaidery	p r a v a j d i r i
<|RUS|>polemiku	p a lʲ e mʲ i k u
<|RUS|>perelomlyu	pʲ i rʲ i ɫ a m lʲ u
<|RUS|>razem	r a z j o m
<|RUS|>izmenyalo	i z mʲ i nʲ a ɫ a
<|RUS|>absorbatam	a p s a r b a t a m
<|RUS|>pisatelyami	pʲ i s a tʲ i lʲ a mʲ i
<|RUS|>lad	ɫ a t
<|RUS|>akhi	a xʲ i
<|RUS|>izvlekut	i z v lʲ i k u t
<|RUS|>vzbiraetes	v z bʲ i r a j i tʲ i sʲ
<|RUS|>fotokartochkami	f a t a k a r t a t͡ɕ k a mʲ i
<|RUS|>obedaemyi	a b j i d a j i m i j
<|RUS|>zavalites	z a v a lʲ i tʲ i sʲ
<|RUS|>zakladyvai	z a k ɫ a d i v a j
<|RUS|>urezyvav	u rʲ e z i v a f
<|RUS|>pridelat	p rʲ i dʲ e ɫ a tʲ
<|RUS|>perestavit	pʲ i rʲ i s t a vʲ i tʲ
<|RUS|>kremniev	k rʲ e m nʲ i j i f
<|RUS|>vsovavshi	f s a v a f ʂ i
<|RUS|>tsingoyu	t͡s i n ɡ o j u
<|RUS|>kriptonov	k rʲ i p t o n a f
<|RUS|>gomoni	ɡ a m a nʲ i
<|RUS|>dumaem	d u m a j i m
<|RUS|>povyazannyi	p a vʲ a z a n i j
<|RUS|>zastreliv	z a s t rʲ i lʲ i f
<|RUS|>apograf	a p o ɡ r a f
<|RUS|>podsolnukhe	p a t͡s s o ɫ n u xʲ e
<|RUS|>privivai	p rʲ i vʲ i v a j
<|RUS|>bukkery	b u kʲ i r i
<|RUS|>yumoristicheskaya	j u m a rʲ i sʲ tʲ i t͡ɕ i s k a j a
<|RUS|>vydvoryavshi	v i d v a rʲ a f ʂ i
<|RUS|>podlodke	p a d ɫ o t kʲ e
<|RUS|>lapali	ɫ a p a lʲ i
<|RUS|>otshcheplyaite	a t͡ɕ ɕː i p lʲ a j tʲ e
<|RUS|>zavedovaniem	z a vʲ e d a v a nʲ i j i m
<|RUS|>smudrit	s m u d rʲ i t
<|RUS|>zdes	zʲ dʲ e sʲ
<|RUS|>zaimeite	z a i mʲ e j tʲ e
<|RUS|>kuvshinkakh	k u f ʂ i n k a x
<|RUS|>pokataesh	p a k a t a j i ʂ
<|RUS|>podshipnikam	p a t͡ʂ ʂ i p nʲ i k a m
<|RUS|>nesbytochnyi	nʲ i z b i t a t͡ɕ n i j
<|RUS|>stoil	s t o i ɫ
<|RUS|>zaebat	z a j i b a tʲ
<|RUS|>zarazyatsya	z a r a zʲ a t͡s a
<|RUS|>sprosonok	s p r a s o n a k
<|RUS|>zaperlis	z a pʲ i r lʲ i sʲ
<|RUS|>geroinyakh	ɡʲ i r a i nʲ a x
<|RUS|>muchu	m u t͡ɕ u
<|RUS|>zapirayus	z a pʲ i r a j u sʲ
<|RUS|>nepogreshimyi	nʲ i p a ɡ rʲ i ʂ i m i j
<|RUS|>pakistantsy	p a kʲ i s t a n t͡s i
<|RUS|>povertit	p a vʲ e r tʲ i t
<|RUS|>eparkhiya	j i p a r xʲ i j a
<|RUS|>pokryshka	p a k r i ʂ k a
<|RUS|>teatre	tʲ i a t a rʲ e
<|RUS|>tuchnosti	t u t͡ɕ n a sʲ tʲ i
<|RUS|>sper	s pʲ o r
<|RUS|>vstavishsya	f s t a vʲ i ʂ sʲ a
<|RUS|>vypravlyat	v i p r a v lʲ a tʲ
<|RUS|>vetshaem	vʲ i t͡ʂ ʂ a j i m
<|RUS|>nadushu	n a d u ʂ u
<|RUS|>liznuv	lʲ i z n u f
<|RUS|>opaseniya	a p a sʲ e nʲ i j a
<|RUS|>perelivaet	pʲ i rʲ i lʲ i v a j i t
<|RUS|>chuvstvuite	t͡ɕ u s t v u j tʲ e
<|RUS|>osushal	a s u ʂ a ɫ
<|RUS|>vvodimsya	v o dʲ i m sʲ a
<|RUS|>sekundy	sʲ i k u n d i
<|RUS|>pokhodom	p a x o d a m
<|RUS|>osvedomlyayushchiysya	a s vʲ i d a m lʲ a j u ɕː i j sʲ a
<|RUS|>plyuralizmam	p lʲ u r a lʲ i z m a m
<|RUS|>zvenet	z vʲ i nʲ e tʲ
<|RUS|>peidzher	p e j d͡ʐ ʐ i r
<|RUS|>povalila	p a v a lʲ i ɫ a
<|RUS|>asketom	a s kʲ e t a m
<|RUS|>sinteza	sʲ i n t i z a
<|RUS|>kinoplenkakh	kʲ i n a p lʲ o n k a x
<|RUS|>kletku	k lʲ e t k u
<|RUS|>otvorachivayus	a t v a r a t͡ɕ i v a j u sʲ
<|RUS|>zakopushkoi	z a k a p u ʂ k a j
<|RUS|>preobrazovyvavshiysya	p rʲ i a b r a z o v i v a f ʂ i j sʲ a
<|RUS|>otbory	a d b o r i
<|RUS|>alkinov	a ɫ kʲ i n a f
<|RUS|>treklistakh	t r i k lʲ i s t a x
<|RUS|>obnadezhivai	a b n a dʲ o ʐ i v a j
<|RUS|>postylevshy	p a s t i lʲ i f ʂ i j
<|RUS|>nakalyalas	n a k a lʲ a ɫ a sʲ
<|RUS|>goryachnostei	ɡ a rʲ a t͡ɕ n a sʲ tʲ i j
<|RUS|>otvorachivai	a t v a r a t͡ɕ i v a j
<|RUS|>simulirui	sʲ i m u lʲ i r u j
<|RUS|>tumannostyakh	t u m a n a sʲ tʲ a x
<|RUS|>uslozhnyaem	u s ɫ a ʐ nʲ a j i m
<|RUS|>razgonyaete	r a z ɡ a nʲ a j i tʲ e
<|RUS|>translyatsiyam	t r a n s ⁽ʲ ⁾ lʲ a t͡s i j a m
<|RUS|>udaryaemsya	u d a rʲ a j i m sʲ a
<|RUS|>osmyslivaemyi	a s m i s ⁽ʲ ⁾ lʲ i v a j i m i j
<|RUS|>vlastolyubiya	v ɫ a s t a lʲ u bʲ i j a
<|RUS|>zaleplyaya	z a lʲ i p lʲ a j a
<|RUS|>volokut	v a ɫ a k u t
<|RUS|>sharomygoi	ʂ a r a m i ɡ a j
<|RUS|>cheremshakh	t͡ɕ i rʲ i m ʂ a x
<|RUS|>ostrotoi	a s t r o t a j
<|RUS|>druzhestvenen	d r u ʐ i s t vʲ i nʲ i n
<|RUS|>assemblera	a s e m b lʲ i r a
<|RUS|>poprosis	p a p r a sʲ i sʲ
<|RUS|>temperamentami	tʲ i m ⁽ʲ ⁾ pʲ i r a mʲ i n t a mʲ i
<|RUS|>utkom	u t k o m
<|RUS|>proburchala	p r a b u r t͡ɕ a ɫ a
<|RUS|>oprobovannyi	a p r o b a v a n i j
<|RUS|>potaskushki	p a t a s k u ʂ kʲ i
<|RUS|>zaiskivali	z a i s kʲ i v a lʲ i
<|RUS|>gidrologiyakh	ɡʲ i d r a ɫ o ɡʲ i j a x
<|RUS|>spokoistvii	s p a k o j s t vʲ i i
<|RUS|>tablichku	t a b lʲ i t͡ɕ k u
<|RUS|>informatsionnyi	i n f a r m a t͡s i o n i j
<|RUS|>potoptalos	p a t a p t a ɫ a sʲ
<|RUS|>interpretirovannyi	i n t i r p rʲ i tʲ i r a v a n i j
<|RUS|>kusaem	k u s a j i m
<|RUS|>nasylaem	n a s i ɫ a j i m
<|RUS|>stalkivayus	s t a ɫ kʲ i v a j u sʲ
<|RUS|>nakaplivaem	n a k a p lʲ i v a j i m
<|RUS|>sistola	sʲ i s t a ɫ a
<|RUS|>minetchikom	mʲ i nʲ j e t͡ɕ i k a m
<|RUS|>kratkam	k r a t k a m
<|RUS|>arumynkoi	a r u m i n k a j
<|RUS|>vyrisovyvatsya	v i rʲ i s o v i v a t͡s a
<|RUS|>obidami	a bʲ i d a mʲ i
<|RUS|>sostryapaete	s a s t rʲ a p a j i tʲ e
<|RUS|>odyshka	a d i ʂ k a
<|RUS|>trotuaru	t r a t u a r u
<|RUS|>bezobraziem	bʲ i z a b r a zʲ i j i m
<|RUS|>vysprashivaemyi	v i s p r a ʂ i v a j i m i j
<|RUS|>platsenta	p ɫ a t͡s e n t a
<|RUS|>furgonu	f u r ɡ o n u
<|RUS|>vyvorachivaete	v i v a r a t͡ɕ i v a j i tʲ e
<|RUS|>vyrazhen	v i r a ʐ i n
<|RUS|>soizvoleniem	s a i z v a lʲ e nʲ i j i m
<|RUS|>razdelno	r a zʲ dʲ e lʲ n a
<|RUS|>olimpiykoyu	a lʲ i m ⁽ʲ ⁾ pʲ i j k a j u
<|RUS|>sformuliroval	s f a r m u lʲ i r a v a ɫ
<|RUS|>vskinul	f s kʲ i n u ɫ
<|RUS|>perebolevala	pʲ i rʲ i b a lʲ i v a ɫ a
<|RUS|>syazvil	s j i z vʲ i ɫ
<|RUS|>dolzhnye	d o ɫ ʐ n i j e
<|RUS|>vytvoryaesh	v i t v a rʲ a j i ʂ
<|RUS|>povedyvaete	p a vʲ e d i v a j i tʲ e
<|RUS|>prigibayut	p rʲ i ɡʲ i b a j u t
<|RUS|>sigalo	sʲ i ɡ a ɫ a
<|RUS|>opasku	a p a s k u
<|RUS|>ambra	a m b r a
<|RUS|>katrane	k a t r a nʲ e
<|RUS|>snashivala	s n a ʂ i v a ɫ a
<|RUS|>smykal	s m i k a ɫ
<|RUS|>signalyu	sʲ i ɡ n a lʲ u
<|RUS|>razroznivshi	r a z r o zʲ nʲ i f ʂ i
<|RUS|>zamenyalis	z a mʲ i nʲ a lʲ i sʲ
<|RUS|>ukhazhivavshi	u x a ʐ i v a f ʂ i
<|RUS|>nalegke	n a lʲ i xʲ kʲ e
<|RUS|>zhidkostyami	ʐ i t k a sʲ tʲ a mʲ i
<|RUS|>svinina	s vʲ i nʲ i n a
<|RUS|>risoval	rʲ i s a v a ɫ
<|RUS|>liviyka	lʲ i vʲ i j k a
<|RUS|>chokhoi	t͡ɕ i x o j
<|RUS|>allyuziyami	a lʲ u zʲ i j a mʲ i
<|RUS|>shumov	ʂ u m a f
<|RUS|>khachike	x a t͡ɕ i kʲ e
<|RUS|>tekil	tʲ i kʲ i ɫ
<|RUS|>ponudit	p a n u dʲ i t
<|RUS|>samosvalakh	s a m a s v a ɫ a x
<|RUS|>vskrikov	f s k rʲ i k a f
<|RUS|>silikony	sʲ i lʲ i k o n i
<|RUS|>plevav	p lʲ i v a f
<|RUS|>tykva	t i k v a
<|RUS|>rasprostranyaisya	r a s p r a s t r a nʲ a j sʲ a
<|RUS|>variruyut	v a rʲ j i r u j u t
<|RUS|>intrigan	i n t rʲ i ɡ a n
<|RUS|>prosveshchai	p r a s vʲ i ɕː a j
<|RUS|>zavernut	z a vʲ i r n u tʲ
<|RUS|>pozhivavshy	p a ʐ i v a f ʂ i j
<|RUS|>adsorbiruya	a t͡s s a r bʲ i r u j a
<|RUS|>operativnostyu	a pʲ i r a tʲ i v n a sʲ tʲ j u
<|RUS|>popolnyat	p a p a ɫ nʲ a tʲ
<|RUS|>vrezaete	v rʲ i z a j i tʲ e
<|RUS|>priyatny	p rʲ i j a t n i
<|RUS|>utopaem	u t o p a j i m
<|RUS|>poeli	p a j e lʲ i
<|RUS|>mankoi	m a n k a j
<|RUS|>sadit	s a dʲ i t
<|RUS|>opushavshis	a p u ʂ a f ʂ i sʲ
<|RUS|>antidote	a nʲ tʲ i d o tʲ e
<|RUS|>kombiniruesh	k a m ⁽ʲ ⁾ bʲ i nʲ i r u j i ʂ
<|RUS|>soprovodish	s a p r a v a dʲ i ʂ
<|RUS|>normirovaniyami	n a r mʲ i r a v a nʲ i j a mʲ i
<|RUS|>kuvshinku	k u f ʂ i n k u
<|RUS|>dosadovavshy	d a s a d a v a f ʂ i j
<|RUS|>oresh	o rʲ i ʂ
<|RUS|>prigodnost	p rʲ i ɡ o d n a sʲ tʲ
<|RUS|>syrovarov	s i r a v a r a f
<|RUS|>oktyabr	a k tʲ a b rʲ
<|RUS|>prozhevyvaemyi	p r a ʐ o v i v a j i m i j
<|RUS|>kasaites	k a s a j tʲ i sʲ
<|RUS|>zhenit	ʐ e nʲ i t
<|RUS|>zhernov	ʐ o r n a f
<|RUS|>otpugivalo	a t p u ɡʲ i v a ɫ a
<|RUS|>failikakh	f a j lʲ i k a x
<|RUS|>izobaroyu	i z a b a r a j u
<|RUS|>razmezhuet	r a z mʲ i ʐ u j i t
<|RUS|>opushaisya	a p u ʂ a j sʲ a
<|RUS|>baklaga	b a k ɫ a ɡ a
<|RUS|>kategorichnostei	k a tʲ i ɡ a rʲ i t͡ɕ n a sʲ tʲ i j
<|RUS|>vyvodkam	v i v a t k a m
<|RUS|>vzveshivavshi	v z vʲ e ʂ i v a f ʂ i
<|RUS|>proigraesh	p r a i ɡ r a j i ʂ
<|RUS|>energonositeli	i n e r ɡ a n a sʲ i tʲ i lʲ i
<|RUS|>pogreshu	p a ɡ rʲ i ʂ u
<|RUS|>promakhakh	p r o m a x a x
<|RUS|>operom	o pʲ i r a m
<|RUS|>zaela	z a j e ɫ a
<|RUS|>kotirovat	k a tʲ i r a v a tʲ
<|RUS|>neustroennostyam	nʲ i u s t r o j i n a sʲ tʲ a m
<|RUS|>podcherkivayut	p a t͡ɕ o r kʲ i v a j u t
<|RUS|>genetikam	ɡʲ i n e tʲ i k a m
<|RUS|>kaskadam	k a s k a d a m
<|RUS|>vkladyvayut	f k ɫ a d i v a j u t
<|RUS|>pitonu	pʲ i t o n u
<|RUS|>iskalechilo	i s k a lʲ e t͡ɕ i ɫ a
<|RUS|>neumeren	nʲ i u mʲ e rʲ i n
<|RUS|>finansirovalo	fʲ i n a n ⁽ʲ ⁾ sʲ i r a v a ɫ a
<|RUS|>obshcho	a p ɕː o
<|RUS|>vampirakh	v a m ⁽ʲ ⁾ pʲ i r a x
<|RUS|>vylovyat	v i ɫ a vʲ a t
<|RUS|>nanosa	n a n o s a
<|RUS|>prismotrev	p rʲ i s m a t rʲ e f
<|RUS|>bogoslovy	b a ɡ a s ɫ o v i
<|RUS|>rasstilavshi	r a sʲ tʲ i ɫ a f ʂ i
<|RUS|>iskorezhilo	i s k a rʲ o ʐ i ɫ a
<|RUS|>otchislyaem	a t͡ɕ i s ⁽ʲ ⁾ lʲ a j i m
<|RUS|>vydacheyu	v i d a t͡ɕ i j u
<|RUS|>rodoslovnymi	r a d a s ɫ o v n i mʲ i
<|RUS|>okolesitsakh	a k a lʲ o sʲ i t͡s a x
<|RUS|>moratory	m a r a t o rʲ i j
<|RUS|>shtrafoval	ʂ t r a f a v a ɫ
<|RUS|>zautren	z a u t rʲ i nʲ
<|RUS|>pridavaemyi	p rʲ i d a v a j i m i j
<|RUS|>sdavilo	z d a vʲ i ɫ a
<|RUS|>stremyanku	s t rʲ i mʲ a n k u
<|RUS|>vremechke	v rʲ e mʲ i t͡ɕ kʲ e
<|RUS|>ponimaetes	p a nʲ i m a j i tʲ i sʲ
<|RUS|>prisudim	p rʲ i s u dʲ i m
<|RUS|>skorrektiroval	s k a rʲ i k tʲ i r a v a ɫ
<|RUS|>iskusite	i s k u sʲ i tʲ e
<|RUS|>svergala	s vʲ i r ɡ a ɫ a
<|RUS|>trudovoi	t r u d a v o j
<|RUS|>zablagorassudim	z a b ɫ a ɡ a r a s u dʲ i m
<|RUS|>pozhelteem	p a ʐ i ɫ tʲ e j i m
<|RUS|>gruzimyi	ɡ r u zʲ i m i j
<|RUS|>sparyvali	s p a r i v a lʲ i
<|RUS|>vostokovedam	v a s t a k a vʲ e d a m
<|RUS|>pravoberezhnyi	p r a v a bʲ i rʲ e ʐ n i j
<|RUS|>zherlakh	ʐ e r ɫ a x
<|RUS|>bespoleznyi	bʲ i s p a lʲ e z n i j
<|RUS|>vypryamlyal	v i p rʲ i m lʲ a ɫ
<|RUS|>vytryakhnesh	v i t rʲ i x nʲ i ʂ
<|RUS|>vatka	v a t k a
<|RUS|>sadku	s a t k u
<|RUS|>zakolebat	z a k a lʲ i b a tʲ
<|RUS|>razzhivalas	r a ʐ i v a ɫ a sʲ
<|RUS|>vorvites	v a r vʲ i tʲ i sʲ
<|RUS|>zadremlyut	z a d rʲ e m lʲ u t
<|RUS|>raskraskoi	r a s k r a s k a j
<|RUS|>kursky	k u r s kʲ i j
<|RUS|>guvernantku	ɡ u vʲ i r n a n t k u
<|RUS|>brizantnostyakh	b rʲ i z a n t n a sʲ tʲ a x
<|RUS|>druzhila	d r u ʐ i ɫ a
<|RUS|>kontrollera	k a n t r o lʲ i r a
<|RUS|>okanchivavshis	a k a nʲ t͡ɕ i v a f ʂ i sʲ
<|RUS|>tupish	t u pʲ i ʂ
<|RUS|>bibliotekarsha	bʲ i b lʲ i a tʲ e k a r ʂ a
<|RUS|>srazhenyu	s r a ʐ e nʲ j u
<|RUS|>koshelyakh	k a ʂ i lʲ a x
<|RUS|>vkalyvaya	f k a ɫ i v a j a
<|RUS|>slivami	s ⁽ʲ ⁾ lʲ i v a mʲ i
<|RUS|>polutmakh	p a ɫ u tʲ m a x
<|RUS|>vydayut	v i d a j u t
<|RUS|>putayus	p u t a j u sʲ
<|RUS|>sovratili	s a v r a tʲ i lʲ i
<|RUS|>manovenii	m a n a vʲ e nʲ i i
<|RUS|>matrasami	m a t r a s a mʲ i
<|RUS|>lesomaterialam	lʲ e s a m a tʲ i rʲ i a ɫ a m
<|RUS|>privyazhu	p rʲ i vʲ i ʐ u
<|RUS|>despotami	dʲ e s p a t a mʲ i
<|RUS|>propitaniyakh	p r a pʲ i t a nʲ i j a x
<|RUS|>otvoryav	a t v a rʲ a f
<|RUS|>myasorubkami	mʲ i s a r u p k a mʲ i
<|RUS|>ukutavshi	u k u t a f ʂ i
<|RUS|>dynyami	d i nʲ a mʲ i
<|RUS|>mudoeba	m u d a j o b a
<|RUS|>podstrakhoval	p a t͡s s t r a x a v a ɫ
<|RUS|>obzvonit	a b z v a nʲ i t
<|RUS|>leikozom	lʲ i j k o z a m
<|RUS|>ustanovit	u s t a n o vʲ i t
<|RUS|>sovershatsya	s a vʲ i r ʂ a t͡s a
<|RUS|>desyatiugolniku	dʲ i sʲ i tʲ i u ɡ o lʲ nʲ i k u
<|RUS|>upryatav	u p rʲ a t a f
<|RUS|>shchitkakh	ɕː i t k a x
<|RUS|>nedoedavshy	nʲ i d a j i d a f ʂ i j
<|RUS|>zaprosyat	z a p r o sʲ a t
<|RUS|>lzhenauka	ɫ ʐ i n a u k a
<|RUS|>vezsya	vʲ o sʲ a
<|RUS|>odinoka	a dʲ i n o k a
<|RUS|>vydavlivaya	v i d a v lʲ i v a j a
<|RUS|>kotelki	k a tʲ i ɫ kʲ i
<|RUS|>priderus	p rʲ i dʲ i r u sʲ
<|RUS|>tipazhakh	tʲ i p a ʐ a x
<|RUS|>angstrem	a n k s t r i m
<|RUS|>zhestoky	ʐ i s t o kʲ i j
<|RUS|>posvistyvali	p a s vʲ i s t i v a lʲ i
<|RUS|>udochereniyakh	u d a t͡ɕ i rʲ e nʲ i j a x
<|RUS|>azikami	a zʲ i k a mʲ i
<|RUS|>privinti	p rʲ i vʲ i nʲ tʲ i
<|RUS|>sinkhronizatsy	sʲ i n x r a nʲ i z a t͡s i j
<|RUS|>zarzhavet	z a r ʐ a vʲ i tʲ
<|RUS|>otlezhalas	a t lʲ i ʐ a ɫ a sʲ
<|RUS|>devaisam	dʲ i v a j s a m
<|RUS|>eliksirom	i lʲ i k sʲ i r a m
<|RUS|>vzmetyvaemyi	v z mʲ o t i v a j i m i j
<|RUS|>otkraivaesh	a t k r a i v a j i ʂ
<|RUS|>pioneru	pʲ i a nʲ e r u
<|RUS|>akoit	a k o j t
<|RUS|>dotaskav	d a t a s k a f
<|RUS|>zavershalo	z a vʲ i r ʂ a ɫ a
<|RUS|>niku	nʲ i k u
<|RUS|>razyaryaete	r a z j i rʲ a j i tʲ e
<|ITA|>abbonamento	a b b o n a m e n t o
<|ITA|>accettare	a t t͡ʃ e t t a r e
<|ITA|>accoglienza	a k k o ʎ ʎ ɛ n t͡s a
<|ITA|>accompagnare	a k k o m p a ɲ ɲ a r e
<|ITA|>accordo	a k k ɔ r d o
<|ITA|>acqua	a k k w a
<|ITA|>acquazzone	a k k w a t t͡s o n e
<|ITA|>acquistare	a k k w i s t a r e
<|ITA|>ad	a d
<|ITA|>adatto	a d a t t o
<|ITA|>adesso	a d ɛ s s o
<|ITA|>affermato	a f f e r m a t o
<|ITA|>agenti	a d͡ʒ ɛ n t i
<|ITA|>agenzia	a d͡ʒ e n t͡s i a
<|ITA|>aggiunge	a d d͡ʒ u n d͡ʒ e
<|ITA|>aggiunto	a d d͡ʒ u n t o
<|ITA|>agli	a ʎ ʎ i
<|ITA|>aiuto	a j u t o
<|ITA|>albergo	a l b ɛ r ɡ o
<|ITA|>alberto	a l b ɛ r t o
<|ITA|>alessandra	a l e s s a n d r a
<|ITA|>alghero	a l ɡ ɛ r o
<|ITA|>alle	a l l e
<|ITA|>allenatore	a l l e n a t o r e
<|ITA|>allineato	a l l i n e a t o
<|ITA|>allo	a l l o
<|ITA|>allucinato	a l l u t͡ʃ i n a t o
<|ITA|>alternato	a l t e r n a t o
<|ITA|>alti	a l t i
<|ITA|>altra	a l t r a
<|ITA|>altre	a l t r e
<|ITA|>altri	a l t r i
<|ITA|>altro	a l t r o
<|ITA|>alture	a l t u r e
<|ITA|>america	a m ɛ r i k a
<|ITA|>amministrazione	a m m i n i s t r a t t͡s j o n e
<|ITA|>ampio	a m p j o
<|ITA|>anatroccolo	a n a t r ɔ k k o l o
<|ITA|>anche	a n k e
<|ITA|>andare	a n d a r e
<|ITA|>animale	a n i m a l e
<|ITA|>animazione	a n i m a t t͡s j o n e
<|ITA|>antognoni	a n t o ɲ ɲ o n i
<|ITA|>antonella	a n t o n ɛ l l a
<|ITA|>aperto	a p ɛ r t o
<|ITA|>appalti	a p p a l t i
<|ITA|>apparecchio	a p p a r e k k j o
<|ITA|>appello	a p p ɛ l l o
<|ITA|>appena	a p p e n a
<|ITA|>applicare	a p p l i k a r e
<|ITA|>aprile	a p r i l e
<|ITA|>ara	a r a
<|ITA|>armati	a r m a t i
<|ITA|>arricchito	a r r i k k i t o
<|ITA|>arrivare	a r r i v a r e
<|ITA|>arsenico	a r s ɛ n i k o
<|ITA|>articolo	a r t i k o l o
<|ITA|>assente	a s s ɛ n t e
<|ITA|>assenza	a s s ɛ n t͡s a
<|ITA|>assicurato	a s s i k u r a t o
<|ITA|>assistenza	a s s i s t ɛ n t͡s a
<|ITA|>assistere	a s s i s t e r e
<|ITA|>assolutistico	a s s o l u t i s t i k o
<|ITA|>attività	a t t i v i t a
<|ITA|>attraverso	a t t r a v ɛ r s o
<|ITA|>attuale	a t t u a l e
<|ITA|>attualità	a t t u a l i t a
<|ITA|>augusta	a w ɡ u s t a
<|ITA|>auto	a w t o
<|ITA|>autorevole	a u t o r e v o l e
<|ITA|>autorità	a u̯ t o r i t a
<|ITA|>autunno	a w t u n n o
<|ITA|>avanti	a v a n t i
<|ITA|>avere	a v e r e
<|ITA|>aveva	a v e v a
<|ITA|>badia	b a d i a
<|ITA|>ballo	b a l l o
<|ITA|>balzo	b a l t͡s o
<|ITA|>banca	b a n k a
<|ITA|>banda	b a n d a
<|ITA|>banditi	b a n d i t i
<|ITA|>basta	b a s t a
<|ITA|>battaglia	b a t t a ʎ ʎ a
<|ITA|>battere	b a t t e r e
<|ITA|>befana	b e f a n a
<|ITA|>benissimo	b e n i s s i m o
<|ITA|>beppe	b ɛ p p e
<|ITA|>biglietto	b i ʎ ʎ e t t o
<|ITA|>bisogno	b i z o ɲ ɲ o
<|ITA|>bolla	b o l l a
<|ITA|>bologna	b o l o ɲ ɲ a
<|ITA|>borse	b o r s e
<|ITA|>brevi	b r ɛ v i
<|ITA|>brutale	b r u t a l e
<|ITA|>buon	b w ɔ n
<|ITA|>cadavere	k a d a v e r e
<|ITA|>calabria	k a l a b r j a
<|ITA|>calcio	k a l t͡ʃ o
<|ITA|>calendario	k a l e n d a r j o
<|ITA|>calore	k a l o r e
<|ITA|>cambiare	k a m b j a r e
<|ITA|>camion	k a m j o n
<|ITA|>camminare	k a m m i n a r e
<|ITA|>cammino	k a m m i n o
<|ITA|>campagna	k a m p a ɲ ɲ a
<|ITA|>campo	k a m p o
<|ITA|>candidato	k a n d i d a t o
<|ITA|>cane	k a n e
<|ITA|>canzone	k a n t͡s o n e
<|ITA|>capire	k a p i r e
<|ITA|>capita	k a p i t a
<|ITA|>capito	k a p i t o
<|ITA|>capo	k a p o
<|ITA|>capolino	k a p o l i n o
<|ITA|>capoluogo	k a p o l w ɔ ɡ o
<|ITA|>cappa	k a p p a
<|ITA|>cardinale	k a r d i n a l e
<|ITA|>casinò	k a z i n ɔ
<|ITA|>caso	k a z o
<|ITA|>castello	k a s t ɛ l l o
<|ITA|>cattedrale	k a t t e d r a l e
<|ITA|>cattolico	k a t t o l i k o
<|ITA|>ce	t͡ʃ e
<|ITA|>celebre	t͡ʃ ɛ l e b r e
<|ITA|>cena	t͡ʃ e n a
<|ITA|>cento	t͡ʃ ɛ n t o
<|ITA|>centrale	t ʃ e n t r a l e
<|ITA|>centro	t ʃ ɛ n t r o
<|ITA|>cerca	t͡ʃ e r k a
<|ITA|>cercare	t ʃ e r k a r e
<|ITA|>cerco	t͡ʃ e r k o
<|ITA|>certo	t͡ʃ ɛ r t o
<|ITA|>che	k e
<|ITA|>chiamo	k j a m o
<|ITA|>chiaro	k j a r o
<|ITA|>chiedere	k j ɛ d e r e
<|ITA|>chiuso	k j u z o
<|ITA|>chiù	k j u
<|ITA|>ciclo	t͡ʃ i k l o
<|ITA|>cinque	t͡ʃ i n k w e
<|ITA|>cioccolato	t͡ʃ o k k o l a t o
<|ITA|>cittadino	t͡ʃ i t t a d i n o
<|ITA|>civile	t͡ʃ i v i l e
<|ITA|>coerenza	k o e r ɛ n t͡s a
<|ITA|>collegamento	k o l l e ɡ a m e n t o
<|ITA|>colloquio	k o l l ɔ k w j o
<|ITA|>colore	k o l o r e
<|ITA|>combattere	k o m b a t t e r e
<|ITA|>come	k o m e
<|ITA|>cominciare	k o m i n t͡ʃ a r e
<|ITA|>compagnia	k o m p a ɲ ɲ i a
<|ITA|>compilazione	k o m p i l a t t͡s j o n e
<|ITA|>complessità	k o m p l e s s i t a
<|ITA|>complotto	k o m p l ɔ t t o
<|ITA|>comprare	k o m p r a r e
<|ITA|>comunque	k o m u n k w e
<|ITA|>concetto	k o n t͡ʃ ɛ t t o
<|ITA|>conclusione	k o n k l u z j o n e
<|ITA|>condividere	k o n d i v i d e r e
<|ITA|>condizione	k o n d i t t͡s j o n e
<|ITA|>condurre	k o n d u r r e
<|ITA|>conduttore	k o n d u t t o r e
<|ITA|>connessione	k o n n e s s j o n e
<|ITA|>contagi	k o n t a d͡ʒ i
<|ITA|>contatto	k o n t a t t o
<|ITA|>conte	k o n t e
<|ITA|>contenimento	k o n t e n i m e n t o
<|ITA|>contenuto	k o n t e n u t o
<|ITA|>continuo	k o n t i n w o
<|ITA|>contrastato	k o n t r a s t a t o
<|ITA|>contro	k o n t r o
<|ITA|>convinto	k o n v i n t o
<|ITA|>copertina	k o p e r t i n a
<|ITA|>copie	k ɔ p j e
<|ITA|>coprire	k o p r i r e
<|ITA|>corona	k o r o n a
<|ITA|>corruscare	k o r r u s k a r e
<|ITA|>costituzionale	k o s t i t u t t͡s j o n a l e
<|ITA|>creare	k r e a r e
<|ITA|>credo	k r e d o
<|ITA|>criterio	k r i t ɛ r j o
<|ITA|>cruciforme	k r u t͡ʃ i f o r m e
<|ITA|>cui	k u j
<|ITA|>curato	k u r a t o
<|ITA|>daffare	d a f f a r e
<|ITA|>dallo	d a l l o
<|ITA|>danno	d a n n o
<|ITA|>deboli	d e b o l i
<|ITA|>debutto	d e b u t t o
<|ITA|>decesso	d e t͡ʃ ɛ s s o
<|ITA|>decisamente	d e t͡ʃ i z a m e n t e
<|ITA|>deciso	d e t͡ʃ i z o
<|ITA|>democratico	d e m o k r a t i k o
<|ITA|>densità	d e n s i t a
<|ITA|>dentro	d e n t r o
<|ITA|>dettaglio	d e t t a ʎ ʎ o
<|ITA|>deve	d ɛ v e
<|ITA|>dice	d i t͡ʃ e
<|ITA|>dichiarato	d i k j a r a t o
<|ITA|>didattica	d i d a t t i k a
<|ITA|>dieci	d j ɛ t͡ʃ i
<|ITA|>difendere	d i f ɛ n d e r e
<|ITA|>difesa	d i f e s a
<|ITA|>difficoltà	d i f f i k o l t a
<|ITA|>diffondere	d i f f o n d e r e
<|ITA|>diffusione	d i f f u z j o n e
<|ITA|>dilettantistico	d i l e t t a n t i s t i k o
<|ITA|>diminuzione	d i m i n u t t͡s j o n e
<|ITA|>dipendente	d i p e n d ɛ n t e
<|ITA|>dire	d i r e
<|ITA|>direzione	d i r e t t s j o n e
<|ITA|>dirotto	d i r o t t o
<|ITA|>disagi	d i z a d͡ʒ i
<|ITA|>disastro	d i z a s t r o
<|ITA|>disposizione	d i s p o z i t t͡s j o n e
<|ITA|>diva	d i v a
<|ITA|>diversità	d i v e r s i t a
<|ITA|>divisione	d i v i z j o n e
<|ITA|>diviso	d i v i z o
<|ITA|>dobbiamo	d o b b j a m o
<|ITA|>dolore	d o l o r e
<|ITA|>domani	d o m a n i
<|ITA|>donna	d ɔ n n a
<|ITA|>donne	d ɔ n n e
<|ITA|>dopo	d o p o
<|ITA|>dormire	d o r m i r e
<|ITA|>dottrina	d o t t r i n a
<|ITA|>dove	d o v e
<|ITA|>dovuto	d o v u t o
<|ITA|>drammatico	d r a m m a t i k o
<|ITA|>droga	d r ɔ ɡ a
<|ITA|>due	d u e
<|ITA|>dunque	d u n k w e
<|ITA|>durante	d u r a n t e
<|ITA|>ebbene	e b b ɛ n e
<|ITA|>ebraico	e b r a j k o
<|ITA|>ecco	ɛ k k o
<|ITA|>economista	e k o n o m i s t a
<|ITA|>ed	e d
<|ITA|>edizione	e d i t t͡s j o n e
<|ITA|>efficiente	e f f i t͡ʃ ɛ n t e
<|ITA|>elicottero	e l i k ɔ t t e r o
<|ITA|>emotivo	e m o t i v o
<|ITA|>energetica	e n e r d͡ʒ ɛ t i k a
<|ITA|>energia	e n e r d͡ʒ i a
<|ITA|>episodi	e p i z ɔ d i
<|ITA|>episodio	e p i z ɔ d j o
<|ITA|>era	ɛ r a
<|ITA|>ero	ɛ r o
<|ITA|>errore	e r r o r e
<|ITA|>errori	e r r o r i
<|ITA|>esattamente	e z a t t a m e n t e
<|ITA|>eseguire	e z e ɡ w i r e
<|ITA|>esempio	e z ɛ m p j o
<|ITA|>esperienza	e s p e r j ɛ n t͡s a
<|ITA|>essere	ɛ s s e r e
<|ITA|>eterno	e t ɛ r n o
<|ITA|>evidente	e v i d ɛ n t e
<|ITA|>evitando	e v i t a n d o
<|ITA|>evitare	e v i t a r e
<|ITA|>fa	f a
<|ITA|>fabbisogno	f a b b i z o ɲ ɲ o
<|ITA|>fabbrica	f a b b r i k a
<|ITA|>fabrizio	f a b r i t t s j o
<|ITA|>faccio	f a t t ʃ o
<|ITA|>fallo	f a l l o
<|ITA|>famiglia	f a m i ʎ ʎ a
<|ITA|>fanno	f a n n o
<|ITA|>fantasia	f a n t a z i a
<|ITA|>fasce	f a ʃ ʃ e
<|ITA|>fascia	f a ʃ ʃ a
<|ITA|>fascista	f a ʃ ʃ i s t a
<|ITA|>fase	f a z e
<|ITA|>fatica	f a t i k a
<|ITA|>fatto	f a t t o
<|ITA|>fatturato	f a t t u r a t o
<|ITA|>febbraio	f e b b r a j o
<|ITA|>federale	f e d e r a l e
<|ITA|>federico	f e d e r i k o
<|ITA|>felice	f e l i t͡ʃ e
<|ITA|>femminile	f e m m i n i l e
<|ITA|>fenomeno	f e n ɔ m e n o
<|ITA|>fermato	f e r m a t o
<|ITA|>ferro	f ɛ r r o
<|ITA|>festa	f ɛ s t a
<|ITA|>festività	f e s t i v i t a
<|ITA|>fiducioso	f i d u t͡ʃ o z o
<|ITA|>figlia	f i ʎ ʎ a
<|ITA|>figlio	f i ʎ ʎ o
<|ITA|>fila	f i l a
<|ITA|>fine	f i n e
<|ITA|>finite	f i n i t e
<|ITA|>fiorentina	f j o r e n t i n a
<|ITA|>firenze	f i r ɛ n t͡s e
<|ITA|>fiscale	f i s k a l e
<|ITA|>fisica	f i z i k a
<|ITA|>fisico	f i z i k o
<|ITA|>fornitura	f o r n i t u r a
<|ITA|>forse	f o r s e
<|ITA|>fortuna	f o r t u n a
<|ITA|>foto	f ɔ t o
<|ITA|>fra	f r a
<|ITA|>frase	f r a z e
<|ITA|>friuli	f r i u l i
<|ITA|>fucile	f u t͡ʃ i l e
<|ITA|>funzione	f u n t͡s j o n e
<|ITA|>furto	f u r t o
<|ITA|>futuro	f u t u r o
<|ITA|>gazebo	ɡ a d d͡z ɛ b o
<|ITA|>genere	d͡ʒ ɛ n e r e
<|ITA|>genio	d͡ʒ ɛ n j o
<|ITA|>giornale	d͡ʒ o r n a l e
<|ITA|>giornata	d͡ʒ o r n a t a
<|ITA|>giorno	d͡ʒ o r n o
<|ITA|>giovanile	d͡ʒ o v a n i l e
<|ITA|>giovanni	d͡ʒ o v a n n i
<|ITA|>giudiziario	d͡ʒ u d i t t͡s j a r j o
<|ITA|>giulietta	d͡ʒ u l j e t t a
<|ITA|>già	d͡ʒ a
<|ITA|>globale	ɡ l o b a l e
<|ITA|>governo	ɡ o v ɛ r n o
<|ITA|>gran	ɡ r a n
<|ITA|>grandi	ɡ r a n d i
<|ITA|>grasso	ɡ r a s s o
<|ITA|>grazie	ɡ r a t t͡s j e
<|ITA|>greco	ɡ r ɛ k o
<|ITA|>griffe	ɡ r i f f e
<|ITA|>gruppetto	ɡ r u p p e t t o
<|ITA|>ieri	j ɛ r i
<|ITA|>il	i l
<|ITA|>ilarità	i l a r i t a
<|ITA|>impeto	i m p e t o
<|ITA|>in	i n
<|ITA|>incontrare	i n k o n t r a r e
<|ITA|>indignazione	i n d i ɲ ɲ a t t͡s j o n e
<|ITA|>inedito	i n ɛ d i t o
<|ITA|>infelice	i n f e l i t͡ʃ e
<|ITA|>infermiere	i n f e r m j ɛ r e
<|ITA|>ingiustizia	i n d͡ʒ u s t i t t͡s j a
<|ITA|>inglese	i n ɡ l e z e
<|ITA|>ingressi	i n ɡ r ɛ s s i
<|ITA|>iniezione	i n j e t t͡s j o n e
<|ITA|>intanto	i n t a n t o
<|ITA|>intenzione	i n t e n t͡s j o n e
<|ITA|>intervista	i n t e r v i s t a
<|ITA|>intorno	i n t o r n o
<|ITA|>introdotto	i n t r o d o t t o
<|ITA|>invece	i n v e t͡ʃ e
<|ITA|>invito	i n v i t o
<|ITA|>io	i o
<|ITA|>istituto	i s t i t u t o
<|ITA|>italiana	i t a l j a n a
<|ITA|>italo	i t a l o
<|ITA|>le	l e
<|ITA|>legato	l e ɡ a t o
<|ITA|>legislativo	l e d͡ʒ i z l a t i v o
<|ITA|>lentamente	l e n t a m ɛ n t e
<|ITA|>leone	l e o n e
<|ITA|>lettera	l ɛ t t e r a
<|ITA|>lettura	l e t t u r a
<|ITA|>lezione	l e t t͡s j o n e
<|ITA|>libertà	l i b e r t a
<|ITA|>limitazione	l i m i t a t t͡s j o n e
<|ITA|>limite	l i m i t e
<|ITA|>lista	l i s t a
<|ITA|>logica	l ɔ d͡ʒ i k a
<|ITA|>lombardia	l o m b a r d i a
<|ITA|>lotta	l ɔ t t a
<|ITA|>luce	l u t͡ʃ e
<|ITA|>luigi	l w i d͡ʒ i
<|ITA|>lupo	l u p o
<|ITA|>maggiore	m a d d͡ʒ o r e
<|ITA|>mail	m ɛ i l
<|ITA|>malore	m a l o r e
<|ITA|>mamma	m a m m a
<|ITA|>manca	m a n k a
<|ITA|>mancato	m a n k a t o
<|ITA|>mantenere	m a n t e n e r e
<|ITA|>marca	m a r k a
<|ITA|>marea	m a r ɛ a
<|ITA|>maria	m a r i a
<|ITA|>marito	m a r i t o
<|ITA|>marocco	m a r ɔ k k o
<|ITA|>martedì	m a r t e d i
<|ITA|>maschera	m a s k e r a
<|ITA|>massaggiatore	m a s s a d d͡ʒ a t o r e
<|ITA|>materiale	m a t e r j a l e
<|ITA|>mattinata	m a t t i n a t a
<|ITA|>medesimo	m e d e z i m o
<|ITA|>medicina	m e d i t͡ʃ i n a
<|ITA|>meglio	m ɛ ʎ ʎ o
<|ITA|>melo	m e l o
<|ITA|>mente	m e n t e
<|ITA|>mentre	m e n t r e
<|ITA|>mercati	m e r k a t i
<|ITA|>mercato	m e r k a t o
<|ITA|>messa	m e s s a
<|ITA|>metà	m e t a
<|ITA|>mezzosoprano	m ɛ d d͡z o s o p r a n o
<|ITA|>mi	m i
<|ITA|>miei	m j ɛ i
<|ITA|>miglior	m i ʎ ʎ o r
<|ITA|>mila	m i l a
<|ITA|>mille	m i l l e
<|ITA|>minore	m i n o r e
<|ITA|>missione	m i s s j o n e
<|ITA|>misto	m i s t o
<|ITA|>modo	m ɔ d o
<|ITA|>moglie	m o ʎ ʎ e
<|ITA|>molto	m o l t o
<|ITA|>monaco	m ɔ n a k o
<|ITA|>mosca	m o s k a
<|ITA|>motivo	m o t i v o
<|ITA|>movimento	m o v i m e n t o
<|ITA|>mugello	m u d͡ʒ ɛ l l o
<|ITA|>multa	m u l t a
<|ITA|>musicale	m u z i k a l e
<|ITA|>napoletano	n a p o l e t a n o
<|ITA|>nascita	n a ʃ ʃ i t a
<|ITA|>nata	n a t a
<|ITA|>natale	n a t a l e
<|ITA|>nato	n a t o
<|ITA|>naturale	n a t u r a l e
<|ITA|>naturalezza	n a t u r a l e t t͡s a
<|ITA|>nazionale	n a t t͡s j o n a l e
<|ITA|>necessario	n e t͡ʃ e s s a r j o
<|ITA|>necessità	n e t͡ʃ e s s i t a
<|ITA|>nemmeno	n e m m e n o
<|ITA|>neonata	n e o n a t a
<|ITA|>nerazzurri	n e r a t t͡s u r r i
<|ITA|>nessun	n e s s u n
<|ITA|>nessuno	n e s s u n o
<|ITA|>netto	n e t t o
<|ITA|>neve	n e v e
<|ITA|>nicola	n i k ɔ l a
<|ITA|>niente	n j ɛ n t e
<|ITA|>nobile	n ɔ b i l e
<|ITA|>non	n o n
<|ITA|>norma	n ɔ r m a
<|ITA|>nostri	n ɔ s t r i
<|ITA|>nostro	n ɔ s t r o
<|ITA|>note	n ɔ t e
<|ITA|>noto	n ɔ t o
<|ITA|>numero	n u m e r o
<|ITA|>nuova	n w ɔ v a
<|ITA|>nuovo	n w ɔ v o
<|ITA|>occhi	ɔ k k i
<|ITA|>offrire	o f f r i r e
<|ITA|>oggi	ɔ d d͡ʒ i
<|ITA|>olanda	o l a n d a
<|ITA|>olimpico	o l i m p i k o
<|ITA|>opera	ɔ p e r a
<|ITA|>operativo	o p e r a t i v o
<|ITA|>operato	o p e r a t o
<|ITA|>oppure	o p p u r e
<|ITA|>orgoglio	o r ɡ o ʎ ʎ o
<|ITA|>oriente	o r j ɛ n t e
<|ITA|>origine	o r i d͡ʒ i n e
<|ITA|>ospite	ɔ s p i t e
<|ITA|>ostinatamente	o s t i n a t a m e n t e
<|ITA|>ottenere	o t t e n e r e
<|ITA|>pace	p a t͡ʃ e
<|ITA|>pagina	p a d͡ʒ i n a
<|ITA|>palazzo	p a l a t t s o
<|ITA|>palco	p a l k o
<|ITA|>palermo	p a l ɛ r m o
<|ITA|>palio	p a l j o
<|ITA|>palo	p a l o
<|ITA|>pane	p a n e
<|ITA|>parere	p a r e r e
<|ITA|>partecipare	p a r t e t͡ʃ i p a r e
<|ITA|>parto	p a r t o
<|ITA|>parziale	p a r t͡s j a l e
<|ITA|>passaporto	p a s s a p o r t o
<|ITA|>passione	p a s s j o n e
<|ITA|>patito	p a t i t o
<|ITA|>paura	p a u r a
<|ITA|>pc	p i t ʃ i
<|ITA|>pellicola	p e l l i k o l a
<|ITA|>pensare	p e n s a r e
<|ITA|>pensavo	p e n s a v o
<|ITA|>pensiero	p e n s j ɛ r o
<|ITA|>pentirsi	p e n t i r s i
<|ITA|>per	p e r
<|ITA|>percorso	p e r k o r s o
<|ITA|>perdere	p ɛ r d e r e
<|ITA|>performance	p e r f ɔ r m a n s
<|ITA|>pericolo	p e r i k o l o
<|ITA|>periodo	p e r i o d o
<|ITA|>perno	p ɛ r n o
<|ITA|>perplessità	p e r p l e s s i t a
<|ITA|>persa	p ɛ r s a
<|ITA|>persino	p e r s i n o
<|ITA|>persona	p e r s o n a
<|ITA|>però	p e r ɔ
<|ITA|>petrolio	p e t r ɔ l j o
<|ITA|>pettorale	p e t t o r a l e
<|ITA|>pezzi	p ɛ t t͡s i
<|ITA|>pianificazione	p j a n i f i k a t t͡s j o n e
<|ITA|>piattaforma	p j a t t a f o r m a
<|ITA|>picciotto	p i t t͡ʃ ɔ t t o
<|ITA|>piccola	p i k k o l a
<|ITA|>piccolo	p i k k o l o
<|ITA|>piovere	p j ɔ v e r e
<|ITA|>più	p j u
<|ITA|>plancia	p l a n t͡ʃ a
<|ITA|>plutone	p l u t o n e
<|ITA|>politico	p o l i t i k o
<|ITA|>pomeriggio	p o m e r i d d͡ʒ o
<|ITA|>pompiere	p o m p j ɛ r e
<|ITA|>popolazione	p o p o l a t t͡s j o n e
<|ITA|>portare	p o r t a r e
<|ITA|>positività	p o z i t i v i t a
<|ITA|>positivo	p o z i t i v o
<|ITA|>possa	p ɔ s s a
<|ITA|>possiamo	p o s s j a m o
<|ITA|>possibile	p o s s i b i l e
<|ITA|>posso	p ɔ s s o
<|ITA|>potrà	p o t r a
<|ITA|>pranzo	p r a n d͡z o
<|ITA|>prefigge	p r e f i d d͡ʒ e
<|ITA|>prende	p r ɛ n d e
<|ITA|>preparazione	p r e p a r a t t͡s j o n e
<|ITA|>presenza	p r e z ɛ n t͡s a
<|ITA|>presto	p r ɛ s t o
<|ITA|>primaria	p r i m a r j a
<|ITA|>primavera	p r i m a v ɛ r a
<|ITA|>primo	p r i m o
<|ITA|>principi	p r i n t͡ʃ i p i
<|ITA|>prodotto	p r o d o t t o
<|ITA|>profonda	p r o f o n d a
<|ITA|>programma	p r o ɡ r a m m a
<|ITA|>progresso	p r o ɡ r ɛ s s o
<|ITA|>promozione	p r o m o t t͡s j o n e
<|ITA|>propria	p r ɔ p r j a
<|ITA|>prossimo	p r ɔ s s i m o
<|ITA|>protezione	p r o t e t t͡s j o n e
<|ITA|>protocollo	p r o t o k ɔ l l o
<|ITA|>prova	p r ɔ v a
<|ITA|>provvedimento	p r o v v e d i m e n t o
<|ITA|>puntata	p u n t a t a
<|ITA|>pupo	p u p o
<|ITA|>pure	p u r e
<|ITA|>qualche	k w a l k e
<|ITA|>qualcosa	k w a l k ɔ z a
<|ITA|>qualcuno	k w a l k u n o
<|ITA|>quando	k w a n d o
<|ITA|>quarantena	k w a r a n t ɛ n a
<|ITA|>quarta	k w a r t a
<|ITA|>quella	k w e l l a
<|ITA|>quelli	k w e l l i
<|ITA|>quello	k w e l l o
<|ITA|>questione	k w e s t j o n e
<|ITA|>quinta	k w i n t a
<|ITA|>quirinale	k w i r i n a l e
<|ITA|>ragazza	r a ɡ a t t͡s a
<|ITA|>ragazzi	r a ɡ a t t͡s i
<|ITA|>rai	r a i̯
<|ITA|>rapire	r a p i r e
<|ITA|>reciproco	r e t͡ʃ i p r o k o
<|ITA|>regola	r ɛ ɡ o l a
<|ITA|>relativo	r e l a t i v o
<|ITA|>renato	r e n a t o
<|ITA|>rende	r ɛ n d e
<|ITA|>rendere	r ɛ n d e r e
<|ITA|>rendiconto	r ɛ n d i k o n t o
<|ITA|>resa	r e z a
<|ITA|>responsabilità	r e s p o n s a b i l i t a
<|ITA|>rete	r e t e
<|ITA|>reticolo	r e t i k o l o
<|ITA|>retrocessione	r e t r o t͡ʃ e s s j o n e
<|ITA|>revisione	r e v i z j o n e
<|ITA|>ricchezza	r i k k e t t͡s a
<|ITA|>riferimento	r i f e r i m e n t o
<|ITA|>riforma	r i f o r m a
<|ITA|>rimanere	r i m a n e r e
<|ITA|>rimangono	r i m a n ɡ o n o
<|ITA|>rimasto	r i m a s t o
<|ITA|>rimettere	r i m e t t e r e
<|ITA|>riscossione	r i s k o s s j o n e
<|ITA|>risposta	r i s p o s t a
<|ITA|>risultato	r i z u l t a t o
<|ITA|>ritmo	r i t m o
<|ITA|>riuscito	r i u ʃ ʃ i t o
<|ITA|>roberta	r o b ɛ r t a
<|ITA|>roberto	r o b ɛ r t o
<|ITA|>roma	r o m a
<|ITA|>romano	r o m a n o
<|ITA|>rossa	r o s s a
<|ITA|>rosso	r o s s o
<|ITA|>rotto	r o t t o
<|ITA|>russa	r u s s a
<|ITA|>saggio	s a d d͡ʒ o
<|ITA|>salerno	s a l ɛ r n o
<|ITA|>saltare	s a l t a r e
<|ITA|>salvini	s a l v i n i
<|ITA|>san	s a n
<|ITA|>sanitario	s a n i t a r j o
<|ITA|>sarà	s a r a
<|ITA|>savoia	s a v ɔ j a
<|ITA|>scadenza	s k a d ɛ n t͡s a
<|ITA|>scatola	s k a t o l a
<|ITA|>scegliere	ʃ e ʎ ʎ e r e
<|ITA|>scelta	ʃ e l t a
<|ITA|>scelto	ʃ e l t o
<|ITA|>sciatrice	ʃ a t r i t͡ʃ e
<|ITA|>scienza	ʃ ɛ n t͡s a
<|ITA|>scorso	s k o r s o
<|ITA|>scudetto	s k u d e t t o
<|ITA|>scuola	s k w ɔ l a
<|ITA|>se	s e
<|ITA|>segno	s e ɲ o
<|ITA|>seguire	s e ɡ w i r e
<|ITA|>sembra	s e m b r a
<|ITA|>sento	s ɛ n t o
<|ITA|>sera	s e r a
<|ITA|>serie	s ɛ r j e
<|ITA|>sesto	s ɛ s t o
<|ITA|>settembre	s e t t ɛ m b r e
<|ITA|>settore	s e t t o r e
<|ITA|>sfida	s f i d a
<|ITA|>sfiducia	s f i d u t͡ʃ a
<|ITA|>sfortuna	s f o r t u n a
<|ITA|>sguardo	z ɡ w a r d o
<|ITA|>siamo	s j a m o
<|ITA|>sicilia	s i t͡ʃ i l j a
<|ITA|>sicuramente	s i k u r a m e n t e
<|ITA|>siena	s j ɛ n a
<|ITA|>signore	s i ɲ o r e
<|ITA|>silvia	s u l v j a
<|ITA|>sindaco	s i n d a k o
<|ITA|>sinistro	s i n i s t r o
<|ITA|>sinossi	s i n ɔ s s i
<|ITA|>sociale	s o t͡ʃ a l e
<|ITA|>sofferenza	s o f f e r ɛ n t͡s a
<|ITA|>soglia	s ɔ ʎ ʎ a
<|ITA|>sogna	s o ɲ ɲ a
<|ITA|>sogno	s o ɲ ɲ o
<|ITA|>sole	s o l e
<|ITA|>solo	s o l o
<|ITA|>sopra	s o p r a
<|ITA|>soprattutto	s o p r a t t u t t o
<|ITA|>soprintendenza	s o p r i n t e n d ɛ n t͡s a
<|ITA|>sorreggono	s o r r ɛ ɡ ɡ o n o
<|ITA|>sorriso	s o r r i s o
<|ITA|>sorveglianza	s o r v e ʎ ʎ a n t͡s a
<|ITA|>sostanza	s o s t a n t͡s a
<|ITA|>sostegno	s o s t e ɲ ɲ o
<|ITA|>sostituire	s o s t i t u i r e
<|ITA|>sottotitoli	s o t t o t i t o l i
<|ITA|>sparito	s p a r i t o
<|ITA|>speciale	s p e t͡ʃ a l e
<|ITA|>spendere	s p ɛ n d e r e
<|ITA|>speranza	s p e r a n t͡s a
<|ITA|>spesa	s p e z a
<|ITA|>spesso	s p e s s o
<|ITA|>spettacolo	s p e t t a k o l o
<|ITA|>sportivo	s p o r t i v o
<|ITA|>squadra	s k w a d r a
<|ITA|>sta	s t a
<|ITA|>stabilità	s t a b i l i t a
<|ITA|>stadio	s t a d j o
<|ITA|>stagionale	s t a d͡ʒ o n a l e
<|ITA|>stagione	s t a d͡ʒ o n e
<|ITA|>stampa	s t a m p a
<|ITA|>stanziati	s t a n t͡s j a t i
<|ITA|>stata	s t a t a
<|ITA|>state	s t a t e
<|ITA|>stavo	s t a v o
<|ITA|>stefano	s t e f a n o
<|ITA|>stima	s t i m a
<|ITA|>stipendio	s t i p ɛ n d j o
<|ITA|>stoccolma	s t o k k o l m a
<|ITA|>storica	s t ɔ r i k a
<|ITA|>stradale	s t r a d a l e
<|ITA|>strano	s t r a n o
<|ITA|>struttura	s t r u t t u r a
<|ITA|>studente	s t u d ɛ n t e
<|ITA|>studio	s t u d j o
<|ITA|>sturzo	s t u r t͡s o
<|ITA|>su	s u
<|ITA|>sua	s u a
<|ITA|>successo	s u t t͡ʃ ɛ s s o
<|ITA|>suo	s u o
<|ITA|>superare	s u p e r a r e
<|ITA|>superato	s u p e r a t o
<|ITA|>susanna	s u z a n n a
<|ITA|>sviluppare	z v i l u p p a r e
<|ITA|>svolta	z v ɔ l t a
<|ITA|>sì	s i
<|ITA|>tabacco	t a b a k k o
<|ITA|>tacchi	t a k k i
<|ITA|>taccuino	t a k k u i n o
<|ITA|>talmente	t a l m e n t e
<|ITA|>talpa	t a l p a
<|ITA|>tanto	t a n t o
<|ITA|>tarantino	t a r a n t i n o
<|ITA|>tariffa	t a r i f f a
<|ITA|>teatro	t e a t r o
<|ITA|>tecnica	t ɛ k n i k a
<|ITA|>tecnicamente	t e k n i k a m e n t e
<|ITA|>tecnico	t ɛ k n i k o
<|ITA|>tedesco	t e d e s k o
<|ITA|>tegame	t e ɡ a m e
<|ITA|>temperature	t e m p e r a t u r e
<|ITA|>tempo	t ɛ m p o
<|ITA|>termine	t ɛ r m i n e
<|ITA|>terra	t ɛ r r a
<|ITA|>terreno	t e r r e n o
<|ITA|>terrestre	t e r r ɛ s t r e
<|ITA|>territorio	t e r r i t ɔ r j o
<|ITA|>terzo	t ɛ r t͡s o
<|ITA|>tesi	t ɛ z i
<|ITA|>testa	t ɛ s t a
<|ITA|>testamento	t e s t a m e n t o
<|ITA|>ti	t i
<|ITA|>tipicamente	t i p i k a m e n t e
<|ITA|>tipo	t i p o
<|ITA|>titoli	t i t o l i
<|ITA|>tokyo	t ɔ k j o
<|ITA|>tornare	t o r n a r e
<|ITA|>tradizionale	t r a d i t t͡s j o n a l e
<|ITA|>tramite	t r a m i t e
<|ITA|>tranquillo	t r a n k w i l l o
<|ITA|>trattamento	t r a t t a m e n t o
<|ITA|>tre	t r e
<|ITA|>tregua	t r ɛ ɡ w a
<|ITA|>treno	t r ɛ n o
<|ITA|>treviso	t r e v i z o
<|ITA|>tridente	t r i d ɛ n t e
<|ITA|>trimestre	t r i m ɛ s t r e
<|ITA|>tromba	t r o m b a
<|ITA|>trova	t r o v a
<|ITA|>turchia	t u r k i a
<|ITA|>tutte	t u t t e
<|ITA|>tutti	t u t t i
<|ITA|>tutto	t u t t o
<|ITA|>tv	t i v u
<|ITA|>udine	u d i n e
<|ITA|>ufficialmente	u f f i t ʃ a l m e n t e
<|ITA|>ulteriore	u l t e r j o r e
<|ITA|>ulteriormente	u l t e r j o r m e n t e
<|ITA|>ultimi	u l t i m i
<|ITA|>umbria	u m b r j a
<|ITA|>umore	u m o r e
<|ITA|>uninominali	u n i n o m i n a l i
<|ITA|>unisce	u n i ʃ ʃ e
<|ITA|>unità	u n i t a
<|ITA|>urina	u r i n a
<|ITA|>usa	u z a
<|ITA|>usare	u z a r e
<|ITA|>uscire	u ʃ ʃ i r e
<|ITA|>uscito	u ʃ ʃ i t o
<|ITA|>utile	u t i l e
<|ITA|>valanga	v a l a n ɡ a
<|ITA|>valere	v a l e r e
<|ITA|>vanno	v a n n o
<|ITA|>vano	v a n o
<|ITA|>vantaggio	v a n t a d d͡ʒ o
<|ITA|>variazione	v a r j a t t͡s j o n e
<|ITA|>ventimiglia	v e n t i m i ʎ ʎ a
<|ITA|>vera	v e r a
<|ITA|>verde	v e r d e
<|ITA|>verdure	v e r d u r e
<|ITA|>vero	v e r o
<|ITA|>versante	v e r s a n t e
<|ITA|>verso	v ɛ r s o
<|ITA|>vettura	v e t t u r a
<|ITA|>vi	v i
<|ITA|>via	v i a
<|ITA|>viaggio	v i a d d͡ʒ o
<|ITA|>vicina	v i t͡ʃ i n a
<|ITA|>vicine	v i t͡ʃ i n e
<|ITA|>video	v i d e o
<|ITA|>viene	v j ɛ n e
<|ITA|>vigente	v i d͡ʒ ɛ n t e
<|ITA|>vigile	v i d͡ʒ i l e
<|ITA|>villa	v i l l a
<|ITA|>vincere	v i n t ʃ e r e
<|ITA|>viste	v i s t e
<|ITA|>vive	v i v e
<|ITA|>vivere	v i v e r e
<|ITA|>vivo	v i v o
<|ITA|>voce	v o t͡ʃ e
<|ITA|>voglia	v ɔ ʎ ʎ a
<|ITA|>voler	v o l e r
<|ITA|>volontà	v o l o n t a
<|ITA|>volutamente	v o l u t a m e n t e
<|ITA|>vorrebbe	v o r r ɛ b b e
<|ITA|>vorrei	v o r r e j
<|ITA|>vostro	v ɔ s t r o
<|ITA|>votare	v o t a r e
<|ITA|>web	w ɛ b
<|ITA|>whisky	w i s k i
<|ITA|>york	j ɔ r k
<|ITA|>zanetti	d͡z a n e t t i
<|ITA|>zero	d͡z ɛ r o
<|ITA|>zona	d͡z ɔ n a
<|ITA|>épagneul	e p a ɲ ɲ ɔ l
<|ITA|>étoile	e t w a l
<|HYE|>abort	ɑ b ɔ ɾ t
<|HYE|>abram	ɑ b ɾ ɑ m
<|HYE|>agnostik	ɑ ɡ n ɔ s t i k
<|HYE|>agucel	ɑ ɡ u t͡sʰ ɛ l
<|HYE|>adrbejanci	ɑ d ə ɾ b ɛ d͡ʒ ɑ n t͡sʰ i
<|HYE|>azdvel	ɑ z d v ɛ l
<|HYE|>alani	ɑ l ɑ n i
<|HYE|>albom	ɑ l b ɔ m
<|HYE|>alemaneren	ɑ l ɛ m ɑ n ɛ ɾ ɛ n
<|HYE|>alyur	ɑ l j u ɾ
<|HYE|>aluck	ɑ l u t͡sʰ kʰ
<|HYE|>akht	ɑ χ t
<|HYE|>akademia	ɑ k ɑ d ɛ m j ɑ
<|HYE|>aknakhndzor	ɑ k n ɑ χ ə n d͡z ɔ ɾ
<|HYE|>aknatsalic	ɑ k n ɑ t͡s ɑ l i t͡sʰ
<|HYE|>aknaghbyur	ɑ k n ɑ χ p j u ɾ
<|HYE|>akntart	ɑ k ə n tʰ ɑ ɾ tʰ
<|HYE|>ah	ɑ h
<|HYE|>aghb	ɑ χ p
<|HYE|>aghegh	ɑ ʁ ɛ ʁ
<|HYE|>aghioghorm	ɑ ʁ i ɔ ʁ ɔ ɾ m
<|HYE|>aghunik	ɑ ʁ u n i k
<|HYE|>aghjamughj	ɑ ʁ d͡ʒ ɑ m u ʁ d͡ʒ
<|HYE|>amenalav	ɑ m ɛ n ɑ l ɑ v
<|HYE|>amerikaci	ɑ m ɛ ɾ i k ɑ t͡sʰ i
<|HYE|>amnistia	ɑ m n i s t j ɑ
<|HYE|>aytseni	ɑ j t͡s ɛ n i
<|HYE|>aynuhetew	ɑ j n u h ɛ t ɛ v
<|HYE|>ayntegh	ɑ j n t ɛ ʁ
<|HYE|>anali	ɑ n ɑ l i
<|HYE|>anak	ɑ n ɑ k
<|HYE|>anatolia	ɑ n ɑ t ɔ l j ɑ
<|HYE|>anatoliakan	ɑ n ɑ t ɔ l j ɑ k ɑ n
<|HYE|>anarat	ɑ n ɑ ɾ ɑ t
<|HYE|>angnahateli	ɑ ŋ ɡ ə n ɑ h ɑ t ɛ l i
<|HYE|>ander	ɑ n d ɛ ɾ
<|HYE|>andrkovkasyan	ɑ n d ə ɾ k ɔ f k ɑ s j ɑ n
<|HYE|>anerdzag	ɑ n ɛ ɾ d͡z ɑ kʰ
<|HYE|>anirav	ɑ n i ɾ ɑ v
<|HYE|>ankareli	ɑ ŋ k ɑ ɾ ɛ l i
<|HYE|>anhamestutyun	ɑ n h ɑ m ɛ s t u tʰ j u n
<|HYE|>anhavanakan	ɑ n h ɑ v ɑ n ɑ k ɑ n
<|HYE|>anhetetutyun	ɑ n h ɛ tʰ ɛ tʰ u tʰ j u n
<|HYE|>anmahutyun	ɑ n m ɑ h u tʰ j u n
<|HYE|>anspar	ɑ n s p ɑ r
<|HYE|>antoni	ɑ n t ɔ n i
<|HYE|>ashkhen	ɑ ʃ χ ɛ n
<|HYE|>apahovel	ɑ p ɑ h ɔ v ɛ l
<|HYE|>apush	ɑ p u ʃ
<|HYE|>apstambel	ɑ p ə s t ɑ m b ɛ l
<|HYE|>aporini	ɑ p ɔ ɾ i n i
<|HYE|>arandzin	ɑ r ɑ n d͡z i n
<|HYE|>arajadimakan	ɑ r ɑ t͡ʃʰ ɑ d i m ɑ k ɑ n
<|HYE|>arajacum	ɑ r ɑ t͡ʃʰ ɑ t͡sʰ u m
<|HYE|>arajnordel	ɑ r ɑ t͡ʃʰ n ɔ ɾ tʰ ɛ l
<|HYE|>aravelaguyn	ɑ r ɑ v ɛ l ɑ ɡ u j n
<|HYE|>arakelyan	ɑ r ɑ kʰ ɛ l j ɑ n
<|HYE|>areres	ɑ r ɛ ɾ ɛ s
<|HYE|>arewangum	ɑ r ɛ v ɑ ŋ ɡ u m
<|HYE|>arkaytsum	ɑ r k ɑ j t͡s u m
<|HYE|>arhavatchya	ɑ r h ɑ v ɑ t t͡ʃʰ j ɑ
<|HYE|>aroghjaran	ɑ r ɔ χ t͡ʃʰ ɑ ɾ ɑ n
<|HYE|>asacvatsk	ɑ s ɑ t͡sʰ v ɑ t͡s kʰ
<|HYE|>asel	ɑ s ɛ l
<|HYE|>asegh	ɑ s ɛ ʁ
<|HYE|>asketizm	ɑ s k ɛ t i z m
<|HYE|>asocacnel	ɑ s ɔ t͡sʰ ɑ t͡sʰ n ɛ l
<|HYE|>astvatsabanakan	ɑ s t v ɑ t͡s ɑ b ɑ n ɑ k ɑ n
<|HYE|>astvatsashunch	ɑ s t v ɑ t͡s ɑ ʃ u n t͡ʃʰ
<|HYE|>ask	ɑ s kʰ
<|HYE|>avan	ɑ v ɑ n
<|HYE|>avandakan	ɑ v ɑ n d ɑ k ɑ n
<|HYE|>avartel	ɑ v ɑ ɾ t ɛ l
<|HYE|>avel	ɑ v ɛ l
<|HYE|>atamnayin	ɑ t ɑ m n ɑ j i n
<|HYE|>aragil	ɑ ɾ ɑ ɡ i l
<|HYE|>argelel	ɑ ɾ kʰ ɛ l ɛ l
<|HYE|>argishti	ɑ ɾ ɡ i ʃ t i
<|HYE|>ardaradatutyun	ɑ ɾ tʰ ɑ ɾ ɑ d ɑ t u tʰ j u n
<|HYE|>ardyunaberutyun	ɑ ɾ tʰ j u n ɑ b ɛ ɾ u tʰ j u n
<|HYE|>aristakes	ɑ ɾ i s t ɑ k ɛ s
<|HYE|>artsrun	ɑ ɾ t͡s ɾ u n
<|HYE|>arkgh	ɑ ɾ k ə ʁ
<|HYE|>ardzagank	ɑ ɾ d͡z ɑ ɡ ɑ ŋ kʰ
<|HYE|>armav	ɑ ɾ m ɑ v
<|HYE|>arshipelag	ɑ ɾ ʃ i p ɛ l ɑ ɡ
<|HYE|>aru	ɑ ɾ u
<|HYE|>aruyr	ɑ ɾ u j ɾ
<|HYE|>arsen	ɑ ɾ s ɛ n
<|HYE|>arvestaget	ɑ ɾ v ɛ s t ɑ ɡ ɛ t
<|HYE|>artahanum	ɑ ɾ t ɑ h ɑ n u m
<|HYE|>artorayk	ɑ ɾ t ɔ ɾ ɑ j kʰ
<|HYE|>arcakh	ɑ ɾ t͡sʰ ɑ χ
<|HYE|>ap	ɑ pʰ
<|HYE|>api	ɑ pʰ i
<|HYE|>aksorel	ɑ kʰ s ɔ ɾ ɛ l
<|HYE|>babayan	b ɑ b ɑ j ɑ n
<|HYE|>bazmamard	b ɑ z m ɑ m ɑ ɾ tʰ
<|HYE|>bazmanal	b ɑ z m ɑ n ɑ l
<|HYE|>bazhak	b ɑ ʒ ɑ k
<|HYE|>bal	b ɑ l
<|HYE|>balalayka	b ɑ l ɑ l ɑ j k ɑ
<|HYE|>bakhum	b ɑ χ u m
<|HYE|>bah	b ɑ h
<|HYE|>baghadrich	b ɑ ʁ ɑ d ɾ i t͡ʃʰ
<|HYE|>bambasank	b ɑ m b ɑ s ɑ ŋ kʰ
<|HYE|>bayden	b ɑ j d ɛ n
<|HYE|>banasteghtsuhi	b ɑ n ɑ s t ɛ χ t͡s u h i
<|HYE|>banjar	b ɑ n d͡ʒ ɑ ɾ
<|HYE|>barbarayin	b ɑ ɾ b ɑ r ɑ j i n
<|HYE|>barekamutyun	b ɑ ɾ ɛ k ɑ m u tʰ j u n
<|HYE|>bardzr	b ɑ ɾ t͡sʰ ə ɾ
<|HYE|>bardzracnel	b ɑ ɾ t͡sʰ ɾ ɑ t͡sʰ n ɛ l
<|HYE|>bardzrutyun	b ɑ ɾ t͡sʰ ɾ u tʰ j u n
<|HYE|>barsegh	b ɑ ɾ s ɛ ʁ
<|HYE|>bacoroshaki	b ɑ t͡sʰ ɔ ɾ ɔ ʃ ɑ k i
<|HYE|>bacum	b ɑ t͡sʰ u m
<|HYE|>betghehem	b ɛ tʰ χ ɛ h ɛ m
<|HYE|>belisarios	b ɛ l i s ɑ ɾ i ɔ s
<|HYE|>bern	b ɛ r n
<|HYE|>berman	b ɛ ɾ m ɑ n
<|HYE|>biznesmen	b i z n ɛ s m ɛ n
<|HYE|>bilak	b i l ɑ k
<|HYE|>bifshteks	b i f ʃ t ɛ kʰ s
<|HYE|>bnorosh	b ə n ɔ ɾ ɔ ʃ
<|HYE|>boghokarkum	b ɔ ʁ ɔ kʰ ɑ ɾ k u m
<|HYE|>boyajyan	b ɔ j ɑ d͡ʒ j ɑ n
<|HYE|>bu	b u
<|HYE|>but	b u tʰ
<|HYE|>buyl	b u j l
<|HYE|>busakerutyun	b u s ɑ k ɛ ɾ u tʰ j u n
<|HYE|>brnazavtum	b ə r n ɑ z ɑ f tʰ u m
<|HYE|>brnutyun	b ə r n u tʰ j u n
<|HYE|>bryusel	b ɾ j u s ɛ l
<|HYE|>bronz	b ə ɾ ɔ n z
<|HYE|>gazananoc	ɡ ɑ z ɑ n ɑ n ɔ t͡sʰ
<|HYE|>gaghapar	ɡ ɑ ʁ ɑ pʰ ɑ ɾ
<|HYE|>gamirk	ɡ ɑ m i ɾ kʰ
<|HYE|>gaj	ɡ ɑ d͡ʒ
<|HYE|>gavit	ɡ ɑ v i tʰ
<|HYE|>gavot	ɡ ɑ v ɔ t
<|HYE|>garnanayin	ɡ ɑ ɾ n ɑ n ɑ j i n
<|HYE|>garshel	ɡ ɑ ɾ ʃ ɛ l
<|HYE|>gegham	ɡ ɛ ʁ ɑ m
<|HYE|>geghani	ɡ ɛ ʁ ɑ n i
<|HYE|>geghon	ɡ ɛ ʁ ɔ n
<|HYE|>general	ɡ ɛ n ɛ ɾ ɑ l
<|HYE|>gerazancutyun	ɡ ɛ ɾ ɑ z ɑ n t͡sʰ u tʰ j u n
<|HYE|>germaneren	ɡ ɛ ɾ m ɑ n ɛ ɾ ɛ n
<|HYE|>gtutyun	ɡ ə tʰ u tʰ j u n
<|HYE|>gind	ɡ i n d
<|HYE|>gisherotik	ɡ i ʃ ɛ ɾ ɔ tʰ i k
<|HYE|>gitakic	ɡ i t ɑ k i t͡sʰ
<|HYE|>gitenal	ɡ i t ɛ n ɑ l
<|HYE|>gir	ɡ i ɾ
<|HYE|>goghuni	ɡ ɔ ʁ u n i
<|HYE|>gomaghb	ɡ ɔ m ɑ χ p
<|HYE|>goral	ɡ ɔ r ɑ l
<|HYE|>gorozutyun	ɡ ɔ r ɔ z u tʰ j u n
<|HYE|>goris	ɡ ɔ ɾ i s
<|HYE|>gortselaotch	ɡ ɔ ɾ t͡s ɛ l ɑ v ɔ t͡ʃ
<|HYE|>gortsich	ɡ ɔ ɾ t͡s i t͡ʃʰ
<|HYE|>gund	ɡ u n d
<|HYE|>gtatso	ɡ ə t ɑ t͡s ɔ
<|HYE|>grakan	ɡ ə ɾ ɑ k ɑ n
<|HYE|>grancum	ɡ ə ɾ ɑ n t͡sʰ u m
<|HYE|>gratakhtak	ɡ ə ɾ ɑ t ɑ χ t ɑ k
<|HYE|>grgrvats	ɡ ə ɾ ɡ ə r v ɑ t͡s
<|HYE|>grich	ɡ ə ɾ i t͡ʃʰ
<|HYE|>grip	ɡ ə ɾ i p
<|HYE|>dadar	d ɑ tʰ ɑ ɾ
<|HYE|>dahlitch	d ɑ h l i t͡ʃ
<|HYE|>dashnakcakan	d ɑ ʃ n ɑ k t͡sʰ ɑ k ɑ n
<|HYE|>datarkadzern	d ɑ t ɑ ɾ k ɑ d͡z ɛ r ə n
<|HYE|>datarkel	d ɑ t ɑ ɾ k ɛ l
<|HYE|>deghin	d ɛ ʁ i n
<|HYE|>depi	d ɛ p i
<|HYE|>dimord	d i m ɔ ɾ tʰ
<|HYE|>diplom	d i p l ɔ m
<|HYE|>dipuk	d i p u k
<|HYE|>disertacia	d i s ɛ ɾ t ɑ t͡sʰ j ɑ
<|HYE|>diskotek	d i s k ɔ t ɛ k
<|HYE|>divanaget	d i v ɑ n ɑ ɡ ɛ t
<|HYE|>dhol	d ə h ɔ l
<|HYE|>dolar	d ɔ l ɑ ɾ
<|HYE|>doha	d ɔ h ɑ
<|HYE|>dukh	d u χ
<|HYE|>dushanbe	d u ʃ ɑ n b ɛ
<|HYE|>drutyun	d ə ɾ u tʰ j u n
<|HYE|>yeahk	j ɛ ɑ h ə k ə
<|HYE|>yelak	j ɛ l ɑ k
<|HYE|>yelizaveta	j ɛ l i z ɑ v ɛ t ɑ
<|HYE|>yekbatan	j ɛ k b ɑ t ɑ n
<|HYE|>yeghishe	j ɛ ʁ i ʃ ɛ
<|HYE|>en	ɛ n
<|HYE|>yentadryal	j ɛ n tʰ ɑ d ə ɾ j ɑ l
<|HYE|>yentakayan	j ɛ n tʰ ɑ k ɑ j ɑ n
<|HYE|>yenisey	j ɛ n i s ɛ j
<|HYE|>yeral	j ɛ r ɑ l
<|HYE|>yerandagin	j ɛ r ɑ n d ɑ ɡ i n
<|HYE|>yeracum	j ɛ r ɑ t͡sʰ u m
<|HYE|>yevrahandznazhoghov	j ɛ v ɾ ɑ h ɑ n d͡z n ɑ ʒ ɔ ʁ ɔ v
<|HYE|>yerani	j ɛ ɾ ɑ n i
<|HYE|>yerbemni	j ɛ ɾ pʰ ɛ m n i
<|HYE|>yerg	j ɛ ɾ kʰ
<|HYE|>yergahan	j ɛ ɾ kʰ ɑ h ɑ n
<|HYE|>yergecik	j ɛ ɾ kʰ ɛ t͡sʰ i k
<|HYE|>yergi	j ɛ ɾ kʰ i
<|HYE|>yerdvyal	j ɛ ɾ tʰ v j ɑ l
<|HYE|>yerewakayel	j ɛ ɾ ɛ v ɑ k ɑ j ɛ l
<|HYE|>yerewan	j ɛ ɾ ɛ v ɑ n
<|HYE|>yerivar	j ɛ ɾ i v ɑ ɾ
<|HYE|>yerkatughayin	j ɛ ɾ k ɑ tʰ u ʁ ɑ j i n
<|HYE|>yerknaguyn	j ɛ ɾ k n ɑ ɡ u j n
<|HYE|>yerkchot	j ɛ ɾ k t͡ʃʰ ɔ t
<|HYE|>zanazan	z ɑ n ɑ z ɑ n
<|HYE|>zavak	z ɑ v ɑ k
<|HYE|>zavtrik	z ɑ f t ɾ i k
<|HYE|>zakaryan	z ɑ kʰ ɑ ɾ j ɑ n
<|HYE|>zerun	z ɛ r u n
<|HYE|>zibilanoc	z i b i l ɑ n ɔ t͡sʰ
<|HYE|>zinvel	z i n v ɛ l
<|HYE|>zinvor	z i n v ɔ ɾ
<|HYE|>zodel	z ɔ d ɛ l
<|HYE|>zoh	z ɔ h
<|HYE|>zorov	z ɔ r ɔ v
<|HYE|>zvartchanal	z ə v ɑ ɾ t͡ʃ ɑ n ɑ l
<|HYE|>etika	ɛ tʰ i k ɑ
<|HYE|>elektroliz	ɛ l ɛ k t ɾ ɔ l i z
<|HYE|>ere	ɛ ɾ ɛ
<|HYE|>erik	ɛ ɾ i k
<|HYE|>enderk	ə n d ɛ ɾ kʰ
<|HYE|>endhanrakan	ə n tʰ h ɑ n ɾ ɑ k ɑ n
<|HYE|>endunakutyun	ə n tʰ u n ɑ k u tʰ j u n
<|HYE|>endunvats	ə n tʰ u n v ɑ t͡s
<|HYE|>enkeruhi	ə ŋ k ɛ ɾ u h i
<|HYE|>enktchvel	ə ŋ k ə t͡ʃ v ɛ l
<|HYE|>enknel	ə ŋ k n ɛ l
<|HYE|>entrutyun	ə n t ɾ u tʰ j u n
<|HYE|>entrvel	ə n t ə ɾ v ɛ l
<|HYE|>tag	tʰ ɑ ɡ
<|HYE|>tagh	tʰ ɑ ʁ
<|HYE|>tarel	tʰ ɑ r ɛ l
<|HYE|>targman	tʰ ɑ ɾ kʰ m ɑ n
<|HYE|>tarm	tʰ ɑ ɾ m
<|HYE|>teknatsu	tʰ ɛ k n ɑ t͡s u
<|HYE|>tehran	tʰ ɛ h ɾ ɑ n
<|HYE|>teghi	tʰ ɛ ʁ i
<|HYE|>teynik	tʰ ɛ j n i k
<|HYE|>tenis	tʰ ɛ n i s
<|HYE|>terton	tʰ ɛ ɾ tʰ ɔ n
<|HYE|>tekel	tʰ ɛ kʰ ɛ l
<|HYE|>tti	tʰ ə tʰ i
<|HYE|>ttkhmor	tʰ ə tʰ χ ə m ɔ ɾ
<|HYE|>tkhki	tʰ ə χ k i
<|HYE|>torgom	tʰ ɔ ɾ ɡ ɔ m
<|HYE|>torits	tʰ ɔ ɾ i t͡s
<|HYE|>toros	tʰ ɔ ɾ ɔ s
<|HYE|>tukh	tʰ u χ
<|HYE|>turk	tʰ u ɾ kʰ
<|HYE|>tok	tʰ ɔ kʰ
<|HYE|>tvarkel	tʰ ə v ɑ ɾ k ɛ l
<|HYE|>trew	tʰ ə ɾ ɛ v
<|HYE|>trtnjuk	tʰ ə ɾ tʰ ə n d͡ʒ u k
<|HYE|>zhapaven	ʒ ɑ p ɑ v ɛ n
<|HYE|>zharang	ʒ ɑ r ɑ ŋ ɡ
<|HYE|>zhkhtakan	ʒ ə χ t ɑ k ɑ n
<|HYE|>indzanov	i n d͡z ɑ n ɔ v
<|HYE|>inknatap	i ŋ kʰ n ɑ tʰ ɑ pʰ
<|HYE|>inknasharzh	i ŋ kʰ n ɑ ʃ ɑ ɾ ʒ
<|HYE|>iroghutyun	i ɾ ɔ ʁ u tʰ j u n
<|HYE|>lava	l ɑ v ɑ
<|HYE|>lehastan	l ɛ h ɑ s t ɑ n
<|HYE|>lernayin	l ɛ r n ɑ j i n
<|HYE|>li	l i
<|HYE|>limuzin	l i m u z i n
<|HYE|>litr	l i t ə ɾ
<|HYE|>like	l i kʰ ə
<|HYE|>logank	l ɔ ɡ ɑ ŋ kʰ
<|HYE|>logaran	l ɔ ɡ ɑ ɾ ɑ n
<|HYE|>lotaringaci	l ɔ tʰ ɑ ɾ i ŋ ɡ ɑ t͡sʰ i
<|HYE|>lur	l u r
<|HYE|>lusamut	l u s ɑ m u t
<|HYE|>lusan	l u s ɑ n
<|HYE|>lusavor	l u s ɑ v ɔ ɾ
<|HYE|>lusine	l u s i n ɛ
<|HYE|>lrutyun	l ə r u tʰ j u n
<|HYE|>lragrogh	l ə ɾ ɑ ɡ ə ɾ ɔ ʁ
<|HYE|>khatabala	χ ɑ tʰ ɑ b ɑ l ɑ
<|HYE|>khatsanel	χ ɑ t͡s ɑ n ɛ l
<|HYE|>khandel	χ ɑ n d ɛ l
<|HYE|>khariskh	χ ɑ ɾ i s χ
<|HYE|>khartoc	χ ɑ ɾ t ɔ t͡sʰ
<|HYE|>khetel	χ ɛ tʰ ɛ l
<|HYE|>khzel	χ ə z ɛ l
<|HYE|>khlutyun	χ ə l u tʰ j u n
<|HYE|>khotel	χ ɔ tʰ ɛ l
<|HYE|>khohanoc	χ ɔ h ɑ n ɔ t͡sʰ
<|HYE|>khoshoracuyc	χ ɔ ʃ ɔ ɾ ɑ t͡sʰ u j t͡sʰ
<|HYE|>khosk	χ ɔ s kʰ
<|HYE|>khorenaci	χ ɔ ɾ ɛ n ɑ t͡sʰ i
<|HYE|>khorhrdakan	χ ɔ ɾ ə ɾ tʰ ɑ k ɑ n
<|HYE|>khorhrdatu	χ ɔ ɾ ə ɾ tʰ ɑ t u
<|HYE|>khorsh	χ ɔ ɾ ʃ
<|HYE|>khorvat	χ ɔ ɾ v ɑ tʰ
<|HYE|>khunta	χ u n t ɑ
<|HYE|>khup	χ u pʰ
<|HYE|>khram	χ ə ɾ ɑ m
<|HYE|>tsagum	t͡s ɑ kʰ u m
<|HYE|>tsakh	t͡s ɑ χ
<|HYE|>tsakhvats	t͡s ɑ χ v ɑ t͡s
<|HYE|>tsayrakaghak	t͡s ɑ j ɾ ɑ kʰ ɑ ʁ ɑ kʰ
<|HYE|>tsanradzogh	t͡s ɑ n ɾ ɑ d͡z ɔ ʁ
<|HYE|>tsarayogh	t͡s ɑ r ɑ j ɔ ʁ
<|HYE|>tsetsel	t͡s ɛ t͡s ɛ l
<|HYE|>tses	t͡s ɛ s
<|HYE|>tsit	t͡s i t
<|HYE|>tsor	t͡s ɔ r
<|HYE|>tsov	t͡s ɔ v
<|HYE|>tsughak	t͡s u ʁ ɑ k
<|HYE|>tsragrel	t͡s ə ɾ ɑ ɡ ɾ ɛ l
<|HYE|>kadmium	k ɑ d m i j u m
<|HYE|>kazak	k ɑ z ɑ k
<|HYE|>katnov	k ɑ tʰ n ɔ v
<|HYE|>kakach	k ɑ k ɑ t͡ʃʰ
<|HYE|>kaghkandz	k ɑ χ k ɑ n d͡z
<|HYE|>kamakor	k ɑ m ɑ k ɔ ɾ
<|HYE|>kamavor	k ɑ m ɑ v ɔ ɾ
<|HYE|>kamac	k ɑ m ɑ t͡sʰ
<|HYE|>kamerun	k ɑ m ɛ ɾ u n
<|HYE|>kamurj	k ɑ m u ɾ d͡ʒ
<|HYE|>kayanal	k ɑ j ɑ n ɑ l
<|HYE|>kaytsar	k ɑ j t͡s ɑ r
<|HYE|>kanadakan	k ɑ n ɑ d ɑ k ɑ n
<|HYE|>kanonavor	k ɑ n ɔ n ɑ v ɔ ɾ
<|HYE|>kashkand	k ɑ ʃ k ɑ n d
<|HYE|>kapartch	k ɑ p ɑ ɾ t͡ʃ
<|HYE|>kaputak	k ɑ p u t ɑ k
<|HYE|>kaptuk	k ɑ p t u k
<|HYE|>karavarum	k ɑ r ɑ v ɑ ɾ u m
<|HYE|>karucum	k ɑ r u t͡sʰ u m
<|HYE|>kaskara	k ɑ s k ɑ ɾ ɑ
<|HYE|>kavitch	k ɑ v i t͡ʃ
<|HYE|>katastrofa	k ɑ t ɑ s t ɾ ɔ f ɑ
<|HYE|>katmandu	k ɑ t m ɑ n d u
<|HYE|>karayan	k ɑ ɾ ɑ j ɑ n
<|HYE|>karg	k ɑ ɾ kʰ
<|HYE|>karelia	k ɑ ɾ ɛ l j ɑ
<|HYE|>karekcasharzh	k ɑ ɾ ɛ k t͡sʰ ɑ ʃ ɑ ɾ ʒ
<|HYE|>karekcum	k ɑ ɾ ɛ k t͡sʰ u m
<|HYE|>kartsr	k ɑ ɾ t͡s ə ɾ
<|HYE|>kartcharotabar	k ɑ ɾ t͡ʃ ɑ r ɔ t ɑ b ɑ ɾ
<|HYE|>karmruk	k ɑ ɾ m ɾ u k
<|HYE|>kafe	k ɑ f ɛ
<|HYE|>keltakan	k ɛ l t ɑ k ɑ n
<|HYE|>ketadrutyun	k ɛ t ɑ d ɾ u tʰ j u n
<|HYE|>kerakur	k ɛ ɾ ɑ k u ɾ
<|HYE|>ktel	k ə tʰ ɛ l
<|HYE|>kizel	k i z ɛ l
<|HYE|>kino	k i n ɔ
<|HYE|>kipros	k i p ɾ ɔ s
<|HYE|>kisafabrikat	k i s ɑ f ɑ b ɾ i k ɑ t
<|HYE|>kitel	k i t ɛ l
<|HYE|>kirov	k i ɾ ɔ v
<|HYE|>kyuros	k j u ɾ ɔ s
<|HYE|>kntchir	k ə n t͡ʃ i r
<|HYE|>kokord	k ɔ k ɔ ɾ tʰ
<|HYE|>kokteyl	k ɔ k t ɛ j l
<|HYE|>komunizm	k ɔ m u n i z m
<|HYE|>komponent	k ɔ m p ɔ n ɛ n t
<|HYE|>konsolidacia	k ɔ n s ɔ l i d ɑ t͡sʰ j ɑ
<|HYE|>konstruktiv	k ɔ n s t ɾ u k t i v
<|HYE|>koshik	k ɔ ʃ i k
<|HYE|>kovlak	k ɔ v l ɑ k
<|HYE|>kotrel	k ɔ t ɾ ɛ l
<|HYE|>korea	k ɔ ɾ ɛ ɑ
<|HYE|>kortsel	k ɔ ɾ t͡s ɛ l
<|HYE|>korcnel	k ɔ ɾ t͡sʰ n ɛ l
<|HYE|>kultura	k u l t u ɾ ɑ
<|HYE|>kukhni	k u χ n i
<|HYE|>kuyr	k u j ɾ
<|HYE|>krnak	k ə r n ɑ k
<|HYE|>ktor	k ə t ɔ ɾ
<|HYE|>ktrakan	k ə t ɾ ɑ k ɑ n
<|HYE|>krel	k ə ɾ ɛ l
<|HYE|>kriket	k ɾ i k ɛ t
<|HYE|>krtsogh	k ə ɾ t͡s ɔ ʁ
<|HYE|>krtchatum	k ə ɾ t͡ʃ ɑ t u m
<|HYE|>hagel	h ɑ ɡ ɛ l
<|HYE|>hazaramyak	h ɑ z ɑ ɾ ɑ m j ɑ k
<|HYE|>haghtakan	h ɑ χ tʰ ɑ k ɑ n
<|HYE|>haghtanak	h ɑ χ tʰ ɑ n ɑ k
<|HYE|>hatchel	h ɑ t͡ʃ ɛ l
<|HYE|>hamakargchayin	h ɑ m ɑ k ɑ ɾ kʰ t͡ʃʰ ɑ j i n
<|HYE|>hamamardkayin	h ɑ m ɑ m ɑ ɾ tʰ k ɑ j i n
<|HYE|>hamashkharhayin	h ɑ m ɑ ʃ χ ɑ ɾ ɑ j i n
<|HYE|>hamapataskhan	h ɑ m ɑ p ɑ t ɑ s χ ɑ n
<|HYE|>hamatarats	h ɑ m ɑ t ɑ ɾ ɑ t͡s
<|HYE|>hamakaghakaci	h ɑ m ɑ kʰ ɑ ʁ ɑ kʰ ɑ t͡sʰ i
<|HYE|>hambal	h ɑ m b ɑ l
<|HYE|>hamburg	h ɑ m b u ɾ ɡ
<|HYE|>hamestabar	h ɑ m ɛ s t ɑ b ɑ ɾ
<|HYE|>hamerashkh	h ɑ m ɛ ɾ ɑ ʃ χ
<|HYE|>hamergasrah	h ɑ m ɛ ɾ ɡ ɑ s ə ɾ ɑ h
<|HYE|>hamozmunk	h ɑ m ɔ z m u ŋ kʰ
<|HYE|>hayecakarg	h ɑ j ɛ t͡sʰ ɑ k ɑ ɾ kʰ
<|HYE|>haykyan	h ɑ j k j ɑ n
<|HYE|>haytararutyun	h ɑ j t ɑ ɾ ɑ ɾ u tʰ j u n
<|HYE|>hangstanal	h ɑ ŋ ɡ ə s t ɑ n ɑ l
<|HYE|>hand	h ɑ n d
<|HYE|>handipel	h ɑ n d i p ɛ l
<|HYE|>handzins	h ɑ n d͡z i n ə s
<|HYE|>hashmandamutyun	h ɑ ʃ m ɑ n d ɑ m u tʰ j u n
<|HYE|>hapavum	h ɑ p ɑ v u m
<|HYE|>hasarakutyun	h ɑ s ɑ ɾ ɑ k u tʰ j u n
<|HYE|>hasu	h ɑ s u
<|HYE|>havatarmagrel	h ɑ v ɑ t ɑ ɾ m ɑ ɡ ɾ ɛ l
<|HYE|>havakatsu	h ɑ v ɑ kʰ ɑ t͡s u
<|HYE|>harkahavak	h ɑ ɾ k ɑ h ɑ v ɑ kʰ
<|HYE|>harust	h ɑ ɾ u s t
<|HYE|>harcazruyc	h ɑ ɾ t͡sʰ ɑ z ɾ u j t͡sʰ
<|HYE|>harcum	h ɑ ɾ t͡sʰ u m
<|HYE|>hacahatik	h ɑ t͡sʰ ɑ h ɑ t i k
<|HYE|>haci	h ɑ t͡sʰ i
<|HYE|>hetum	h ɛ tʰ u m
<|HYE|>heshtocayin	h ɛ ʃ t ɔ t͡sʰ ɑ j i n
<|HYE|>hetew	h ɛ t ɛ v
<|HYE|>hetmahu	h ɛ t m ɑ h u
<|HYE|>hetk	h ɛ t kʰ
<|HYE|>himan	h i m ɑ n
<|HYE|>hyurerin	h j u ɾ ɛ ɾ i n
<|HYE|>hnaget	h ə n ɑ ɡ ɛ t
<|HYE|>hnazandvel	h ə n ɑ z ɑ n d v ɛ l
<|HYE|>hog	h ɔ kʰ
<|HYE|>hogs	h ɔ kʰ s
<|HYE|>hon	h ɔ n
<|HYE|>hov	h ɔ v
<|HYE|>hort	h ɔ ɾ tʰ
<|HYE|>hudzon	h u d z ɔ n
<|HYE|>huyz	h u j z
<|HYE|>husalkvats	h u s ɑ l ə kʰ v ɑ t͡s
<|HYE|>husahat	h u s ɑ h ɑ t
<|HYE|>hraparakav	h ɾ ɑ p ɑ ɾ ɑ k ɑ v
<|HYE|>hrel	h ə ɾ ɛ l
<|HYE|>hreshtak	h ə ɾ ɛ ʃ t ɑ k
<|HYE|>hrtchvel	h ə ɾ t͡ʃ v ɛ l
<|HYE|>hrushakagorts	h ə ɾ u ʃ ɑ k ɑ ɡ ɔ ɾ t͡s
<|HYE|>dzakhlik	d͡z ɑ χ l i k
<|HYE|>dzaghkel	d͡z ɑ χ k ɛ l
<|HYE|>dzayn	d͡z ɑ j n
<|HYE|>dzirk	d͡z i ɾ kʰ
<|HYE|>gharavash	ʁ ɑ ɾ ɑ v ɑ ʃ
<|HYE|>ghars	ʁ ɑ ɾ s
<|HYE|>tchakhrel	t͡ʃ ɑ χ ɾ ɛ l
<|HYE|>tchahitch	t͡ʃ ɑ h i t͡ʃ
<|HYE|>tchay	t͡ʃ ɑ j
<|HYE|>tchanaparhordel	t͡ʃ ɑ n ɑ p ɑ ɾ ɔ ɾ tʰ ɛ l
<|HYE|>tchandan	t͡ʃ ɑ n d ɑ n
<|HYE|>tchantch	t͡ʃ ɑ n t͡ʃ
<|HYE|>tcharahat	t͡ʃ ɑ ɾ ɑ h ɑ t
<|HYE|>tchizvit	t͡ʃ i z v i t
<|HYE|>tchyugh	t͡ʃ j u ʁ
<|HYE|>ma	m ɑ
<|HYE|>maz	m ɑ z
<|HYE|>matematika	m ɑ tʰ ɛ m ɑ t i k ɑ
<|HYE|>mahak	m ɑ h ɑ k
<|HYE|>mahitch	m ɑ h i t͡ʃ
<|HYE|>mamlyuk	m ɑ m l j u kʰ
<|HYE|>mamuli	m ɑ m u l i
<|HYE|>mayis	m ɑ j i s
<|HYE|>mayisyan	m ɑ j i s j ɑ n
<|HYE|>mayraspan	m ɑ j ɾ ɑ s p ɑ n
<|HYE|>mayri	m ɑ j ɾ i
<|HYE|>mayrughi	m ɑ j ɾ u ʁ i
<|HYE|>managua	m ɑ n ɑ ɡ u ɑ
<|HYE|>mantapur	m ɑ n tʰ ɑ p u ɾ
<|HYE|>mankasar	m ɑ ŋ k ɑ s ɑ ɾ
<|HYE|>manr	m ɑ n ə ɾ
<|HYE|>mashik	m ɑ ʃ i k
<|HYE|>margareutyun	m ɑ ɾ kʰ ɑ ɾ ɛ j u tʰ j u n
<|HYE|>mardahamar	m ɑ ɾ tʰ ɑ h ɑ m ɑ ɾ
<|HYE|>marz	m ɑ ɾ z
<|HYE|>martin	m ɑ ɾ t i n
<|HYE|>makarum	m ɑ kʰ ɑ r u m
<|HYE|>makur	m ɑ kʰ u ɾ
<|HYE|>maksaturk	m ɑ kʰ s ɑ t u ɾ kʰ
<|HYE|>melitene	m ɛ l i t ɛ n ɛ
<|HYE|>metsargo	m ɛ t͡s ɑ ɾ ɡ ɔ
<|HYE|>meghm	m ɛ ʁ m
<|HYE|>mej	m ɛ t͡ʃʰ
<|HYE|>mernel	m ɛ r n ɛ l
<|HYE|>merkanal	m ɛ ɾ k ɑ n ɑ l
<|HYE|>mersi	m ɛ ɾ s i
<|HYE|>meksika	m ɛ kʰ s i k ɑ
<|HYE|>mekka	m ɛ kʰː ɑ
<|HYE|>me	m ə
<|HYE|>mtom	m ə tʰ ɔ m
<|HYE|>mimnermos	m i m n ɛ ɾ m ɔ s
<|HYE|>mijinasiakan	m i t͡ʃʰ i n ɑ s j ɑ k ɑ n
<|HYE|>miruk	m i ɾ u kʰ
<|HYE|>mkhitarel	m ə χ i tʰ ɑ ɾ ɛ l
<|HYE|>mkhitaryan	m ə χ i tʰ ɑ ɾ j ɑ n
<|HYE|>myunkhen	m j u n χ ɛ n
<|HYE|>mnak	m ə n ɑ kʰ
<|HYE|>mshtapes	m ə ʃ t ɑ p ɛ s
<|HYE|>molekul	m ɔ l ɛ k u l
<|HYE|>molekulayin	m ɔ l ɛ k u l ɑ j i n
<|HYE|>molorel	m ɔ l ɔ ɾ ɛ l
<|HYE|>mongholia	m ɔ n ʁ ɔ l j ɑ
<|HYE|>moshi	m ɔ ʃ i
<|HYE|>movses	m ɔ f s ɛ s
<|HYE|>mushtak	m u ʃ t ɑ k
<|HYE|>msagorts	m ə s ɑ ɡ ɔ ɾ t͡s
<|HYE|>mseghen	m ə s ɛ ʁ ɛ n
<|HYE|>mtahog	m ə t ɑ h ɔ ɡ
<|HYE|>mtahogutyun	m ə t ɑ h ɔ kʰ u tʰ j u n
<|HYE|>mtahogvel	m ə t ɑ h ɔ kʰ v ɛ l
<|HYE|>mrjyun	m ə ɾ t͡ʃʰ j u n
<|HYE|>yalta	j ɑ l tʰ ɑ
<|HYE|>yog	j ɔ ɡ
<|HYE|>yotneryak	j ɔ tʰ n ɛ ɾ j ɑ k
<|HYE|>yurahatuk	j u ɾ ɑ h ɑ t u k
<|HYE|>naew	n ɑ j ɛ v
<|HYE|>nakhagtsel	n ɑ χ ɑ ɡ ə t͡s ɛ l
<|HYE|>nayats	n ɑ j ɑ t͡s
<|HYE|>nani	n ɑ n i
<|HYE|>najaryan	n ɑ d͡ʒ ɑ ɾ j ɑ n
<|HYE|>navakatik	n ɑ v ɑ k ɑ t i kʰ
<|HYE|>navahangist	n ɑ v ɑ h ɑ ŋ ɡ i s t
<|HYE|>negativ	n ɛ ɡ ɑ t i v
<|HYE|>negri	n ɛ ɡ ɾ i
<|HYE|>nekhats	n ɛ χ ɑ t͡s
<|HYE|>neptun	n ɛ p t u n
<|HYE|>nergaght	n ɛ ɾ ɡ ɑ χ tʰ
<|HYE|>nerdashnak	n ɛ ɾ d ɑ ʃ n ɑ k
<|HYE|>nerdnel	n ɛ ɾ d ə n ɛ l
<|HYE|>nzovk	n ə z ɔ f kʰ
<|HYE|>nikel	n i k ɛ l
<|HYE|>nistukac	n i s t u k ɑ t͡sʰ
<|HYE|>nkun	n ə k u n
<|HYE|>nshan	n ə ʃ ɑ n
<|HYE|>nshanaget	n ə ʃ ɑ n ɑ ɡ ɛ t
<|HYE|>nshanyan	n ə ʃ ɑ n j ɑ n
<|HYE|>nshmarel	n ə ʃ m ɑ ɾ ɛ l
<|HYE|>noyember	n ɔ j ɛ m b ɛ ɾ
<|HYE|>nor	n ɔ ɾ
<|HYE|>npastavor	n ə p ɑ s t ɑ v ɔ ɾ
<|HYE|>nrnak	n ə r n ɑ k
<|HYE|>nrnakanet	n ə r n ɑ k ɑ n ɛ t
<|HYE|>nvirum	n ə v i ɾ u m
<|HYE|>shaganak	ʃ ɑ ɡ ɑ n ɑ k
<|HYE|>shaghgam	ʃ ɑ χ k ɑ m
<|HYE|>shayba	ʃ ɑ j b ɑ
<|HYE|>sharzhum	ʃ ɑ ɾ ʒ u m
<|HYE|>shek	ʃ ɛ k
<|HYE|>shen	ʃ ɛ n
<|HYE|>shepor	ʃ ɛ pʰ ɔ ɾ
<|HYE|>shish	ʃ i ʃ
<|HYE|>shnorhavorel	ʃ n ɔ ɾ ɑ v ɔ ɾ ɛ l
<|HYE|>shoghot	ʃ ɔ ʁ ɔ t
<|HYE|>shutapuyt	ʃ u t ɑ pʰ u j tʰ
<|HYE|>shofer	ʃ ɔ f ɛ ɾ
<|HYE|>shved	ʃ ə v ɛ d
<|HYE|>shtab	ə ʃ t ɑ b
<|HYE|>shrtnerk	ʃ ə ɾ tʰ n ɛ ɾ k
<|HYE|>shkert	ʃ ə kʰ ɛ ɾ tʰ
<|HYE|>vogeshnchum	v ɔ kʰ ɛ ʃ ə n t͡ʃʰ u m
<|HYE|>vogeworutyun	v ɔ kʰ ɛ v ɔ ɾ u tʰ j u n
<|HYE|>vogeworvel	v ɔ kʰ ɛ v ɔ ɾ v ɛ l
<|HYE|>voghnashar	v ɔ ʁ n ɑ ʃ ɑ ɾ
<|HYE|>votch	v ɔ t͡ʃ
<|HYE|>voskedram	v ɔ s k ɛ d ɾ ɑ m
<|HYE|>vosp	v ɔ s p
<|HYE|>vostikanapet	v ɔ s t i k ɑ n ɑ p ɛ t
<|HYE|>vorpeszi	v ɔ ɾ p ɛ s z i
<|HYE|>vorj	v ɔ ɾ t͡ʃʰ
<|HYE|>ut	u tʰ
<|HYE|>ukrainakan	u k ɾ ɑ i n ɑ k ɑ n
<|HYE|>unab	u n ɑ b
<|HYE|>urha	u r h ɑ
<|HYE|>urakhakic	u ɾ ɑ χ ɑ k i t͡sʰ
<|HYE|>urakhacnel	u ɾ ɑ χ ɑ t͡sʰ n ɛ l
<|HYE|>urbat	u ɾ pʰ ɑ tʰ
<|HYE|>uru	u ɾ u
<|HYE|>urc	u ɾ t͡sʰ
<|HYE|>chay	t͡ʃʰ ɑ j
<|HYE|>chan	t͡ʃʰ ɑ n
<|HYE|>charakhos	t͡ʃʰ ɑ ɾ ɑ χ ɔ s
<|HYE|>charachk	t͡ʃʰ ɑ ɾ ɑ t͡ʃʰ kʰ
<|HYE|>chapel	t͡ʃʰ ɑ pʰ ɛ l
<|HYE|>chekh	t͡ʃʰ ɛ χ
<|HYE|>chechen	t͡ʃʰ ɛ t͡ʃʰ ɛ n
<|HYE|>choravun	t͡ʃʰ ɔ ɾ ɑ v u n
<|HYE|>chortan	t͡ʃʰ ɔ ɾ tʰ ɑ n
<|HYE|>chorkotani	t͡ʃʰ ɔ ɾ kʰ ɔ t ɑ n i
<|HYE|>pakas	p ɑ k ɑ s
<|HYE|>pahatso	p ɑ h ɑ t͡s ɔ
<|HYE|>pahest	p ɑ h ɛ s t
<|HYE|>paghestin	p ɑ ʁ ɛ s t i n
<|HYE|>paghpaghak	p ɑ χ p ɑ ʁ ɑ k
<|HYE|>pandok	p ɑ n d ɔ k
<|HYE|>parkel	p ɑ r k ɛ l
<|HYE|>patkeracnel	p ɑ t k ɛ ɾ ɑ t͡sʰ n ɛ l
<|HYE|>patkeracum	p ɑ t k ɛ ɾ ɑ t͡sʰ u m
<|HYE|>patmel	p ɑ t m ɛ l
<|HYE|>parart	p ɑ ɾ ɑ ɾ t
<|HYE|>pargewel	p ɑ ɾ kʰ ɛ v ɛ l
<|HYE|>partew	p ɑ ɾ tʰ ɛ v
<|HYE|>park	p ɑ ɾ k
<|HYE|>partk	p ɑ ɾ t kʰ
<|HYE|>pacient	p ɑ t͡sʰ j ɛ n t
<|HYE|>pet	p ɛ t
<|HYE|>petk	p ɛ t kʰ
<|HYE|>pertchank	p ɛ ɾ t͡ʃ ɑ ŋ kʰ
<|HYE|>pistak	p i s t ɑ k
<|HYE|>plutarkos	p l u t ɑ ɾ kʰ ɔ s
<|HYE|>polka	p ɔ l k ɑ
<|HYE|>pogh	p ɔ ʁ
<|HYE|>popok	p ɔ p ɔ kʰ
<|HYE|>prtsnel	p ə ɾ t͡s n ɛ l
<|HYE|>jarkand	d͡ʒ ɑ ɾ kʰ ɑ n d
<|HYE|>jo	d͡ʒ ɔ
<|HYE|>jratar	d͡ʒ ə ɾ ɑ t ɑ ɾ
<|HYE|>rahvira	r ɑ h v i ɾ ɑ
<|HYE|>rasist	r ɑ s i s t
<|HYE|>reakcia	r ɛ ɑ k t͡sʰ j ɑ
<|HYE|>retin	r ɛ t i n
<|HYE|>robert	r ɔ b ɛ ɾ t
<|HYE|>rotchik	r ɔ t͡ʃ i k
<|HYE|>sakarkvel	s ɑ k ɑ ɾ k v ɛ l
<|HYE|>sahmanakan	s ɑ h m ɑ n ɑ k ɑ n
<|HYE|>sahmanapah	s ɑ h m ɑ n ɑ p ɑ h
<|HYE|>sahmanapakum	s ɑ h m ɑ n ɑ pʰ ɑ k u m
<|HYE|>saghavart	s ɑ ʁ ɑ v ɑ ɾ t
<|HYE|>sandghak	s ɑ n d ʁ ɑ k
<|HYE|>sandzel	s ɑ n d͡z ɛ l
<|HYE|>sar	s ɑ r
<|HYE|>sarafyan	s ɑ ɾ ɑ f j ɑ n
<|HYE|>sarum	s ɑ ɾ u m
<|HYE|>sarsapalic	s ɑ ɾ s ɑ pʰ ɑ l i t͡sʰ
<|HYE|>sarsapeli	s ɑ ɾ s ɑ pʰ ɛ l i
<|HYE|>saprel	s ɑ pʰ ɾ ɛ l
<|HYE|>seghanatun	s ɛ ʁ ɑ n ɑ t u n
<|HYE|>sem	s ɛ m
<|HYE|>sep	s ɛ p
<|HYE|>serbia	s ɛ ɾ b j ɑ
<|HYE|>serozh	s ɛ ɾ ɔ ʒ
<|HYE|>sew	s ɛ v
<|HYE|>sewan	s ɛ v ɑ n
<|HYE|>sistem	s i s t ɛ m
<|HYE|>skotch	ə s k ɔ t t͡ʃʰ
<|HYE|>syun	s j u n
<|HYE|>snduk	s ə n d u k
<|HYE|>snndakarg	s ə n ə n d ɑ k ɑ ɾ kʰ
<|HYE|>snucum	s ə n u t͡sʰ u m
<|HYE|>soghomonyan	s ɔ ʁ ɔ m ɔ n j ɑ n
<|HYE|>sona	s ɔ n ɑ
<|HYE|>sorgo	s ɔ ɾ ɡ ɔ
<|HYE|>soccanc	s ɔ t͡sʰː ɑ n t͡sʰ
<|HYE|>suchava	s u t͡ʃʰ ɑ v ɑ
<|HYE|>suser	s u s ɛ ɾ
<|HYE|>susupus	s u s u pʰ u s
<|HYE|>spa	ə s p ɑ
<|HYE|>spanakh	ə s p ɑ n ɑ χ
<|HYE|>spasavor	ə s p ɑ s ɑ v ɔ ɾ
<|HYE|>spasarkich	ə s p ɑ s ɑ ɾ k i t͡ʃʰ
<|HYE|>sport	ə s p ɔ ɾ t
<|HYE|>stalin	ə s t ɑ l i n
<|HYE|>stambak	ə s t ɑ m b ɑ k
<|HYE|>stamoks	ə s t ɑ m ɔ kʰ s
<|HYE|>stepghin	ə s t ɛ p ʁ i n
<|HYE|>stvarativ	ə s t ə v ɑ ɾ ɑ tʰ i v
<|HYE|>srbazan	s ə ɾ pʰ ɑ z ɑ n
<|HYE|>srbel	s ə ɾ pʰ ɛ l
<|HYE|>srtchastan	s ə ɾ t͡ʃ ɑ s t ɑ n
<|HYE|>srtcheni	s ə ɾ t͡ʃ ɛ n i
<|HYE|>srnkamis	s ə ɾ ə ŋ kʰ ɑ m i s
<|HYE|>valiz	v ɑ l i z
<|HYE|>vahan	v ɑ h ɑ n
<|HYE|>vagharshak	v ɑ ʁ ɑ ɾ ʃ ɑ k
<|HYE|>vay	v ɑ j
<|HYE|>varelapayt	v ɑ r ɛ l ɑ pʰ ɑ j t
<|HYE|>vasal	v ɑ s ɑ l
<|HYE|>vaveracum	v ɑ v ɛ ɾ ɑ t͡sʰ u m
<|HYE|>varpetutyan	v ɑ ɾ p ɛ t u tʰ j ɑ n
<|HYE|>vezuv	v ɛ z u v
<|HYE|>vem	v ɛ m
<|HYE|>veradarnal	v ɛ ɾ ɑ d ɑ r n ɑ l
<|HYE|>verakangnum	v ɛ ɾ ɑ k ɑ ŋ ɡ n u m
<|HYE|>verambardz	v ɛ ɾ ɑ m b ɑ ɾ t͡sʰ
<|HYE|>vernashapik	v ɛ ɾ n ɑ ʃ ɑ p i k
<|HYE|>verjavor	v ɛ ɾ t͡ʃʰ ɑ v ɔ ɾ
<|HYE|>verjin	v ɛ ɾ t͡ʃʰ i n
<|HYE|>vtar	v ə tʰ ɑ ɾ
<|HYE|>viza	v i z ɑ
<|HYE|>viktor	v i k t ɔ ɾ
<|HYE|>vitchabanel	v i t͡ʃ ɑ b ɑ n ɛ l
<|HYE|>vitchak	v i t͡ʃ ɑ k
<|HYE|>virakap	v i ɾ ɑ k ɑ p
<|HYE|>vikipedia	v i kʰ i p ɛ d j ɑ
<|HYE|>vtchrel	v ə t͡ʃ r ɛ l
<|HYE|>vnasaber	v ə n ɑ s ɑ b ɛ ɾ
<|HYE|>vramshapuh	v ə r ɑ m ʃ ɑ p u h
<|HYE|>tabu	t ɑ b u
<|HYE|>tagnap	t ɑ ɡ n ɑ p
<|HYE|>tagr	t ɑ kʰ ə ɾ
<|HYE|>taknuvra	t ɑ k n u v ə ɾ ɑ
<|HYE|>tanik	t ɑ n i kʰ
<|HYE|>tara	t ɑ ɾ ɑ
<|HYE|>taratsashrjan	t ɑ ɾ ɑ t͡s ɑ ʃ ə ɾ d͡ʒ ɑ n
<|HYE|>taramitel	t ɑ ɾ ɑ m i t ɛ l
<|HYE|>tarberak	t ɑ ɾ b ɛ ɾ ɑ k
<|HYE|>tartam	t ɑ ɾ t ɑ m
<|HYE|>teghank	t ɛ ʁ ɑ ŋ kʰ
<|HYE|>teghekacnel	t ɛ ʁ ɛ k ɑ t͡sʰ n ɛ l
<|HYE|>tesaket	t ɛ s ɑ k ɛ t
<|HYE|>tesanyut	t ɛ s ɑ n j u tʰ
<|HYE|>tibet	t i b ɛ tʰ
<|HYE|>tiknikayin	t i k n i k ɑ j i n
<|HYE|>tolma	t ɔ l m ɑ
<|HYE|>tonavatchar	t ɔ n ɑ v ɑ t͡ʃ ɑ r
<|HYE|>toprak	t ɔ p ɾ ɑ k
<|HYE|>totem	t ɔ t ɛ m
<|HYE|>toron	t ɔ ɾ ɔ n
<|HYE|>tugank	t u ɡ ɑ ŋ kʰ
<|HYE|>turizm	t u ɾ i z m
<|HYE|>trakan	t ə ɾ ɑ k ɑ n
<|HYE|>traktor	t ɾ ɑ k t ɔ ɾ
<|HYE|>tramabanutyun	t ɾ ɑ m ɑ b ɑ n u tʰ j u n
<|HYE|>tramagits	t ɾ ɑ m ɑ ɡ i t͡s
<|HYE|>trombon	t ɾ ɔ m b ɔ n
<|HYE|>canel	t͡sʰ ɑ n ɛ l
<|HYE|>cucanel	t͡sʰ u t͡sʰ ɑ n ɛ l
<|HYE|>pakel	pʰ ɑ k ɛ l
<|HYE|>pahlewan	pʰ ɑ h l ɛ v ɑ n
<|HYE|>payl	pʰ ɑ j l
<|HYE|>paylatakel	pʰ ɑ j l ɑ t ɑ k ɛ l
<|HYE|>paylunakutyun	pʰ ɑ j l u n ɑ k u tʰ j u n
<|HYE|>paramol	pʰ ɑ r ɑ m ɔ l
<|HYE|>pastatught	pʰ ɑ s tʰ ɑ tʰ u χ tʰ
<|HYE|>pastoren	pʰ ɑ s t ɔ ɾ ɛ n
<|HYE|>pariseciutyun	pʰ ɑ ɾ i s ɛ t͡sʰ i u tʰ j u n
<|HYE|>parpeci	pʰ ɑ ɾ p ɛ t͡sʰ i
<|HYE|>pkhenyan	pʰ ə χ ɛ n j ɑ n
<|HYE|>pghoskr	pʰ ə ʁ ɔ s k ɾ
<|HYE|>pyunik	pʰ j u n i k
<|HYE|>pshat	pʰ ə ʃ ɑ t
<|HYE|>pshrel	pʰ ə ʃ ɾ ɛ l
<|HYE|>pokharel	pʰ ɔ χ ɑ r ɛ l
<|HYE|>pokhnakharar	pʰ ɔ χ n ɑ χ ɑ ɾ ɑ ɾ
<|HYE|>poshi	pʰ ɔ ʃ i
<|HYE|>postayin	pʰ ɔ s t ɑ j i n
<|HYE|>portugalia	pʰ ɔ ɾ tʰ u ɡ ɑ l j ɑ
<|HYE|>pordzarkogh	pʰ ɔ ɾ t͡sʰ ɑ ɾ k ɔ ʁ
<|HYE|>punj	pʰ u n d͡ʒ
<|HYE|>prpur	pʰ ə ɾ pʰ u ɾ
<|HYE|>kabab	kʰ ɑ b ɑ b
<|HYE|>kaghakaget	kʰ ɑ ʁ ɑ kʰ ɑ ɡ ɛ t
<|HYE|>kayl	kʰ ɑ j l
<|HYE|>kaylel	kʰ ɑ j l ɛ l
<|HYE|>kanzi	kʰ ɑ n z i
<|HYE|>kanon	kʰ ɑ n ɔ n
<|HYE|>kavutyan	kʰ ɑ v u tʰ j ɑ n
<|HYE|>karozich	kʰ ɑ ɾ ɔ z i t͡ʃʰ
<|HYE|>kele	kʰ ɛ l ɛ
<|HYE|>keru	kʰ ɛ r u
<|HYE|>kerakanutyun	kʰ ɛ ɾ ɑ k ɑ n u tʰ j u n
<|HYE|>ktnel	kʰ ə tʰ n ɛ l
<|HYE|>kimikos	kʰ i m i k ɔ s
<|HYE|>ktsnank	kʰ ə t͡s n ɑ ŋ kʰ
<|HYE|>kyamancha	kʰ j ɑ m ɑ n t͡ʃʰ ɑ
<|HYE|>knamuk	kʰ ə n ɑ m u k
<|HYE|>knar	kʰ ə n ɑ ɾ
<|HYE|>knnadatabar	kʰ ə nː ɑ d ɑ t ɑ b ɑ ɾ
<|HYE|>kucha	kʰ u t͡ʃʰ ɑ
<|HYE|>kurdz	kʰ u ɾ d͡z
<|HYE|>kurm	kʰ u ɾ m
<|HYE|>krmuhi	kʰ ə ɾ m u h i
<|HYE|>krkrel	kʰ ə ɾ kʰ ə ɾ ɛ l
<|HYE|>ob	ɔ b
<|HYE|>odesa	ɔ d ɛ s ɑ
<|HYE|>ogh	ɔ ʁ
<|HYE|>oghak	ɔ ʁ ɑ k
<|HYE|>omsk	ɔ m s k
<|HYE|>oset	ɔ s ɛ tʰ
<|HYE|>osmanakan	ɔ s m ɑ n ɑ k ɑ n
<|HYE|>or	ɔ ɾ
<|HYE|>oragir	ɔ ɾ ɑ ɡ i ɾ
<|HYE|>oran	ɔ ɾ ɑ n
<|HYE|>ordubad	ɔ ɾ d u b ɑ d
<|HYE|>orok	ɔ ɾ ɔ kʰ
<|HYE|>ofis	ɔ f i s
<|HYE|>fagot	f ɑ ɡ ɔ t
<|HYE|>fashist	f ɑ ʃ i s t
<|HYE|>ferma	f ɛ ɾ m ɑ
<|HYE|>finansner	f i n ɑ n s n ɛ ɾ
<|HYE|>finnakan	f i nː ɑ k ɑ n
<|HYE|>flamandaci	f l ɑ m ɑ n d ɑ t͡sʰ i
<|HYE|>flamingo	f l ɑ m i ŋ ɡ ɔ
<|HYE|>friz	f ə ɾ i z
<|DEU|>ab	a p
<|DEU|>abfertigung	a p f ɛ ʁ t i ɡ ʊ ŋ
<|DEU|>abfinden	a p f ɪ n d ə n
<|DEU|>abflug	ʔ a p f l uː k
<|DEU|>abgang	a p ɡ a ŋ
<|DEU|>abkürzung	a p k ʏ ʁ t s ʊ ŋ
<|DEU|>abschirmen	a p ʃ ɪ ʁ m ə n
<|DEU|>abstand	a p ʃ t a n t
<|DEU|>abstrich	a p ʃ t ʁ ɪ ç
<|DEU|>abwehrspieler	a p v ɛ ɐ̯ ʃ p iː l ɐ
<|DEU|>abzug	a p t͡s uː k
<|DEU|>all	a l
<|DEU|>allein	a l a ɪ n
<|DEU|>allem	a l ə m
<|DEU|>allerdings	ʔ a l ɐ d ɪ ŋ s
<|DEU|>alte	a l t ə
<|DEU|>amt	a m t
<|DEU|>an	ʔ a n
<|DEU|>anblick	ʔ a n b l ɪ k
<|DEU|>andere	ʔ a n d ə ʁ ə
<|DEU|>anderer	a n d ə r ə r
<|DEU|>anfang	ʔ a n f a ŋ
<|DEU|>angesichts	ʔ a n ɡ ə z ɪ ç t s
<|DEU|>angespannt	a n ɡ ə ʃ p a n t
<|DEU|>angewiesen	a n ɡ ə v iː z n̩
<|DEU|>angriff	a n ɡ ʁ ɪ f
<|DEU|>ankündigung	a n k ʏ n d ɪ ɡ ʊ ŋ
<|DEU|>ansatz	a n z a t s
<|DEU|>anschauen	ʔ a n ʃ a ʊ̯ ə n
<|DEU|>ansicht	ʔ a n z ɪ ç t
<|DEU|>antje	ʔ a n t j ə
<|DEU|>antworten	a n t v ɔ ʁ t ə n
<|DEU|>anwohner	a n v oː n ɐ
<|DEU|>anzahl	a n t s aː l
<|DEU|>arbeitsplatz	ʔ a ʁ b a ɪ̯ t s p l a t s
<|DEU|>architektur	a ʁ ç i t ɛ k t uː ɐ̯
<|DEU|>aschenbrödel	a ʃ n̩ b ʁ øː d l̩
<|DEU|>atem	aː t ə m
<|DEU|>attacke	a t a k ə
<|DEU|>attila	a t i l a
<|DEU|>auf	a ʊ̯ f
<|DEU|>aufkleber	a ʊ̯ f k l eː b ɐ
<|DEU|>aufrechterhalten	a ʊ̯ f ʁ ɛ ç t ʔ ɛ ɐ̯ h a l t n̩
<|DEU|>aufruf	a ʊ̯ f ʁ uː f
<|DEU|>aufs	a ʊ̯ f s
<|DEU|>aufschlag	a ʊ̯ f ʃ l aː k
<|DEU|>aus	a ʊ s
<|DEU|>ausfallen	a ʊ̯ s f a l ə n
<|DEU|>ausführung	ʔ a ʊ̯ s f yː ʁ ʊ ŋ
<|DEU|>ausgeben	a ʊ̯ s ɡ eː b ə n
<|DEU|>ausgebildet	a ʊ̯ s ɡ ə b ɪ l d ə t
<|DEU|>ausgehen	ʔ a ʊ̯ s ɡ eː ə n
<|DEU|>ausgeschlossen	a ʊ̯ s ɡ ə ʃ l ɔ s ə n
<|DEU|>ausmass	a ʊ̯ s m aː s
<|DEU|>ausnahme	a ʊ̯ s n aː m ə
<|DEU|>aussage	a ʊ̯ s z aː ɡ ə
<|DEU|>ausser	a ʊ̯ s ɐ
<|DEU|>ausserhalb	a ʊ̯ s ɐ h a l p
<|DEU|>ausstellung	a ʊ̯ s ʃ t ɛ l ʊ ŋ
<|DEU|>bahn	b aː n
<|DEU|>bayern	b a ɪ̯ ɐ n
<|DEU|>beckmann	b ɛ k m a n
<|DEU|>bedarf	b ə d a ʁ f
<|DEU|>befürworten	b ə f yː ɐ̯ v ɔ ʁ t n̩
<|DEU|>befürworter	b ə f yː ɐ̯ v ɔ ʁ t ɐ
<|DEU|>begeistert	b ə ɡ a ɪ̯ s t ɐ t
<|DEU|>behandlung	b ə h a n d l ʊ ŋ
<|DEU|>behinderung	b ə h ɪ n d ə ʁ ʊ ŋ
<|DEU|>beifahrer	b a ɪ̯ f aː ʁ ɐ
<|DEU|>bein	b a ɪ̯ n
<|DEU|>beispielsweise	b a ɪ̯ ʃ p iː l s v a ɪ̯ z ə
<|DEU|>bekannt	b ə k a n t
<|DEU|>bekenntnis	b ə k ɛ n t n ɪ s
<|DEU|>bekommen	b ə k ɔ m ə n
<|DEU|>bekämpft	b ə k ɛ m f t
<|DEU|>berauben	b ə ʁ a ʊ̯ b n̩
<|DEU|>bereich	b ə ʁ a ɪ̯ ç
<|DEU|>bereit	b ə ʁ a ɪ̯ t
<|DEU|>bergland	b ɛ ʁ k l a n t
<|DEU|>beschluss	b ə ʃ l ʊ s
<|DEU|>beschlussfähig	b ə ʃ l ʊ s f ɛː ɪ ç
<|DEU|>beschweren	b ə ʃ v eː ʁ ə n
<|DEU|>besprechen	b ə ʃ p ʁ ɛ ç ə n
<|DEU|>besser	b ɛ s ɐ
<|DEU|>bestellung	b ə ʃ t ɛ l ʊ ŋ
<|DEU|>besuch	b ə z uː χ
<|DEU|>besucher	b ə z uː x ɐ
<|DEU|>bettina	b ɛ t iː n a
<|DEU|>bevölkerung	b ə f œ l k ə ʁ ʊ ŋ
<|DEU|>bewahren	b ə v aː ʁ ə n
<|DEU|>bewohner	b ə v oː n ɐ
<|DEU|>bewährungsstrafe	b ə v ɛː ʁ ʊ ŋ s ʃ t ʁ aː f ə
<|DEU|>beziehung	b ə t s iː ʊ ŋ
<|DEU|>bezirk	b ə t͡s ɪ ʁ k
<|DEU|>bezwingen	b ə t͡s v ɪ ŋ ə n
<|DEU|>bieten	b iː t ə n
<|DEU|>bilden	b ɪ l d ə n
<|DEU|>bildung	b ɪ l d ʊ ŋ
<|DEU|>bin	b ɪ n
<|DEU|>bisher	b ɪ s h eː ɐ̯
<|DEU|>bislang	b ɪ s l a ŋ
<|DEU|>bitte	b ɪ t ə
<|DEU|>bleiben	b l a ɪ̯ b ə n
<|DEU|>breit	b ʁ a ɪ̯ t
<|DEU|>breite	b ʁ a ɪ̯ t ə
<|DEU|>bremsen	b ʁ ɛ m z ə n
<|DEU|>brot	b ʁ oː t
<|DEU|>brutaler	b ʁ u t aː l ɐ
<|DEU|>bund	b ʊ n t
<|DEU|>bundestag	b ʊ n d ə s t aː k
<|DEU|>bundeswehr	b ʊ n d ə s v eː ɐ̯
<|DEU|>bäume	b ɔ ʏ m ə
<|DEU|>böse	b øː z ə
<|DEU|>bürgermeister	b ʏ ʁ ɡ ɐ m a ɪ̯ s t ɐ
<|DEU|>dafür	d a f yː ʁ
<|DEU|>dagegen	d a ɡ eː ɡ ŋ̩
<|DEU|>danach	d a n aː χ
<|DEU|>dann	d a n
<|DEU|>daran	d a ʁ a n
<|DEU|>dass	d a s
<|DEU|>decke	d ɛ k ə
<|DEU|>deiner	d a ɪ̯ n ɐ
<|DEU|>demnach	d eː m n aː x
<|DEU|>denen	d eː n ə n
<|DEU|>denkfehler	d ɛ ŋ k f eː l ɐ
<|DEU|>denn	d ɛ n
<|DEU|>derzeit	d eː ɐ̯ t͡s a ɪ̯ t
<|DEU|>deshalb	d ɛ s h a l p
<|DEU|>dessen	d ɛ s ə n
<|DEU|>deutscher	d ɔ ɪ̯ t͡ʃ ɐ
<|DEU|>dezember	d e t s ɛ m b ɐ
<|DEU|>dinge	d ɪ ŋ ə
<|DEU|>diskutieren	d ɪ s k u t iː ʁ ə n
<|DEU|>diversität	d i v ɛ ʁ z i t ɛː t
<|DEU|>draussen	d r a ʊ̯ s ə n
<|DEU|>drei	d ʁ a ɪ̯
<|DEU|>dritte	d r ɪ t ə
<|DEU|>drosselung	d ʁ ɔ s ə l ʊ ŋ
<|DEU|>druck	d ʁ ʊ k
<|DEU|>drücken	d ʁ ʏ k ə n
<|DEU|>durchschnittlich	d ʊ ɐ̯ ç ʃ n ɪ t l ɪ ç
<|DEU|>durchsuchung	d ʊ ʁ ç z uː χ ʊ ŋ
<|DEU|>dürfen	d ʏ r f ə n
<|DEU|>ebenso	eː b ə n z oː
<|DEU|>ecke	ɛ k ə
<|DEU|>eckert	ɛ k ɐ t
<|DEU|>eher	eː ə ʁ
<|DEU|>einbruch	a ɪ̯ n b ʁ ʊ x
<|DEU|>eine	ʔ a ɪ̯ n ə
<|DEU|>einem	a ɪ̯ n ə m
<|DEU|>einfach	ʔ a ɪ̯ n f a x
<|DEU|>einfallen	a ɪ̯ n f a l ə n
<|DEU|>einheiten	a ɪ̯ n h a ɪ̯ t ə n
<|DEU|>einher	a ɪ̯ n h eː ɐ̯
<|DEU|>einkaufen	a ɪ̯ n k a ʊ̯ f ə n
<|DEU|>einlagern	ʔ a ɪ n l aː ɡ ɐ n
<|DEU|>einlassung	a ɪ̯ n l a s ʊ ŋ
<|DEU|>einleitung	a ɪ̯ n l a ɪ̯ t ʊ ŋ
<|DEU|>einmal	a ɪ̯ n m aː l
<|DEU|>einnehmend	a ɪ̯ n n eː m ə n t
<|DEU|>einrichtung	ʔ a ɪ̯ n ʁ ɪ ç t ʊ ŋ
<|DEU|>einsatz	ʔ a ɪ̯ n z a t s
<|DEU|>einsteiger	a ɪ n ʃ t ɐ ɪ ɡ ɐ
<|DEU|>einstellung	a ɪ̯ n ʃ t ɛ l ʊ ŋ
<|DEU|>einwohner	a ɪ̯ n v oː n ɐ
<|DEU|>empfehlen	ʔ ɛ m p f eː l ə n
<|DEU|>empfehlung	ɛ m p f eː l ʊ ŋ
<|DEU|>empört	ɛ m p øː ɐ̯ t
<|DEU|>endlich	ɛ n t l ɪ ç
<|DEU|>entscheidung	ʔ ɛ n t ʃ a ɪ̯ d ʊ ŋ
<|DEU|>enttäuschend	ɛ n t t ɔ ɪ̯ ʃ n̩ t
<|DEU|>erdnuss	eː ɐ̯ t n ʊ s
<|DEU|>erdreich	eː ɐ̯ t ʁ a ɪ̯ ç
<|DEU|>erforderlich	ɛ ɐ̯ f ɔ ʁ d ɐ l ɪ ç
<|DEU|>ergebnisse	ɛ ɐ̯ ɡ eː p n ɪ s ə
<|DEU|>erkrankung	ɛ r k r a ŋ k ʊ ŋ
<|DEU|>erleichtern	ʔ ɛ ɐ̯ l a ɪ̯ ç t ɐ n
<|DEU|>erleichterung	ɛ ɐ̯ l a ɪ̯ ç t ə ʁ ʊ ŋ
<|DEU|>ermittler	ɛ ɐ̯ m ɪ t l ɐ
<|DEU|>erneut	ɛ ʁ n ɔ ɪ̯ t
<|DEU|>ernüchternd	ɛ ɐ̯ n ʏ ç t ɐ n t
<|DEU|>erreichen	ɛ ɐ̯ ʁ a ɪ̯ ç ə n
<|DEU|>erst	eː r s t
<|DEU|>erste	eː r s t ə
<|DEU|>erster	eː ɐ̯ s t ɐ
<|DEU|>erwachsene	ɛ ɐ̯ v a k s ə n ə
<|DEU|>erweitern	ʔ ɛ ɐ̯ v a ɪ̯ t ɐ n
<|DEU|>essen	ɛ s ə n
<|DEU|>etwa	ɛ t v a
<|DEU|>etwas	ɛ t v a s
<|DEU|>eventuell	e v ɛ n t u̯ ɛ l
<|DEU|>existieren	ɛ k s ɪ s t iː ʁ ə n
<|DEU|>fahndung	f aː n d ʊ ŋ
<|DEU|>fand	f a n t
<|DEU|>farbe	f a r b ə
<|DEU|>farbenfroh	f a ʁ b n̩ f ʁ oː
<|DEU|>fass	f a s
<|DEU|>faustschlag	f a ʊ̯ s t ʃ l aː k
<|DEU|>februar	f eː b r u aː r
<|DEU|>fehler	f eː l ɐ
<|DEU|>feld	f ɛ l t
<|DEU|>fell	f ɛ l
<|DEU|>fenster	f ɛ n s t ɐ
<|DEU|>festlegen	f ɛ s t l eː ɡ ə n
<|DEU|>feststellen	f ɛ s t ʃ t ɛ l ə n
<|DEU|>feuer	f ɔ ʏ̯ ə r
<|DEU|>findet	f ɪ n d ə t
<|DEU|>flagge	f l a ɡ ə
<|DEU|>fleisch	f l a ɪ̯ ʃ
<|DEU|>flick	f l ɪ k
<|DEU|>fläche	f l ɛ ç ə
<|DEU|>fokus	f oː k ʊ s
<|DEU|>folge	f ɔ l ɡ ə
<|DEU|>form	f ɔ ʁ m
<|DEU|>formulieren	f ɔ ʁ m u l iː ʁ ə n
<|DEU|>fracht	f r a x t
<|DEU|>fragen	f ʁ aː ɡ ə n
<|DEU|>fraglich	f ʁ aː k l ɪ ç
<|DEU|>frauen	f ʁ a ʊ ə n
<|DEU|>freiburg	f ʁ a ɪ̯ b ʊ ʁ k
<|DEU|>freien	f ʁ a ɪ̯ ə n
<|DEU|>freude	f ʁ ɔ ʏ̯ d ə
<|DEU|>freundin	f ʁ ɔ ʏ̯ n d ɪ n
<|DEU|>frisch	f ʁ ɪ ʃ
<|DEU|>front	f ʁ ɔ n t
<|DEU|>frühjahrsputz	f ʁ yː j aː ɐ̯ s p ʊ t s
<|DEU|>frühzeitig	f ʁ yː t͡s a ɪ̯ t ɪ ç
<|DEU|>fährt	f ɛː r t
<|DEU|>fälle	f ɛ l ə
<|DEU|>fällen	f ɛ l ə n
<|DEU|>fällt	f ɛ l t
<|DEU|>fühlen	f yː l ə n
<|DEU|>führung	f yː ʁ ʊ ŋ
<|DEU|>füssen	f ʏ s n̩
<|DEU|>gab	ɡ aː p
<|DEU|>ganz	ɡ a n t s
<|DEU|>ganze	ɡ a n t s ə
<|DEU|>gebe	ɡ eː b ə
<|DEU|>gedanken	ɡ ə d a ŋ k ə n
<|DEU|>gefecht	ɡ ə f ɛ ç t
<|DEU|>gefährlich	ɡ ə f ɛː ɐ̯ l ɪ ç
<|DEU|>gefällt	ɡ ə f ɛ l t
<|DEU|>gefühle	ɡ ə f yː l ə
<|DEU|>gegen	ɡ e ɡ ə n
<|DEU|>gegenteil	ɡ eː ɡ n̩ t a ɪ̯ l
<|DEU|>geht	ɡ eː t
<|DEU|>geht's	ɡ eː t s
<|DEU|>gehört	ɡ ə h øː ɐ̯ t
<|DEU|>geldanlage	ɡ ɛ l t ʔ a n l aː ɡ ə
<|DEU|>gelesen	ɡ ə l eː z ə n
<|DEU|>geliebt	ɡ ə l iː p t
<|DEU|>gemacht	ɡ ə m a x t
<|DEU|>gemeinde	ɡ ə m a ɪ̯ n d ə
<|DEU|>gemusst	ɡ ə m ʊ s t
<|DEU|>genauso	ɡ ə n a ʊ̯ z oː
<|DEU|>genügen	ɡ ə n yː ɡ n̩
<|DEU|>gerechtigkeit	ɡ ə ʁ ɛ ç t ɪ ç k a ɪ̯ t
<|DEU|>gericht	ɡ ə ʁ ɪ ç t
<|DEU|>gerne	ɡ ɛ r n ə
<|DEU|>gesang	ɡ ə z a ŋ
<|DEU|>gescheitert	ɡ ə ʃ a ɪ̯ t ɐ t
<|DEU|>geschichte	ɡ ə ʃ ɪ ç t ə
<|DEU|>geschäft	ɡ ə ʃ ɛ f t
<|DEU|>geschätzt	ɡ ə ʃ ɛ t͡s t
<|DEU|>gesellschaft	ɡ ə z ɛ l ʃ a f t
<|DEU|>gesetzgeber	ɡ ə z ɛ t s ɡ eː b ɐ
<|DEU|>gesetzlich	ɡ ə z ɛ t͡s l ɪ ç
<|DEU|>gespenst	ɡ ə ʃ p ɛ n s t
<|DEU|>gesprochen	ɡ ə ʃ p ʁ ɔ x n̩
<|DEU|>gespräch	ɡ ə ʃ p ʁ ɛː ç
<|DEU|>gestaltung	ɡ ə ʃ t a l t ʊ ŋ
<|DEU|>gestellt	ɡ ə ʃ t ɛ l t
<|DEU|>gestorben	ɡ ə ʃ t ɔ ʁ b ə n
<|DEU|>gesundheit	ɡ ə z ʊ n t h a ɪ̯ t
<|DEU|>getan	ɡ ə t aː n
<|DEU|>getöse	ɡ ə t øː z ə
<|DEU|>gewesen	ɡ ə v eː z ə n
<|DEU|>gewinnen	ɡ ə v ɪ n ə n
<|DEU|>gewiss	ɡ ə v ɪ s
<|DEU|>gewährleisten	ɡ ə v ɛː ʁ l a ɪ̯ s t ə n
<|DEU|>giessen	ɡ iː s ə n
<|DEU|>gilt	ɡ ɪ l t
<|DEU|>ging	ɡ ɪ ŋ
<|DEU|>gitarrist	ɡ i t a ʁ ɪ s t
<|DEU|>glasfaser	ɡ l aː s f aː z ɐ
<|DEU|>gleich	ɡ l a ɪ̯ ç
<|DEU|>gleichen	ɡ l a ɪ̯ ç ə n
<|DEU|>gliederung	ɡ l iː d ə ʁ ʊ ŋ
<|DEU|>grad	ɡ ʁ aː t
<|DEU|>grossbritannien	ɡ ʁ oː s b ʁ ɪ t a n j ə n
<|DEU|>grossen	ɡ ʁ oː s n̩
<|DEU|>grosses	ɡ ʁ oː s ə s
<|DEU|>grundstück	ɡ ʁ ʊ n t ʃ t ʏ k
<|DEU|>grösser	ɡ ʁ øː s ɐ
<|DEU|>grösstenteils	ɡ ʁ øː s t ə n t a ɪ̯ l s
<|DEU|>gärtner	ɡ ɛ ʁ t n ɐ
<|DEU|>günther	ɡ ʏ n t ɐ
<|DEU|>habe	h aː b ə
<|DEU|>halt	h a l t
<|DEU|>haltbar	h a l t b aː ʁ
<|DEU|>hanau	h aː n a ʊ̯
<|DEU|>handy	h ɛ n d i
<|DEU|>hatte	h a t ə
<|DEU|>hauptstadt	h a ʊ̯ p t ʃ t a t
<|DEU|>haushund	h a ʊ̯ s h ʊ n t
<|DEU|>hektar	h ɛ k t aː ɐ̯
<|DEU|>helfen	h ɛ l f n̩
<|DEU|>herbst	h ɛ ʁ p s t
<|DEU|>herrgottswinkel	h ɛ ʁ ɡ ɔ t͡s v ɪ ŋ k l̩
<|DEU|>herrschaft	h ɛ ʁ ʃ a f t
<|DEU|>hersteller	h eː ɐ̯ ʃ t ɛ l ɐ
<|DEU|>herzen	h ɛ ʁ t s n̩
<|DEU|>heuer	h ɔ ʏ̯ ɐ
<|DEU|>hilfreich	h ɪ l f ʁ a ɪ̯ ç
<|DEU|>hinten	h ɪ n t ə n
<|DEU|>hinter	h ɪ n t ɐ
<|DEU|>hinterlassen	h ɪ n t ɐ l a s n̩
<|DEU|>hoffentlich	h ɔ f n̩ t l ɪ ç
<|DEU|>hoffnung	h ɔ f n ʊ ŋ
<|DEU|>husten	h uː s t ə n
<|DEU|>hätte	h ɛ t ə
<|DEU|>höhe	h øː ə
<|DEU|>hörsaal	h øː ɐ̯ z aː l
<|DEU|>ich	ɪ ç
<|DEU|>ideen	i d eː ə n
<|DEU|>ihrem	ʔ iː ʁ ə m
<|DEU|>illegal	ɪ l e ɡ aː l
<|DEU|>im	ɪ m
<|DEU|>immer	ɪ m ɐ
<|DEU|>impfung	ɪ m p͡f ʊ ŋ
<|DEU|>indem	ɪ n d eː m
<|DEU|>inne	ɪ n ə
<|DEU|>innerhalb	ɪ n ɐ h a l p
<|DEU|>insbesondere	ɪ n s b ə z ɔ n d ə ʁ ə
<|DEU|>insgesamt	ɪ n s ɡ ə z a m t
<|DEU|>intensiv	ɪ n t ɛ n z iː f
<|DEU|>interessiert	ɪ n t ə ʁ s iː ɐ̯ t
<|DEU|>investieren	ɪ n v ɛ s t iː ʁ ə n
<|DEU|>inzidenz	ɪ n t͡s i d ɛ n t͡s
<|DEU|>inzwischen	ɪ n t͡s v ɪ ʃ n̩
<|DEU|>jahr	j aː r
<|DEU|>jahre	j aː ʁ ə
<|DEU|>jahrgang	j aː ɐ̯ ɡ a ŋ
<|DEU|>jede	j eː d ə
<|DEU|>jeden	j eː d n̩
<|DEU|>jedenfalls	j eː d ə n f a l s
<|DEU|>jedes	j eː d ə s
<|DEU|>jedoch	j eː d ɔ x
<|DEU|>jemand	j eː m a n t
<|DEU|>jeweils	j eː v a ɪ̯ l s
<|DEU|>jugendliche	j uː ɡ ə n t l ɪ ç ə
<|DEU|>junge	j ʊ ŋ ə
<|DEU|>jägers	j ɛː ɡ ɐ s
<|DEU|>jährlich	j ɛː ɐ̯ l ɪ ç
<|DEU|>kaiser	k a ɪ̯ z ɐ
<|DEU|>kaiserslautern	k a ɪ z ɐ s l a ʊ t ɐ n
<|DEU|>kampagne	k a m p a n j ə
<|DEU|>kann	k a n
<|DEU|>kanzlerin	k a n t s l ə ʁ ɪ n
<|DEU|>kaum	k a ʊ̯ m
<|DEU|>kehren	k eː ʁ ə n
<|DEU|>kein	k a ɪ̯ n
<|DEU|>keine	k a ɪ̯ n ə
<|DEU|>kennzeichen	k ɛ n t s a ɪ ç ə n
<|DEU|>kinder	k ɪ n d ɐ
<|DEU|>kippen	k ɪ p ə n
<|DEU|>klimakrise	k l iː m a k ʁ iː z ə
<|DEU|>konnte	k ɔ n t ə
<|DEU|>konsole	k ɔ n z oː l ə
<|DEU|>konstant	k ɔ n s t a n t
<|DEU|>konstantinopel	k ɔ n s t a n t i n oː p l̩
<|DEU|>korrigieren	k ɔ ʁ i ɡ iː ʁ ə n
<|DEU|>kraft	k ʁ a f t
<|DEU|>kreisssaal	k ʁ a ɪ̯ s z aː l
<|DEU|>kreisverkehr	k ʁ a ɪ̯ s f ɛ ɐ̯ k eː ɐ̯
<|DEU|>krise	k ʁ iː z ə
<|DEU|>kunden	k ʊ n d ə n
<|DEU|>kurz	k ʊ ʁ t͡s
<|DEU|>kurzarbeit	k ʊ ʁ t͡s ʔ a ʁ b a ɪ̯ t
<|DEU|>kämpfen	k ɛ m p f ə n
<|DEU|>könne	k œ n ə
<|DEU|>können	k œ n ə n
<|DEU|>könnt	k œ n t
<|DEU|>könnte	k œ n t ə
<|DEU|>körper	k œ r p ə r
<|DEU|>kürzlich	k ʏ ʁ t s l ɪ ç
<|DEU|>küster	k ʏ s t ɐ
<|DEU|>lage	l aː ɡ ə
<|DEU|>landkreis	l a n t k ʁ a ɪ̯ s
<|DEU|>langen	l a ŋ ə n
<|DEU|>laut	l a ʊ̯ t
<|DEU|>leben	l eː b ə n
<|DEU|>lebenspartner	l eː b n̩ s p a ʁ t n ɐ
<|DEU|>lebt	l eː p t
<|DEU|>leicht	l a ɪ̯ ç t
<|DEU|>leise	l a ɪ z ə
<|DEU|>leisten	l a ɪ̯ s t n̩
<|DEU|>lernen	l ɛ ɐ n ə n
<|DEU|>lesen	l eː z n̩
<|DEU|>letzte	l ɛ t͡s t ə
<|DEU|>letztlich	l ɛ t s t l ɪ ç
<|DEU|>lieber	l iː b ɐ
<|DEU|>linken	l ɪ ŋ k ə n
<|DEU|>literatur	l ɪ t ə ʁ a t uː ɐ̯
<|DEU|>losfahren	l oː s f aː ʁ ə n
<|DEU|>losgehen	l oː s ɡ eː ə n
<|DEU|>luft	l ʊ f t
<|DEU|>lässt	l ɛ s t
<|DEU|>lösung	l øː z ʊ ŋ
<|DEU|>machte	m a x t ə
<|DEU|>magazin	m a ɡ a t s iː n
<|DEU|>magdeburg	m a k d ə b ʊ ʁ k
<|DEU|>manch	m a n ç
<|DEU|>mandat	m a n d aː t
<|DEU|>manko	m a ŋ k o
<|DEU|>mann	m a n
<|DEU|>marke	m a ʁ k ə
<|DEU|>massiv	m a s iː f
<|DEU|>massnahmen	m aː s n aː m ə n
<|DEU|>matthias	m a t iː a s
<|DEU|>mau	m a ʊ̯
<|DEU|>mechanismus	m e ç a n ɪ s m ʊ s
<|DEU|>meine	m a ɪ̯ n ə
<|DEU|>meiner	m a ɪ̯ n ɐ
<|DEU|>meistens	m a ɪ̯ s t n̩ s
<|DEU|>mich	m ɪ ç
<|DEU|>mikrofon	m i k ʁ o f oː n
<|DEU|>mild	m ɪ l t
<|DEU|>milliarde	m ɪ l j aː d ə
<|DEU|>ministerpräsident	m i n ɪ s t ɐ p ʁ ɛː z i d ɛ n t
<|DEU|>minute	m i n uː t ə
<|DEU|>mit	m ɪ t
<|DEU|>mitarbeiter	m ɪ t a r b a ɪ̯ t ə r
<|DEU|>mitglieder	m ɪ t ɡ l iː d ɐ
<|DEU|>mitgliedern	m ɪ t ɡ l iː d ɐ n
<|DEU|>mithilfe	m ɪ t h ɪ l f ə
<|DEU|>mitte	m ɪ t ə
<|DEU|>mitteilen	m ɪ t t a ɪ̯ l ə n
<|DEU|>mittelfeld	m ɪ t ə l f ɛ l t
<|DEU|>mitternacht	m ɪ t ɐ n a χ t
<|DEU|>mittwoch	m ɪ t v ɔ x
<|DEU|>mobilität	m o b i l i t ɛː t
<|DEU|>moderne	m o d ɛ ʁ n ə
<|DEU|>monate	m oː n a t ə
<|DEU|>monats	m oː n a t͡s
<|DEU|>moral	m o ʁ aː l
<|DEU|>musiker	m uː z i k ɐ
<|DEU|>muss	m ʊ s
<|DEU|>musste	m ʊ s t ə
<|DEU|>männer	m ɛ n ɐ
<|DEU|>möchte	m œ ç tʰ ə
<|DEU|>möglich	m øː k l ɪ ç
<|DEU|>möglichkeit	m øː k l ɪ ç k a ɪ̯ t
<|DEU|>müller	m ʏ l ɐ
<|DEU|>müsse	m ʏ s ə
<|DEU|>müssen	m ʏ s ə n
<|DEU|>müsste	m ʏ s t ə
<|DEU|>nachrichtenagentur	n aː χ ʁ ɪ ç t ə n a ɡ ɛ n t uː ɐ
<|DEU|>nacken	n a k ə n
<|DEU|>nahe	n aː ə
<|DEU|>nase	n aː z ə
<|DEU|>nasenloch	n aː z ə n l ɔ χ
<|DEU|>nazis	n aː t s iː s
<|DEU|>nebst	n eː p s t
<|DEU|>nennen	n ɛ n ə n
<|DEU|>nennwert	n ɛ n v eː r t
<|DEU|>nett	n ɛ t
<|DEU|>netz	n ɛ t͡s
<|DEU|>neu	n ɔ ʏ̯
<|DEU|>neudeutsch	n ɔ ɪ̯ d ɔ ɪ̯ t͡ʃ
<|DEU|>neun	n ɔ ʏ̯ n
<|DEU|>niederlande	n iː d ɐ l a n d ə
<|DEU|>niedersachsen	n iː d ɐ z a k s ə n
<|DEU|>niederösterreich	n iː d ɐ ʔ øː s t ə ʁ a ɪ̯ ç
<|DEU|>normalerweise	n ɔ ʁ m aː l ɐ v a ɪ̯ z ə
<|DEU|>notfall	n oː t f a l
<|DEU|>notstand	n oː t ʃ t a n t
<|DEU|>oben	ʔ oː b ə n
<|DEU|>offenbar	ɔ f n̩ b aː ɐ̯
<|DEU|>offiziell	ɔ f i t s j ɛ l
<|DEU|>oft	ɔ f t
<|DEU|>ohne	oː n ə
<|DEU|>ohnehin	oː n ə h ɪ n
<|DEU|>ordnungsgemäss	ɔ ʁ d n ʊ ŋ s ɡ ə m ɛː s
<|DEU|>ortschaft	ɔ ʁ t ʃ a f t
<|DEU|>ostersonntag	oː s t ɐ z ɔ n t aː k
<|DEU|>pappbecher	p a p b ɛ ç ɐ
<|DEU|>pariser	p a ʁ iː z ɐ
<|DEU|>parkplatz	p a r k p l a t͡s
<|DEU|>parteipolitik	p a ʁ t a ɪ̯ p o l i t iː k
<|DEU|>pfleger	p f l eː ɡ ɐ
<|DEU|>phase	f aː z ə
<|DEU|>pilgern	p ɪ l ɡ ɐ n
<|DEU|>pkw	p eː k a v eː
<|DEU|>planen	p l aː n ə n
<|DEU|>podest	p o d ɛ s t
<|DEU|>polarstern	p o l aː ɐ̯ ʃ t ɛ ɐ̯ n
<|DEU|>polizist	p o l i t͡s ɪ s t
<|DEU|>polizisten	p o l i t͡s ɪ s t ə n
<|DEU|>portugiesin	p ɔ ʁ t u ɡ iː z ɪ n
<|DEU|>postfach	p ɔ s t f a χ
<|DEU|>premierministerin	p ʁ e m j eː m i n ɪ s t ɐ ʁ ɪ n
<|DEU|>prinz	p ʁ ɪ n t͡s
<|DEU|>probieren	p ʁ o b iː ʁ ə n
<|DEU|>profi	p ʁ oː f i
<|DEU|>profitieren	p ʁ o f i t iː ʁ ə n
<|DEU|>prognose	p ʁ o ɡ n oː z ə
<|DEU|>programm	p r o ɡ r a m
<|DEU|>projekt	p ʁ o j ɛ k t
<|DEU|>promille	p ʁ o m ɪ l ə
<|DEU|>prominenter	p ʁ ɔ m i n ɛ n t ɐ
<|DEU|>publikum	p uː b l iː k ʊ m
<|DEU|>quer	k v eː ɐ̯
<|DEU|>querdenker	k v eː ɐ̯ d ɛ ŋ k ɐ
<|DEU|>rahmen	ʁ aː m ə n
<|DEU|>raum	ʁ a ʊ̯ m
<|DEU|>rechnen	ʁ ɛ ç n ə n
<|DEU|>regierung	ʁ ə ɡ iː ʁ ʊ ŋ
<|DEU|>reicher	ʁ a ɪ̯ ç ɐ
<|DEU|>reichlich	ʁ a ɪ̯ ç l ɪ ç
<|DEU|>reihe	ʁ a ɪ̯ ə
<|DEU|>rekord	ʁ e k ɔ ʁ t
<|DEU|>rendite	ʁ ɛ n d iː t ə
<|DEU|>respektive	r e s p ɛ k t iː v e
<|DEU|>richtung	ʁ ɪ ç t ʊ ŋ
<|DEU|>richtungen	ʁ ɪ ç t ʊ ŋ
<|DEU|>rote	ʁ oː t ə
<|DEU|>russe	ʁ ʊ s ə
<|DEU|>räume	ʁ ɔ ɪ̯ m ə
<|DEU|>räumen	ʁ ɔ ɪ̯ m ə n
<|DEU|>rückzug	ʁ y k t s uː k
<|DEU|>saal	z aː l
<|DEU|>sache	z a x ə
<|DEU|>sachen	z a x n̩
<|DEU|>sage	z aː ɡ ə
<|DEU|>saniert	z a n iː ɐ̯ t
<|DEU|>scharf	ʃ a r f
<|DEU|>scheut	ʃ ɔ ʏ̯ t
<|DEU|>schicksal	ʃ ɪ k z aː l
<|DEU|>schieben	ʃ iː b ə n
<|DEU|>schien	ʃ iː n
<|DEU|>schienen	ʃ iː n ə n
<|DEU|>schlagen	ʃ l aː ɡ n̩
<|DEU|>schliesslich	ʃ l iː s l ɪ ç
<|DEU|>schloss	ʃ l ɔ s
<|DEU|>schlusspunkt	ʃ l ʊ s p ʊ ŋ k t
<|DEU|>schlüsselanhänger	ʃ l ʏ s l̩ ʔ a n h ɛ n ɡ ɐ
<|DEU|>schmoren	ʃ m oː ʁ ə n
<|DEU|>schneefall	ʃ n eː f a l
<|DEU|>schnell	ʃ n ɛ l
<|DEU|>schnellen	ʃ n ɛ l n̩
<|DEU|>schneller	ʃ n ɛ l ɐ
<|DEU|>schule	ʃ uː l ə
<|DEU|>schutz	ʃ ʊ t͡s
<|DEU|>schweizer	ʃ v a ɪ̯ t͡s ɐ
<|DEU|>schweren	ʃ v eː r ə n
<|DEU|>schätzung	ʃ ɛ t s ʊ ŋ
<|DEU|>schöne	ʃ øː n ə
<|DEU|>schönste	ʃ øː n s t ə
<|DEU|>schüler	ʃ yː l ɐ
<|DEU|>schülern	ʃ yː l ɐ n
<|DEU|>sechs	z ɛ k s
<|DEU|>sehnsüchtig	z eː n z ʏ ç t ɪ ç
<|DEU|>sehr	z eː r
<|DEU|>seid	z a ɪ̯ t
<|DEU|>seien	z a ɪ̯ ə n
<|DEU|>seine	z a ɪ̯ n ə
<|DEU|>seiner	z a ɪ̯ n ɐ
<|DEU|>seines	z a ɪ̯ n ə s
<|DEU|>seit	z a ɪ̯ t
<|DEU|>seite	z a ɪ̯ t ə
<|DEU|>seiten	z a ɪ̯ t ə n
<|DEU|>selbstmord	z ɛ l p s t m ɔ ʁ t
<|DEU|>selbstverwirklichung	z ɛ l p s t f ɛ ɐ̯ v ɪ ʁ k l ɪ ç ʊ ŋ
<|DEU|>senat	z e n aː t
<|DEU|>sender	z ɛ n d ɐ
<|DEU|>setzen	z ɛ t s ə n
<|DEU|>sich	z ɪ ç
<|DEU|>sicherheit	z ɪ ç ɐ h a ɪ̯ t
<|DEU|>sicherlich	z ɪ ç ɐ l ɪ ç
<|DEU|>sichern	z ɪ ç ɐ n
<|DEU|>sieger	z iː ɡ ɐ
<|DEU|>sinkt	z ɪ ŋ k t
<|DEU|>sinnvoll	z ɪ n f ɔ l
<|DEU|>sogar	z o ɡ aː ɐ̯
<|DEU|>solche	z ɔ l ç ə
<|DEU|>soldaten	z ɔ l d aː t n
<|DEU|>soll	z ɔ l
<|DEU|>sommer	z ɔ m ɐ
<|DEU|>spann	ʃ p a n
<|DEU|>spaziergang	ʃ p a t͡s iː ɐ̯ ɡ a ŋ
<|DEU|>speed	s p iː t
<|DEU|>spiel	ʃ p iː l
<|DEU|>spielen	ʃ p iː l ə n
<|DEU|>spieler	ʃ p iː l ɐ
<|DEU|>sportler	ʃ p ɔ ʁ t l ɐ
<|DEU|>sprechen	ʃ p r ɛ ç ə n
<|DEU|>sprecher	ʃ p r ɛ ç ə r
<|DEU|>spricht	ʃ p ʁ ɪ ç t
<|DEU|>sprung	ʃ p ʁ ʊ ŋ
<|DEU|>spur	ʃ p uː ɐ̯
<|DEU|>spüren	ʃ p yː ʁ ə n
<|DEU|>staatsanwalt	ʃ t aː t͡s ʔ a n v a l t
<|DEU|>staatsanwaltschaft	ʃ t aː t͡s ʔ a n v a l t ʃ a f t
<|DEU|>stark	ʃ t a r k
<|DEU|>starten	ʃ t a r t ə n
<|DEU|>statt	ʃ t a t
<|DEU|>stattdessen	ʃ t a t d ɛ s n̩
<|DEU|>steinmauer	ʃ t a ɪ n m a ʊ̯ ɐ
<|DEU|>sterben	ʃ t ɛ ʁ b ə n
<|DEU|>stets	ʃ t eː t s
<|DEU|>steuern	ʃ t ɔ ɪ̯ ɐ n
<|DEU|>stichwort	ʃ t ɪ ç v ɔ ʁ t
<|DEU|>stieg	ʃ t iː k
<|DEU|>stimme	ʃ t ɪ m ə
<|DEU|>stockerl	ʃ t ɔ k ɐ l
<|DEU|>stolz	ʃ t ɔ l t͡s
<|DEU|>strafe	ʃ t ʁ aː f ə
<|DEU|>strasse	ʃ t r aː s ə
<|DEU|>strich	ʃ t ʁ ɪ ç
<|DEU|>stufe	ʃ t uː f ə
<|DEU|>stunden	ʃ t ʊ n d ə n
<|DEU|>stärke	ʃ t ɛ r k ə
<|DEU|>stück	ʃ t ʏ k
<|DEU|>stürmer	ʃ t ʏ r m ə r
<|DEU|>suchen	z uː x ə n
<|DEU|>suchmaschine	z uː x m a ʃ iː n ə
<|DEU|>sucht	z ʊ x t
<|DEU|>süden	z yː d ə n
<|DEU|>sündenbock	z ʏ n d ə n b ɔ k
<|DEU|>tage	t aː ɡ ə
<|DEU|>tagen	t aː ɡ ə n
<|DEU|>tat	t aː t
<|DEU|>tatsächlich	t aː t z ɛ ç l ɪ ç
<|DEU|>teilweise	t a ɪ̯ l v a ɪ̯ z ə
<|DEU|>tests	t ɛ s t s
<|DEU|>teuer	t ɔ ʏ̯ ɐ
<|DEU|>thermometer	t ɛ ʁ m o m eː t ɐ
<|DEU|>thüringen	t yː ʁ ɪ ŋ ə n
<|DEU|>tirol	t i ʁ oː l
<|DEU|>tolle	t ɔ l ə
<|DEU|>tonnen	t ɔ n ə n
<|DEU|>transfer	t r a n s f eː r
<|DEU|>tritt	t ʁ ɪ t
<|DEU|>trockenheit	t ʁ ɔ k ə n h a ɪ̯ t
<|DEU|>trugen	t ʁ uː ɡ n
<|DEU|>tränen	t ʁ ɛ n ə n
<|DEU|>tschernobyl	t͡ʃ ɛ ʁ n oː b ʏ l
<|DEU|>tweet	t v iː t
<|DEU|>twitter	t v ɪ t ə r
<|DEU|>töpfern	t œ p f ɐ n
<|DEU|>uhr	uː r
<|DEU|>um	ʊ m
<|DEU|>umgang	ʊ m ɡ a ŋ
<|DEU|>umsetzung	ʊ m z ɛ t s ʊ ŋ
<|DEU|>unabhängig	ʊ n a p h ɛ ŋ ɪ ç
<|DEU|>unermüdlich	ʊ n ɛ ɐ m yː t l ɪ ç
<|DEU|>unfall	ʊ n f a l
<|DEU|>ungebrochen	ʊ n ɡ ə b ʁ ɔ χ n̩
<|DEU|>ungestraft	ʊ n ɡ ə ʃ t ʁ aː f t
<|DEU|>ungewöhnlich	ʊ n ɡ ə v øː n l ɪ ç
<|DEU|>unglaublich	ʊ n ɡ l a u̯ p l ɪ ç
<|DEU|>uns	ʊ n s
<|DEU|>unter	ʊ n t ɐ
<|DEU|>unterirdisch	ʊ n t ɐ ʔ ɪ ʁ d ɪ ʃ
<|DEU|>unternehmen	ʊ n t ɐ n eː m ə n
<|DEU|>unternehmer	ʊ n t ɐ n eː m ɐ
<|DEU|>unterschied	ʔ ʊ n tʰ ɐ ʃ iː t
<|DEU|>unterschiedlich	ʊ n t ɐ ʃ iː t l ɪ ç
<|DEU|>unterstützung	ʊ n t ɐ ʃ t ʏ t͡s ʊ ŋ
<|DEU|>unterwegs	ʊ n t ɐ v eː k s
<|DEU|>unzufriedenheit	ʔ ʊ n t͡s u f ʁ iː d ə n h a ɪ̯ t
<|DEU|>ursprünglich	ʔ uː ɐ̯ ʃ p ʁ ʏ ŋ l ɪ ç
<|DEU|>veranstaltung	f ɛ ɐ̯ a n ʃ t a l t ʊ ŋ
<|DEU|>verantwortung	f ɛ ɐ̯ ʔ a n t v ɔ ʁ t ʊ ŋ
<|DEU|>verbindung	f ɛ ɐ̯ b ɪ n d ʊ ŋ
<|DEU|>verein	f ɛ ɐ̯ ʔ a ɪ̯ n
<|DEU|>vereinigung	f ɛ ɐ̯ ʔ a ɪ̯ n ɪ ɡ ʊ ŋ
<|DEU|>verfassung	f ɛ ɐ̯ f a s ʊ ŋ
<|DEU|>verfügung	f ɛ ɐ̯ f yː ɡ ʊ ŋ
<|DEU|>vergabe	f ɛ ɐ̯ ɡ aː b ə
<|DEU|>vergangenheit	f ɛ ɐ̯ ɡ a ŋ ə n h a ɪ̯ t
<|DEU|>vergessen	f ɛ ɐ̯ ɡ ɛ s ə n
<|DEU|>verhindert	f ɛ ʁ h ɪ n d ɐ t
<|DEU|>verhältnis	f ɛ ɐ̯ h ɛ l t n ɪ s
<|DEU|>verkauf	f ɛ ɐ̯ k a ʊ̯ f
<|DEU|>verkehr	f ɛ r k eː r
<|DEU|>verkürzen	f ɛ ɐ̯ k ʏ ʁ t͡s ə n
<|DEU|>verlassen	f ə r l a s ə n
<|DEU|>vermeiden	f ɛ ɐ̯ m a ɪ̯ d ə n
<|DEU|>vernichten	f ɛ ɐ̯ n ɪ ç t ə n
<|DEU|>verscheuchen	f ɛ ɐ̯ ʃ ɔ ɪ ç ə n
<|DEU|>verschieben	f ɛ r ʃ iː b ə n
<|DEU|>versicherte	f ɛ ɐ̯ z ɪ ç ɐ t ə
<|DEU|>versickern	f ɛ ɐ̯ z ɪ k ɐ n
<|DEU|>verständnis	f ɛ ɐ̯ ʃ t ɛ n t n ɪ s
<|DEU|>verstärkung	f ɛ ɐ̯ ʃ t ɛ ʁ k ʊ ŋ
<|DEU|>versuchen	f ɛ ɐ̯ z uː x ə n
<|DEU|>verteidigung	f ɛ ɐ̯ t a ɪ̯ d ɪ ɡ ʊ ŋ
<|DEU|>verteilen	f ɛ ʁ t a ɪ̯ l ə n
<|DEU|>vertrauen	f ɛ ɐ̯ t ʁ a ʊ̯ ə n
<|DEU|>vertreibung	f ɛ ʁ t ʁ a ɪ̯ b ʊ ŋ
<|DEU|>veränderung	f ɛ ɐ̯ ɛ n d ə ʁ ʊ ŋ
<|DEU|>verärgern	f ɛ ʁ ʔ ɛ ʁ ɡ ɐ n
<|DEU|>videokonferenz	v iː d e o k ɔ n f e ʁ ɛ n t͡s
<|DEU|>viele	f iː l ə
<|DEU|>vieles	f iː l ə s
<|DEU|>violett	v iː o l ɛ t
<|DEU|>viren	v iː r ə n
<|DEU|>volkes	f ɔ l k ə s
<|DEU|>voll	f ɔ l
<|DEU|>vollendung	f ɔ l ʔ ɛ n d ʊ ŋ
<|DEU|>von	f ɔ n
<|DEU|>vorbild	f oː ɐ̯ b ɪ l t
<|DEU|>vorgänger	f oː ɐ̯ ɡ ɛ ŋ ɐ
<|DEU|>vorhaben	f oː ʁ h aː b ə n
<|DEU|>vorjahr	f oː ɐ̯ j aː ɐ̯
<|DEU|>vorsitz	f oː ɐ̯ z ɪ t s
<|DEU|>vorwurf	f oː ʁ v ʊ ʁ f
<|DEU|>vorüber	f o ʁ yː b ɐ
<|DEU|>waffe	v a f ə
<|DEU|>wahl	v aː l
<|DEU|>wahlen	v aː l ə n
<|DEU|>wahllokal	v aː l l o k aː l
<|DEU|>wahrscheinlich	v aː ɐ̯ ʃ a ɪ̯ n l ɪ ç
<|DEU|>wann	v a n
<|DEU|>wegwerfen	v ɛ k v ɛ ɐ̯ f n̩
<|DEU|>weil	v a ɪ̯ l
<|DEU|>wein	v a ɪ̯ n
<|DEU|>weise	v a ɪ̯ z ə
<|DEU|>weisse	v a ɪ̯ s ə
<|DEU|>welche	v ɛ l ç ə
<|DEU|>welt	v ɛ l t
<|DEU|>weltweit	v ɛ l t v a ɪ̯ t
<|DEU|>wenig	v eː n ɪ ç
<|DEU|>wer	v eː r
<|DEU|>werktags	v ɛ r k t aː k s
<|DEU|>werte	v ɛ ɐ̯ t ə
<|DEU|>wettbewerb	v ɛ t b ə v ɛ ʁ p
<|DEU|>wetter	v ɛ t ɐ
<|DEU|>will	v ɪ l
<|DEU|>willkommen	v ɪ l k ɔ m ə n
<|DEU|>windschutzscheibe	v ɪ n t ʃ ʊ t͡s ʃ a ɪ̯ b ə
<|DEU|>winzerin	v ɪ n t s ɐ ʁ ɪ n
<|DEU|>wird	v ɪ ɐ̯ t
<|DEU|>wirken	v ɪ ʁ k ə n
<|DEU|>wirklich	v ɪ ʁ k l ɪ ç
<|DEU|>wo	v oː
<|DEU|>woche	v ɔ x ə
<|DEU|>wochenende	v ɔ χ n̩ ʔ ɛ n d ə
<|DEU|>wohl	v oː l
<|DEU|>wohlleben	v oː l l eː b n̩
<|DEU|>wohnen	v oː n ə n
<|DEU|>wohnung	v oː n ʊ ŋ
<|DEU|>wollte	v ɔ l t ə
<|DEU|>wort	v ɔ r t
<|DEU|>wunderbar	v ʊ n d ɐ b aː ɐ̯
<|DEU|>wunsch	v ʊ n ʃ
<|DEU|>wurde	v ʊ ʁ d ə
<|DEU|>würde	v ʏ ʁ d ə
<|DEU|>zahl	t s aː l
<|DEU|>zart	t s aː r t
<|DEU|>zehn	t͡s eː n
<|DEU|>zeichen	t s a ɪ̯ ç ə n
<|DEU|>zeigen	t͡s a ɪ̯ ɡ ə n
<|DEU|>zeitlos	t͡s a ɪ̯ t l oː s
<|DEU|>zeitpunkt	t s a ɪ̯ t p ʊ ŋ k t
<|DEU|>zeitraum	t s a ɪ̯ t ʁ a ʊ̯ m
<|DEU|>zeugin	t s ɔ ʏ̯ ɡ ɪ n
<|DEU|>zuerst	t s u ʔ eː ɐ̯ s t
<|DEU|>zufall	t͡s uː f a l
<|DEU|>zufolge	t s u f ɔ l ɡ ə
<|DEU|>zugleich	t͡s u ɡ l a ɪ̯ ç
<|DEU|>zugänglich	t s uː ɡ ɛ ŋ l ɪ ç
<|DEU|>zumindest	t͡s u m ɪ n d ə s t
<|DEU|>zunächst	t s u n ɛː ç s t
<|DEU|>zur	t s uː ɐ̯
<|DEU|>zurzeit	t s ʊ r t s a ɪ t
<|DEU|>zurück	t͡s u ʁ ʏ k
<|DEU|>zuschauer	t͡s uː ʃ a ʊ̯ ɐ
<|DEU|>zuvor	t͡s u f oː ɐ̯
<|DEU|>zwar	t͡s v aː ɐ̯
<|DEU|>zweierlei	t s v a ɪ̯ ɐ l a ɪ̯
<|DEU|>zweifel	t͡s v a ɪ̯ f l̩
<|DEU|>zweitens	t͡s v a ɪ̯ t n̩ s
<|DEU|>zweiter	t͡s v a ɪ̯ t ɐ
<|DEU|>zwingen	t s v ɪ ŋ ə n
<|DEU|>zwischen	t s v ɪ ʃ ə n
<|DEU|>zwölf	t͡s v œ l f
<|DEU|>zürcher	t͡s ʏ ʁ ç ɐ
<|DEU|>äussern	ɔ ʏ̯ s ɐ n
<|DEU|>öffnen	ʔ œ f n ə n
<|DEU|>öffnung	œ f n ʊ ŋ
<|DEU|>österreich	øː s t ə ʁ a ɪ ç
<|DEU|>überhaupt	yː b ɐ h a ʊ̯ p t
<|DEU|>überlegungen	y b ɐ l eː ɡ ʊ ŋ ə n
<|DEU|>überraschend	yː b ɐ ʁ a ʃ ə n t
<|DEU|>überrascht	yː b ɐ ʁ a ʃ t
<|DEU|>übertragen	yː b ə r t r aː ɡ ə n
<|DEU|>überwindung	yː b ɐ v ɪ n d ʊ ŋ
<|ELL|>adike	a ð i c i
<|ELL|>akes	a c i s
<|ELL|>akouga	a k u ɣ a
<|ELL|>akousa	a k u s a
<|ELL|>androu	a n ð ɾ u
<|ELL|>anthropos	a n θ ɾ o p o s
<|ELL|>ande	a d e
<|ELL|>aron	a r o n
<|ELL|>ebala	e v a l a
<|ELL|>ebale	e v a l e
<|ELL|>engrafo	e ŋ ɣ r a f o
<|ELL|>ezesan	e z i s a n
<|ELL|>ethnos	e θ n o s
<|ELL|>ekthese	e k θ e s i
<|ELL|>ekplexe	e k p l i k s i
<|ELL|>ellena	e l i n a
<|ELL|>ellenes	e l i n e s
<|ELL|>enandi	e n a n d i
<|ELL|>endero	e n d e ɾ o
<|ELL|>endrome	e n d ɾ o m i
<|ELL|>eprepe	e p ɾ e p e
<|ELL|>etoimos	e t i m o s
<|ELL|>etos	e t o s
<|ELL|>eftiaxa	e f t ç a k s a
<|ELL|>echasa	e x a s a
<|ELL|>echome	e x o m e
<|ELL|>echondas	e x o n d a s
<|ELL|>echoun	e x u n
<|ELL|>ede	i ð i
<|ELL|>emastan	i m a s t a n
<|ELL|>emaste	i m a s t e
<|ELL|>emoun	i m u n
<|ELL|>esan	i s a n
<|ELL|>etan	i t a n
<|ELL|>etane	i t a n e
<|ELL|>etta	i t a
<|ELL|>idios	i ð ʝ o s
<|ELL|>isos	i s o s
<|ELL|>aigyptos	e ʝ i p t o s
<|ELL|>aithousa	e θ u s a
<|ELL|>aisthema	e s θ i m a
<|ELL|>aitese	e t i s i
<|ELL|>abanngarnd	a v a ŋ ɡ a ɾ d
<|ELL|>agias	a ʝ i a s
<|ELL|>agiou	a ʝ i u
<|ELL|>agious	a ʝ i u s
<|ELL|>aganakto	a ɣ a n a k t o
<|ELL|>agapao	a ɣ a p a o
<|ELL|>agapemena	a ɣ a p i m e n a
<|ELL|>agapemeno	a ɣ a p i m e n o
<|ELL|>agapemenous	a ɣ a p i m e n u s
<|ELL|>agapo	a ɣ a p o
<|ELL|>angeloudia	a ŋ ɟ e l u ð ʝ a
<|ELL|>agora	a ɣ o r a
<|ELL|>agoras	a ɣ o r a s
<|ELL|>agoron	a ɣ o r o n
<|ELL|>agonia	a ɣ o n i a
<|ELL|>agoniston	a ɣ o n i s t o n
<|ELL|>adelfe	a ð e l f i
<|ELL|>adelfos	a ð e l f o s
<|ELL|>adrenaline	a ð ɾ e n a l i n i
<|ELL|>aerodromio	a e ɾ o ð ɾ o m i o
<|ELL|>athenaios	a θ i n e o s
<|ELL|>aisthanomai	e s θ a n o m e
<|ELL|>aitia	e t i a
<|ELL|>akousteke	a k u s t i k e
<|ELL|>akribeia	a k r i v i a
<|ELL|>akuroses	a c i ɾ o s i s
<|ELL|>aletheia	a l i θ ç a
<|ELL|>alexandroupole	a l e k s a n ð ɾ u p o l i
<|ELL|>aleuromeno	a l e v r o m e n o
<|ELL|>allage	a l a ʝ i
<|ELL|>allou	a l u
<|ELL|>alysida	a l i s i ð a
<|ELL|>amatheia	a m a θ i a
<|ELL|>amerike	a m e r i c i
<|ELL|>amoibe	a m i v i
<|ELL|>amfiballo	a ɱ f i v a l o
<|ELL|>amfitheatro	a m f i θ e a t ɾ o
<|ELL|>ananges	a n a ŋ ɟ e s
<|ELL|>anange	a n a ŋ ɟ i
<|ELL|>anadochos	a n a ð o x o s
<|ELL|>analyse	a n a l i s i
<|ELL|>anangon	a n a ŋ ɡ o n
<|ELL|>anaisthesia	a n e s θ i s i a
<|ELL|>anakalypsa	a n a k a l i p s a
<|ELL|>anakalypse	a n a k a l i p s i
<|ELL|>anakalupseis	a n a k a l i p s i s
<|ELL|>analytika	a n a l i t i k a
<|ELL|>anana	a n a n a
<|ELL|>anapnoe	a n a p n o i
<|ELL|>anatrapeke	a n a t ɾ a p i c e
<|ELL|>anaferomai	a n a f e ɾ o m e
<|ELL|>anafero	a n a f e ɾ o
<|ELL|>anafora	a n a f o ɾ a
<|ELL|>anelkysteras	a n e l c i s t i ɾ a s
<|ELL|>anesycho	a n i s i x o
<|ELL|>andidrase	a n d i ð ɾ a s i
<|ELL|>andinoos	a n d i n o o s
<|ELL|>andidraseis	a n d i ð ɾ a s i s
<|ELL|>andikeimeno	a n d i c i m e n o
<|ELL|>axizei	a k s i z i
<|ELL|>axiologese	a k s i o l o ʝ i s i
<|ELL|>ap	a p
<|ELL|>apandese	a p a n d i s i
<|ELL|>apedeixe	a p e ð i k s e
<|ELL|>apaitoume	a p e t u m e
<|ELL|>apallage	a p a l a ʝ i
<|ELL|>aparadektos	a p a ɾ a ð e k t o s
<|ELL|>aparegoreta	a p a ɾ i ɣ o ɾ i t a
<|ELL|>apelpisia	a p e l p i s i a
<|ELL|>aplous	a p l u s
<|ELL|>apodeichthekan	a p o ð i x θ i k a n
<|ELL|>apodeichteke	a p o ð i x t i c e
<|ELL|>apokalypse	a p o k a l i p s i
<|ELL|>apokalupseis	a p o k a l i p s i s
<|ELL|>apokleismenos	a p o k l i z m e n o s
<|ELL|>apomonomeno	a p o m o n o m e n o
<|ELL|>apostaseis	a p o s t a s i s
<|ELL|>apostole	a p o s t o l i
<|ELL|>apotychia	a p o t i ç i a
<|ELL|>aprile	a p ɾ i l i
<|ELL|>aprilios	a p ɾ i l i o s
<|ELL|>apriliou	a p ɾ i l i u
<|ELL|>apogeuma	a p o ʝ e v m a
<|ELL|>apofase	a p o f a s i
<|ELL|>apoleia	a p o l i a
<|ELL|>arete	a r e t i
<|ELL|>areton	a r e t o n
<|ELL|>armodioteta	a ɾ m o ð i o t i t a
<|ELL|>arrostemene	a r o s t i m e n i
<|ELL|>archizo	a r ç i z o
<|ELL|>archegos	a ɾ ç i ɣ o s
<|ELL|>asko	a s k o
<|ELL|>astynomia	a s t i n o m i a
<|ELL|>augoustou	a v ɣ u s t u
<|ELL|>aute	a f t i
<|ELL|>auti	a f t i
<|ELL|>auto	a f t o
<|ELL|>autos	a f t o s
<|ELL|>afora	a f o r a
<|ELL|>aforme	a f o ɾ m i
<|ELL|>aforouse	a f o r u s e
<|ELL|>augoustos	a v ɣ u s t o s
<|ELL|>bazeis	v a z i s
<|ELL|>bazondas	v a z o n d a s
<|ELL|>balei	v a l i
<|ELL|>baleis	v a l i s
<|ELL|>baloume	v a l u m e
<|ELL|>balo	v a l o
<|ELL|>baros	v a r o s
<|ELL|>bathia	v a θ ç a
<|ELL|>basilissa	v a s i l i s a
<|ELL|>basileas	v a s i l e a s
<|ELL|>basilias	v a s i ʎ a s
<|ELL|>basilike	v a s i l i c i
<|ELL|>bebaios	v e v e o s
<|ELL|>berolino	v e r o l i n o
<|ELL|>bibliotheke	v i v l i o θ i c i
<|ELL|>boethesa	v o i θ i s a
<|ELL|>boethame	v o i̯ θ a m e
<|ELL|>boethoume	v o i θ u m e
<|ELL|>bouleutes	v u l e f t i s
<|ELL|>boulese	v u l i s i
<|ELL|>bouliaxa	v u ʎ a k s a
<|ELL|>brady	v r a ð i
<|ELL|>breka	v ɾ i k a
<|ELL|>brekan	v ɾ i k a n
<|ELL|>breke	v ɾ i c e
<|ELL|>brisko	v ɾ i s k o
<|ELL|>brachykukloma	v ɾ a ç i c i k l o m a
<|ELL|>brei	v ɾ i
<|ELL|>bretania	v r e t a n i a
<|ELL|>broume	v ɾ u m e
<|ELL|>gefyra	ʝ e f i r a
<|ELL|>gepedo	ʝ i p e ð o
<|ELL|>gegonos	ʝ e ɣ o n o s
<|ELL|>geia	ʝ a
<|ELL|>genare	ʝ e n a ɾ i
<|ELL|>gennetheka	ʝ e n i θ i k a
<|ELL|>gennemenos	ʝ e n i m e n o s
<|ELL|>genoktonia	ʝ e n o k t o n i a
<|ELL|>giannes	ʝ a n i s
<|ELL|>giati	ʝ a t i
<|ELL|>giatros	ʝ a t r o s
<|ELL|>giorte	ʝ o r t i
<|ELL|>gios	ʝ o s
<|ELL|>gei	ɟ e i
<|ELL|>grizo	ɡ ɾ i z o
<|ELL|>glossa	ɣ l o s a
<|ELL|>gnorizo	ɣ n o ɾ i z o
<|ELL|>gnoseis	ɣ n o s i s
<|ELL|>gnoseos	ɣ n o s e o s
<|ELL|>gnose	ɣ n o s i
<|ELL|>gria	ɣ ɾ i a
<|ELL|>guros	ʝ i r o s
<|ELL|>dechomai	ð e x o m e
<|ELL|>deigma	ð i ɣ m a
<|ELL|>dee	ð e i
<|ELL|>dekembrio	ð e c e ɱ v ɾ i o
<|ELL|>dekapende	ð e k a p e n d e
<|ELL|>dekatesseris	ð e k a t e s e ɾ i s
<|ELL|>dekembriou	ð e c e ɱ v ɾ i u
<|ELL|>den	ð e n
<|ELL|>deuteros	ð e f t e ɾ o s
<|ELL|>delade	ð i l a ð i
<|ELL|>deloseis	ð i l o s i s
<|ELL|>demetres	ð i m i t ɾ i s
<|ELL|>demetrios	ð i m i t ɾ i o s
<|ELL|>demokratia	ð i m o k r a t i a
<|ELL|>demosieuoume	ð i m o s i e v u m e
<|ELL|>demotike	ð i m o t i c i
<|ELL|>diabazo	ð ʝ a v a z o
<|ELL|>dianome	ð ʝ a n o m i
<|ELL|>dianuoume	ð i a n i u m e
<|ELL|>diafemise	ð i a f i m i s i
<|ELL|>dikegoros	ð i c i ɣ o ɾ o s
<|ELL|>douleuo	ð u l e v o
<|ELL|>drama	ð r a m a
<|ELL|>dromos	ð r o m o s
<|ELL|>dynameon	ð i n a m e o n
<|ELL|>dyskolia	ð i s k o l i a
<|ELL|>duname	ð i n a m i
<|ELL|>dunames	ð i n a m i s
<|ELL|>duo	ð i o
<|ELL|>duskola	ð i s k o l a
<|ELL|>duskolos	ð i s k o l o s
<|ELL|>dodeka	ð o ð e k a
<|ELL|>dora	ð o ɾ a
<|ELL|>eimai	i m e
<|ELL|>eimaste	i m a s t e
<|ELL|>einai	i n e
<|ELL|>eisai	i s e
<|ELL|>eisaste	i s a s t e
<|ELL|>eichan	i x a n
<|ELL|>eichane	i x a n e
<|ELL|>ebdomada	e v ð o m a ð a
<|ELL|>engataleipse	e ŋ ɡ a t a l i p s i
<|ELL|>ethnikos	e θ n i k o s
<|ELL|>eisiterio	i s i t i ɾ i o
<|ELL|>ekatommurio	e k a t o m i ɾ i o
<|ELL|>ekato	e k a t o
<|ELL|>ekdotikos	e k ð o t i k o s
<|ELL|>ekdrome	e k ð ɾ o m i
<|ELL|>ekeine	e c i n i
<|ELL|>ekeinoi	e c i n i
<|ELL|>eklethe	e k l i θ i
<|ELL|>ekplektika	e k p l i k t i k a
<|ELL|>ekpombes	e k p o m b e s
<|ELL|>ekpombe	e k p o m b i
<|ELL|>ektelese	e k t e l e s i
<|ELL|>eleutheria	e l e f θ e ɾ i a
<|ELL|>eleutheros	e l e f θ e r o s
<|ELL|>ellada	e l a ð a
<|ELL|>elleniko	e l i n i k o
<|ELL|>elpizoume	e l p i z u m e
<|ELL|>emmanouel	e m a n u i l
<|ELL|>embisteuomai	e m b i s t e v o m e
<|ELL|>embodio	e m b o ð i o
<|ELL|>enandion	e n a n d i o n
<|ELL|>endechetai	e n ð e ç e t e
<|ELL|>enemerose	e n i m e r o s i
<|ELL|>enemeroses	e n i m e r o s i s
<|ELL|>endupose	e n d i p o s i
<|ELL|>exegerse	e k s e ʝ e r s i
<|ELL|>exetasa	e k s e t a s a
<|ELL|>exaitias	e k s e t i a s
<|ELL|>exoplismene	e k s o p l i z m e n i
<|ELL|>epangelma	e p a ŋ ɡ e l m a
<|ELL|>epegrapsa	e p e ɣ ɾ a p s a
<|ELL|>epanenarxe	e p a n e n a ɾ k s i
<|ELL|>eparchia	e p a ɾ ç i a
<|ELL|>epidraseis	e p i ð ɾ a s i s
<|ELL|>epiloge	e p i l o ʝ i
<|ELL|>epimeletes	e p i m e l i t i s
<|ELL|>epipleon	e p i p l e o n
<|ELL|>epitrepetai	e p i t ɾ e p e t e
<|ELL|>epitychia	e p i t i ç i a
<|ELL|>epicheirese	e p i ç i ɾ i s i
<|ELL|>epomenos	e p o m e n o s
<|ELL|>epomenos	e p o m e n o s
<|ELL|>erchomeno	e r x o m e n o
<|ELL|>esy	e s i
<|ELL|>eukairia	e f c e r i a
<|ELL|>eusebeia	e f s e v i a
<|ELL|>euche	e f ç i
<|ELL|>eucharistoume	e f x a ɾ i s t u m e
<|ELL|>eucharisto	e f x a ɾ i s t o
<|ELL|>efemerida	e f i m e r i ð a
<|ELL|>euchetai	e f ç e t e
<|ELL|>euchomai	e f x o m e
<|ELL|>zachare	z a x a r i
<|ELL|>zeta	z i t a
<|ELL|>zeugari	z e v ɣ a r i
<|ELL|>zeugaria	z e v ɣ a r ʝ a
<|ELL|>zeugariou	z e v ɣ a r ʝ u
<|ELL|>zetame	z i t a m e
<|ELL|>zeto	z i t o
<|ELL|>zoe	z o i
<|ELL|>zoeros	z o i r o s
<|ELL|>zondanos	z o n d a n o s
<|ELL|>zoo	z o o
<|ELL|>egoumenitsa	i ɣ u m e n i t s a
<|ELL|>elikia	i l i c i a
<|ELL|>esychia	i s i ç i a
<|ELL|>thelo	θ e l o
<|ELL|>themata	θ e m a t a
<|ELL|>tharraleos	θ a r a l e o s
<|ELL|>thauma	θ a v m a
<|ELL|>theia	θ i a
<|ELL|>therapeia	θ e ɾ a p i a
<|ELL|>thermokrasia	θ e ɾ m o k ɾ a s i a
<|ELL|>theoro	θ e o r o
<|ELL|>theos	θ e o s
<|ELL|>thoro	θ o r o
<|ELL|>thuella	θ i e l a
<|ELL|>ianouario	i a n u a ɾ i o
<|ELL|>ianouarios	i a n u a ɾ i o s
<|ELL|>ianouariou	i a n u a ɾ i u
<|ELL|>idiaitera	i ð i e t e ɾ a
<|ELL|>idiaiteros	i ð i e t e ɾ o s
<|ELL|>idrumatos	i ð r i m a t o s
<|ELL|>ierousalem	i e ɾ u s a l i m
<|ELL|>iouliou	i u l i u
<|ELL|>ioule	i u l i
<|ELL|>ioulio	i u l i o
<|ELL|>iounes	i u n i s
<|ELL|>iounio	i u n i o
<|ELL|>irlandia	i ɾ l a n ð i a
<|ELL|>ispania	i s p a n i a
<|ELL|>istologio	i s t o l o ʝ i o
<|ELL|>istorikos	i s t o r i k o s
<|ELL|>italike	i t a l i k i
<|ELL|>italiko	i t a l i k o
<|ELL|>ioanna	i o a n a
<|ELL|>ioannina	i o a n i n a
<|ELL|>kathomai	k a θ o m e
<|ELL|>kalypse	k a l i p s i
<|ELL|>kanondas	k a n o n d a s
<|ELL|>kano	k a n o
<|ELL|>kapoios	k a p ç o s
<|ELL|>kastro	k a s t r o
<|ELL|>kerdos	c e r ð o s
<|ELL|>kefi	c e f i
<|ELL|>kindynos	c i n ð i n o s
<|ELL|>kathizondas	k a θ i z o n d a s
<|ELL|>kai	c e
<|ELL|>kainotomia	c e n o t o m i a
<|ELL|>kainotomias	c e n o t o m i a s
<|ELL|>kainotomies	c e n o t o m i e s
<|ELL|>kako	k a k o
<|ELL|>kalemera	k a l i m e r a
<|ELL|>kalifornia	k a l i f o ɾ n i a
<|ELL|>kaloi	k a l i
<|ELL|>kalokairi	k a l o c e r i
<|ELL|>kalo	k a l o
<|ELL|>kalos	k a l o s
<|ELL|>kan	k a n
<|ELL|>kardia	k a r ð ʝ a
<|ELL|>kareklaki	k a ɾ e k l a c i
<|ELL|>kata	k a t a
<|ELL|>katalogos	k a t a l o ɣ o s
<|ELL|>katebale	k a t e v a l e
<|ELL|>kataigidas	k a t e ʝ i ð a s
<|ELL|>keri	c e r r i
<|ELL|>keria	c e r ʝ a
<|ELL|>kibotos	c i v o t o s
<|ELL|>kinezika	c i n e z i k a
<|ELL|>kindyneuo	c i n ð i n e v o
<|ELL|>kinduneusa	c i n ð i n e f s a
<|ELL|>kiolas	c o l a s
<|ELL|>klise	k ʎ i s i
<|ELL|>klaio	k l e o
<|ELL|>klarineto	k l a ɾ i n e t o
<|ELL|>koine	c i n i
<|ELL|>koino	c i n o
<|ELL|>koinos	c i n o s
<|ELL|>koitao	c i t a o
<|ELL|>koitidas	c i t i ð a s
<|ELL|>korinthou	k o ɾ i n θ u
<|ELL|>koritsia	k o ɾ i t s ç a
<|ELL|>koritsion	k o ɾ i t s ç o n
<|ELL|>kotopoulo	k o t o p u l o
<|ELL|>kouneli	k u n e l i
<|ELL|>kourasmenoi	k u r a z m e n i
<|ELL|>kreas	k r e a s
<|ELL|>krete	k r i t i
<|ELL|>kragion	k ɾ a ʝ o n
<|ELL|>kremasmena	k r e m a z m e n a
<|ELL|>krymmena	k r i m e n a
<|ELL|>kyriake	c i r ʝ a c i
<|ELL|>kyriolektika	c i ɾ i o l e k t i k a
<|ELL|>konstandinos	k o n s t a n d i n o s
<|ELL|>konstandinou	k o n s t a n d i n u
<|ELL|>kokkine	k o c i n i
<|ELL|>kolase	k o l a s i
<|ELL|>kosmos	k o z m o s
<|ELL|>kupro	c i p ɾ o
<|ELL|>kuprou	c i p ɾ u
<|ELL|>ladi	l a ð i
<|ELL|>larisa	l a r i s a
<|ELL|>legetai	l e ʝ e t e
<|ELL|>lego	l e ɣ o
<|ELL|>leei	l e i
<|ELL|>leme	l e m e
<|ELL|>lesbos	l e z v o s
<|ELL|>lemnos	l i m n o s
<|ELL|>ligo	l i ɣ o
<|ELL|>lemoni	l e m o n i
<|ELL|>les	l e s
<|ELL|>leuka	l e f k a
<|ELL|>leukes	l e f c e s
<|ELL|>leuke	l e f c i
<|ELL|>leuko	l e f k o
<|ELL|>ligotero	l i ɣ o t e r o
<|ELL|>ligoteroi	l i ɣ o t e r i
<|ELL|>limani	l i m a n i
<|ELL|>liondari	ʎ o n d a ɾ i
<|ELL|>loipon	l i p o n
<|ELL|>londino	l o n ð i n o
<|ELL|>loutro	l u t ɾ o
<|ELL|>lythei	l i θ i
<|ELL|>lutheke	l i θ i c e
<|ELL|>lunei	l i n i
<|ELL|>lusame	l i s a m e
<|ELL|>lusei	l i s i
<|ELL|>luseis	l i s i s
<|ELL|>luse	l i s i
<|ELL|>lusoun	l i s u n
<|ELL|>lussa	l i s a
<|ELL|>mangas	m a ŋ ɡ a s
<|ELL|>maza	m a z a
<|ELL|>mazepsa	m a z e p s a
<|ELL|>maes	m a i s
<|ELL|>mandepse	m a n d e p s e
<|ELL|>martio	m a ɾ t i o
<|ELL|>matia	m a t ç a
<|ELL|>mera	m e r a
<|ELL|>meros	m e ɾ o s
<|ELL|>mesa	m e s a
<|ELL|>meso	m e s o
<|ELL|>meso	m e s o
<|ELL|>menyma	m i n i m a
<|ELL|>mepos	m i p o s
<|ELL|>mia	m i a
<|ELL|>ma	m a
<|ELL|>magioneza	m a ʝ o n e z a
<|ELL|>mathematika	m a θ i m a t i k a
<|ELL|>malaka	m a l a k a
<|ELL|>martiou	m a ɾ t i u
<|ELL|>marturon	m a ɾ t i ɾ o n
<|ELL|>megalos	m e ɣ a l o s
<|ELL|>meioseis	m i o s i s
<|ELL|>mexikou	m e k s i k u
<|ELL|>merida	m e ɾ i ð a
<|ELL|>mesaionike	m e s e o n i c i
<|ELL|>metafero	m e t a f e ɾ o
<|ELL|>metrao	m e t ɾ a o
<|ELL|>me	m i
<|ELL|>metera	m i t e r a
<|ELL|>miamise	m ɲ a m i s i
<|ELL|>mia	m ɲ a
<|ELL|>mikro	m i k ɾ o
<|ELL|>milano	m i l a n o
<|ELL|>misthos	m i s θ o s
<|ELL|>miso	m i s o
<|ELL|>monachos	m o n a x o s
<|ELL|>mondelo	m o d e l o
<|ELL|>mykonou	m i k o n u
<|ELL|>mytilene	m i t i l i n i
<|ELL|>moro	m o ɾ o
<|ELL|>moscha	m o s x a
<|ELL|>mute	m i t i
<|ELL|>naousa	n a u s a
<|ELL|>neo	n e o
<|ELL|>nestepsa	n i s t e p s a
<|ELL|>naupaktos	n a f p a k t o s
<|ELL|>nekros	n e k ɾ o s
<|ELL|>nepal	n e p a l
<|ELL|>nero	n e r o
<|ELL|>nikolaou	n i k o l a u
<|ELL|>noembre	n o e ɱ v ɾ i
<|ELL|>noembriou	n o e ɱ v ɾ i u
<|ELL|>noiazei	ɲ a z i
<|ELL|>nomizo	n o m i z o
<|ELL|>nosokomeio	n o s o k o m i o
<|ELL|>ndina	d i n a
<|ELL|>ndinos	d i n o s
<|ELL|>nde	d e
<|ELL|>ndous	d u s
<|ELL|>ndrope	d ɾ o p i
<|ELL|>nosou	n o s u
<|ELL|>xena	k s e n a
<|ELL|>xechasa	k s e x a s a
<|ELL|>xenodocheio	k s e n o ð o ç i o
<|ELL|>xotiko	k s o t i k o
<|ELL|>xulo	k s i l o
<|ELL|>odou	o ð u
<|ELL|>odo	o ð o
<|ELL|>oikogeneia	i k o ʝ e n i a
<|ELL|>oktobriou	o k t o v ɾ i u
<|ELL|>okto	o k t o
<|ELL|>oktobrio	o k t o v ɾ i o
<|ELL|>omofylofilo	o m o f i l o f i l o
<|ELL|>onomazomai	o n o m a z o m e
<|ELL|>opoiou	o p i u
<|ELL|>oriste	o ɾ i s t e
<|ELL|>orge	o r ʝ i
<|ELL|>orestiada	o ɾ e s t i a ð a
<|ELL|>orthodoxe	o ɾ θ o ð o k s i
<|ELL|>orthodoxoi	o ɾ θ o ð o k s i
<|ELL|>oristika	o ɾ i s t i k a
<|ELL|>outos	u t o s
<|ELL|>pao	p a o
<|ELL|>pethane	p e θ a n e
<|ELL|>peos	p e o s
<|ELL|>pistepsa	p i s t e p s a
<|ELL|>piso	p i s o
<|ELL|>pangosmiopoieses	p a ŋ ɡ o z m i o p i i s i s
<|ELL|>paidi	p e ð i
<|ELL|>panemorfos	p a n e m o ɾ f o s
<|ELL|>panagia	p a n a ʝ i a
<|ELL|>pandou	p a n d u
<|ELL|>parisi	p a ɾ i s i
<|ELL|>paradechtei	p a ɾ a ð e x t i
<|ELL|>parakaloume	p a r a k a l u m e
<|ELL|>parakalo	p a r a k a l o
<|ELL|>parakoloutho	p a ɾ a k o l u θ o
<|ELL|>paramuthi	p a ɾ a m i θ i
<|ELL|>parapano	p a ɾ a p a n o
<|ELL|>parelthon	p a r e l θ o n
<|ELL|>paroimia	p a ɾ i m i a
<|ELL|>paron	p a ɾ o n
<|ELL|>paron	p a ɾ o n
<|ELL|>pas	p a s
<|ELL|>pasok	p a s o k
<|ELL|>pateras	p a t e r a s
<|ELL|>patrida	p a t r i ð a
<|ELL|>paulos	p a v l o s
<|ELL|>peirazei	p i ɾ a z i
<|ELL|>peirates	p i r a t i s
<|ELL|>periptose	p e ɾ i p t o s i
<|ELL|>perasmene	p e r a z m e n i
<|ELL|>perasmeno	p e r a z m e n o
<|ELL|>periekopsa	p e ɾ i e k o p s a
<|ELL|>perikleio	p e r i k l i o
<|ELL|>periodika	p e r i o ð i k a
<|ELL|>periodikou	p e r i o ð i k u
<|ELL|>periodiko	p e r i o ð i k o
<|ELL|>periodous	p e r i o ð u s
<|ELL|>pernaei	p e ɾ n a i
<|ELL|>petrakes	p e t ɾ a c i s
<|ELL|>pithanoteta	p i θ a n o t i t a
<|ELL|>piperia	p i p e r ʝ a
<|ELL|>pisteuete	p i s t e v e t e
<|ELL|>pisteuoume	p i s t e v u m e
<|ELL|>pisteuo	p i s t e v o
<|ELL|>pleon	p l e o n
<|ELL|>plateia	p l a t i a
<|ELL|>pleiopsefia	p l i o p s i f i a
<|ELL|>plethysmos	p l i θ i z m o s
<|ELL|>plusimo	p l i s i m o
<|ELL|>pneuma	p n e v m a
<|ELL|>pneumatos	p n e v m a t o s
<|ELL|>poiese	p i i s i
<|ELL|>podosfairou	p o ð o s f e r u
<|ELL|>podosfairo	p o ð o s f e r o
<|ELL|>poia	p ç a
<|ELL|>polu	p o l i
<|ELL|>pondiki	p o n d i c i
<|ELL|>posoteta	p o s o t i t a
<|ELL|>poto	p o t o
<|ELL|>poudrarizomai	p u ð ɾ a ɾ i z o m e
<|ELL|>pouthena	p u θ e n a
<|ELL|>pragma	p ɾ a ɣ m a
<|ELL|>prepei	p ɾ e p i
<|ELL|>proekypse	p r o e c i p s e
<|ELL|>problemata	p r o v l i m a t a
<|ELL|>proetoimasia	p ɾ o e t i m a s i a
<|ELL|>proegoumenon	p r o i ɣ u m e n o n
<|ELL|>proegoumena	p r o i ɣ u m e n a
<|ELL|>proegoumenes	p r o i ɣ u m e n e s
<|ELL|>proegoumene	p r o i ɣ u m e n i
<|ELL|>proegoumenes	p r o i ɣ u m e n i s
<|ELL|>proegoumeno	p r o i ɣ u m e n o
<|ELL|>prokuptei	p r o c i p t i
<|ELL|>proponese	p r o p o n i s i
<|ELL|>proseuche	p ɾ o s e f ç i
<|ELL|>prostheke	p r o s θ i c i
<|ELL|>prosoche	p ɾ o s o ç i
<|ELL|>prospatho	p ɾ o s p a θ o
<|ELL|>proion	p ɾ o i o n
<|ELL|>prothypourgos	p ɾ o θ i p u ɾ ɣ o s
<|ELL|>protathlema	p ɾ o t a θ l i m a
<|ELL|>protagoniste	p ɾ o t a ɣ o n i s t i
<|ELL|>protagonistes	p ɾ o t a ɣ o n i s t i s
<|ELL|>protathletria	p ɾ o t a θ l i t ɾ i a
<|ELL|>protathletes	p ɾ o t a θ l i t i s
<|ELL|>protoboulia	p ɾ o t o v u l i a
<|ELL|>protochronia	p ɾ o t o x ɾ o ɲ a
<|ELL|>problema	p r o v l i m a
<|ELL|>prokeitai	p ɾ o c i t e
<|ELL|>prosopo	p r o s o p o
<|ELL|>protos	p ɾ o t o s
<|ELL|>pos	p o s
<|ELL|>pole	p o l i
<|ELL|>pote	p o t e
<|ELL|>purgo	p i r ɣ o
<|ELL|>purgou	p i r ɣ u
<|ELL|>pos	p o s
<|ELL|>rethymno	ɾ e θ i m n o
<|ELL|>re	ɾ e
<|ELL|>rome	ɾ o m i
<|ELL|>rotesa	ɾ o t i s a
<|ELL|>sigouros	s i ɣ u ɾ o s
<|ELL|>selene	s e l i n i
<|ELL|>septembrios	s e p t e ɱ v ɾ i o s
<|ELL|>semadia	s i m a ð ʝ a
<|ELL|>semadion	s i m a ð ʝ o n
<|ELL|>siga	s i ɣ a
<|ELL|>skandalo	s k a n ð a l o
<|ELL|>sklere	s k l i r i
<|ELL|>skylitsa	s c i l i t s a
<|ELL|>skopia	s k o p ç a
<|ELL|>sokaki	s o k a c i
<|ELL|>sout	s u t
<|ELL|>sofias	s o f i a s
<|ELL|>sofos	s o f o s
<|ELL|>sofotero	s o f o t e ɾ o
<|ELL|>soutare	s u t a ɾ e
<|ELL|>spiti	s p i t i
<|ELL|>spitike	s p i t i c i
<|ELL|>stane	s t a n i
<|ELL|>stelios	s t e ʎ o s
<|ELL|>stella	s t e l a
<|ELL|>sta	s t a
<|ELL|>stagona	s t a ɣ o n a
<|ELL|>stamatemenos	s t a m a t i m e n o s
<|ELL|>ste	s t i
<|ELL|>sten	s t i n
<|ELL|>stis	s t i s
<|ELL|>ston	s t o n
<|ELL|>stous	s t u s
<|ELL|>stribo	s t ɾ i v o
<|ELL|>stratopedou	s t ɾ a t o p e ð u
<|ELL|>stroma	s t ɾ o m a
<|ELL|>stymmene	s t i m e n i
<|ELL|>syngnome	s i ŋ ɣ n o m i
<|ELL|>syngrafea	s i ŋ ɣ r a f e a
<|ELL|>syngrafeas	s i ŋ ɣ r a f e a s
<|ELL|>syngrafeis	s i ŋ ɣ r a f i s
<|ELL|>sygnome	s i ɣ n o m i
<|ELL|>sygchareteria	s i ŋ x a ɾ i t i ɾ i a
<|ELL|>syzetoume	s i z i t u m e
<|ELL|>syllektes	s i l e k t i s
<|ELL|>symboulio	s i ɱ v u l i o
<|ELL|>symberifora	s i m b e ɾ i f o ɾ a
<|ELL|>symfono	s i ɱ f o n o
<|ELL|>synecheia	s i n e ç i a
<|ELL|>synethos	s i n i θ o s
<|ELL|>synethlibe	s i n e θ l i v i
<|ELL|>synetribe	s i n e t ɾ i v i
<|ELL|>synechizoume	s i n e ç i z u m e
<|ELL|>synechos	s i n e x o s
<|ELL|>synethismene	s i n i θ i z m e n i
<|ELL|>synethismeno	s i n i θ i z m e n o
<|ELL|>syriza	s i ɾ i z a
<|ELL|>sfichta	s f i x t a
<|ELL|>sfyri	s f i r i
<|ELL|>schetika	s ç e t i k a
<|ELL|>sumboulos	s i ɱ v u l o s
<|ELL|>sunora	s i n o r a
<|ELL|>sundaxe	s i n d a k s i
<|ELL|>sustema	s i s t i m a
<|ELL|>soma	s o m a
<|ELL|>tacha	t a x a
<|ELL|>teleia	t e l i a
<|ELL|>tetarto	t e t a ɾ t o
<|ELL|>techne	t e x n i
<|ELL|>talendo	t a l e n d o
<|ELL|>tameio	t a m i o
<|ELL|>tachuteta	t a ç i t i t a
<|ELL|>teleutaia	t e l e f t e a
<|ELL|>teleutaios	t e l e f t e o s
<|ELL|>technologia	t e x n o l o ʝ i a
<|ELL|>technologias	t e x n o l o ʝ i a s
<|ELL|>technologion	t e x n o l o ʝ i o n
<|ELL|>tzaki	d z a c i
<|ELL|>tzamba	t s a m b a
<|ELL|>tes	t i s
<|ELL|>time	t i m i
<|ELL|>timoni	t i m o n i
<|ELL|>to	t o
<|ELL|>ton	t o n
<|ELL|>topothetemenos	t o p o θ e t o
<|ELL|>tourta	t u ɾ t a
<|ELL|>trikala	t ɾ i k a l a
<|ELL|>tragoudesa	t ɾ a ɣ u ð i s a
<|ELL|>trapezi	t ɾ a p e z i
<|ELL|>treis	t ɾ i s
<|ELL|>treisemisi	t ɾ i s i m i s i
<|ELL|>trele	t r e l i
<|ELL|>trelainomai	t ɾ e l e n o m e
<|ELL|>trianda	t r i a n d a
<|ELL|>trimmene	t r i m e n i
<|ELL|>ton	t o n
<|ELL|>tose	t o s i
<|ELL|>toso	t o s o
<|ELL|>tosos	t o s o s
<|ELL|>tuche	t i ç i
<|ELL|>ygeia	i ʝ i a
<|ELL|>ydrargyros	i ð ɾ a ɾ ʝ i ɾ o s
<|ELL|>yper	i p e r
<|ELL|>yperoche	i p e ɾ o ç i
<|ELL|>ypeuthynos	i p e f θ i n o s
<|ELL|>ypomone	i p o m o n i
<|ELL|>ypourgos	i p u ɾ ɣ o s
<|ELL|>ypopse	i p o p s i
<|ELL|>yorke	i o ɾ c i
<|ELL|>farmako	f a r m a k o
<|ELL|>fetos	f e t o s
<|ELL|>fidi	f i ð i
<|ELL|>filo	f i l o
<|ELL|>fandazomai	f a n d a z o m e
<|ELL|>fandasia	f a n d a s i a
<|ELL|>fandastike	f a n d a s t i ç i
<|ELL|>farmakeio	f a r m a c i o
<|ELL|>fasaria	f a s a ɾ i a
<|ELL|>fasouli	f a s u l i
<|ELL|>febrouario	f e v ɾ u a ɾ i o
<|ELL|>febrouariou	f e v ɾ u a ɾ i u
<|ELL|>filosofia	f i l o s o f i a
<|ELL|>flebare	f l e v a ɾ i
<|ELL|>flert	f l e ɾ t
<|ELL|>florinda	f l o ɾ i d a
<|ELL|>floros	f l o ɾ o s
<|ELL|>forologia	f o ɾ o l o ʝ i a
<|ELL|>fysika	f i s i k a
<|ELL|>fytikes	f i t i c e s
<|ELL|>fone	f o n i
<|ELL|>fora	f o ɾ a
<|ELL|>foresa	f o ɾ e s a
<|ELL|>charin	x a r i n
<|ELL|>chartes	x a r t i s
<|ELL|>cheri	ç e ɾ i
<|ELL|>chilia	ç i ʎ a
<|ELL|>chio	ç i o
<|ELL|>chiou	ç i u
<|ELL|>chaire	ç e r e
<|ELL|>chamelos	x a m i l o s
<|ELL|>chamogelo	x a m o ʝ e l o
<|ELL|>chania	x a ɲ a
<|ELL|>charti	x a ɾ t i
<|ELL|>chartziliki	x a ɾ d z i l i c i
<|ELL|>cheile	ç i l i
<|ELL|>cheiroteros	ç i ɾ o t e ɾ o s
<|ELL|>chioni	ç o n i
<|ELL|>chondre	x o d r i
<|ELL|>chondro	x o n d ɾ o
<|ELL|>chremata	x r i m a t a
<|ELL|>chreiazetai	x ɾ i a z e t e
<|ELL|>chreiasteke	x ɾ i a s t i c e
<|ELL|>chresimopoiesa	x ɾ i s i m o p i i s a
<|ELL|>chresimopoieseis	x ɾ i s i m o p i i s i s
<|ELL|>chresimopoioume	x ɾ i s i m o p i u m e
<|ELL|>christougennon	x ɾ i s t u ʝ e n o n
<|ELL|>christougenna	x ɾ i s t u ʝ e n a
<|ELL|>chronia	x r o ɲ a
<|ELL|>chronologia	x r o n o l o ʝ i a
<|ELL|>chronon	x ɾ o n o n
<|ELL|>chronos	x ɾ o n o s
<|ELL|>chroma	x ɾ o m a
<|ELL|>chtupaga	x t i p a ɣ a
<|ELL|>chutra	ç i t ɾ a
<|ELL|>psefo	p s i f o
<|ELL|>psefou	p s i f u
<|ELL|>psefous	p s i f u s
<|ELL|>psemenos	p s i m e n o s
<|ELL|>psefiake	p s i f i a c i
<|ELL|>psefiakou	p s i f i a k u
<|ELL|>psefodeltio	p s i f o ð e l t i o
<|ELL|>psefoforia	p s i f o f o ɾ i a
<|ELL|>psomaki	p s o m a c i
<|ELL|>psomi	p s o m i
<|ELL|>ostoso	o s t o s o
<|ELL|>omorfe	o m o ɾ f i
<|ELL|>omorfou	o m o ɾ f u
<|ELL|>onoma	o n o m a
<|ELL|>ondas	o n d a s
<|ELL|>ondos	o n d o s
<|ELL|>oplo	o p l o
<|ELL|>opoio	o p ç o
<|ELL|>oti	o t i
<|ELL|>ofelos	o f e l o s
<|ELL|>ufese	i f e s i
<|ELL|>ora	o r a
<|ELL|>orima	o ɾ i m a
<|ELL|>orime	o ɾ i m i
<|ELL|>oste	o s t e
<|ELL|>upografeis	i p o ɣ r a f i s
<|GLE|>abair	a bˠ ə ɾʲ
<|GLE|>abairt	a bˠ ə ɾˠ tʲ
<|GLE|>abú	ə bˠ uː
<|GLE|>ad	ə d̪ˠ
<|GLE|>adharca	ə i ə ɾˠ k ə
<|GLE|>aerfort	eː ɾˠ f ɔ ɾˠ t̪ˠ
<|GLE|>agad	a ɡ ə d̪ˠ
<|GLE|>aiceann	a c ə n̪ˠ
<|GLE|>aicise	ɛ c ɪ ʃ ə
<|GLE|>aisce	a ʃ c ɪ
<|GLE|>aiste	a ʃ tʲ ə
<|GLE|>aistritheoir	a ʃ tʲ ɾʲ ə h oː ɾʲ
<|GLE|>aiteann	æ tʲ ə n̪ˠ
<|GLE|>aitheantas	a h ə n̪ˠ t̪ˠ ə sˠ
<|GLE|>ala	a lˠ ə
<|GLE|>alba	a lˠ ə bˠ ə
<|GLE|>alban	a l ə bˠ ə nˠ
<|GLE|>albanach	a lˠ ə bˠ ə n ə x
<|GLE|>allas	a l̪ˠ ə sˠ
<|GLE|>alt	a l̪ˠ t̪ˠ
<|GLE|>amach	ə mˠ a x
<|GLE|>amaideach	ɑ mˠ ə dʲ ə x
<|GLE|>amharclann	ə u ɾˠ k lˠ ə n̪ˠ
<|GLE|>amú	ə mˠ uː
<|GLE|>anocht	ə n̪ˠ ɔ x t̪ˠ
<|GLE|>anonn	ə n̪ˠ uː n̪ˠ
<|GLE|>anró	aː nˠ ɾˠ ɔː
<|GLE|>anuas	ə n̪ˠ u ə sˠ
<|GLE|>aníos	ə n̠ʲ iː sˠ
<|GLE|>aoibhneas	iː vʲ nʲ ə sˠ
<|GLE|>aoine	iː nʲ ə
<|GLE|>aois	iː ʃ
<|GLE|>aonad	eː nˠ ə d̪ˠ
<|GLE|>aontú	iː n̪ˠ t̪ˠ uː
<|GLE|>ar	ɛ ɾʲ
<|GLE|>arabach	a ɾˠ ə bˠ ə x
<|GLE|>araon	ə ɾˠ eː nˠ
<|GLE|>arda	ɑː ɾˠ d̪ˠ ə
<|GLE|>ardscoil	ɑː ɾˠ d̪ˠ sˠ k ʌ l
<|GLE|>aréir	ə ɾʲ eː ɾʲ
<|GLE|>ata	a t̪ˠ ə
<|GLE|>athróidh	ɑ ɾˠ oː
<|GLE|>b'fhearr	bʲ ɑː ɾˠ
<|GLE|>b'fhéidir	bʲ eː dʲ ə ɾʲ
<|GLE|>baile	bˠ a lʲ ə
<|GLE|>bailte	bˠ a l̠ʲ tʲ ə
<|GLE|>baineann	bˠ ɪ ɾʲ ə n̪ˠ
<|GLE|>balla	bˠ a l̪ˠ ə
<|GLE|>bara	bˠ a ɾˠ ə
<|GLE|>barraíocht	bˠ ɔ ɾˠ i a x t̪ˠ
<|GLE|>beaga	bʲ ɞ ɡ ə
<|GLE|>beagán	bʲ ɞ ɡ ɑː nˠ
<|GLE|>beart	bʲ a ɾˠ t̪ˠ
<|GLE|>beatha	bʲ a h ə
<|GLE|>beathach	bʲ aː x
<|GLE|>beimid	bʲ ɛ mʲ ə dʲ
<|GLE|>beir	bʲ ɛ ɾʲ
<|GLE|>beirid	bʲ ɛ ɾʲ ə dʲ
<|GLE|>beirt	bʲ ɛ ɾˠ tʲ
<|GLE|>beoir	bʲ oː ɾʲ
<|GLE|>beorach	bʲ oː ɾˠ ə x
<|GLE|>bhean	vʲ æː nˠ
<|GLE|>bheatha	vʲ a h ə
<|GLE|>bheidís	vʲ ɛ dʲ iː ʃ
<|GLE|>bheinn	vʲ ɛ n̠ʲ
<|GLE|>bheith	vʲ ɛ
<|GLE|>bhfaigheann	w æː n̪ˠ
<|GLE|>bhfeice	vʲ ɛ c ɪ
<|GLE|>bhrasaíl	vˠ ɾˠ a sˠ iː lʲ
<|GLE|>bhris	vʲ ɾʲ ɪ ʃ
<|GLE|>bhrí	vʲ ɾʲ iː
<|GLE|>bhríd	vʲ ɾʲ iː dʲ
<|GLE|>bhí	vʲ iː
<|GLE|>bhíos	vʲ iː sˠ
<|GLE|>bhíothas	vʲ iː h ə sˠ
<|GLE|>bialann	bʲ iˑ ə l̪ˠ ə n̪ˠ
<|GLE|>big	bʲ ɪ ɟ
<|GLE|>billiún	bʲ i l̠ʲ uː nˠ
<|GLE|>binse	bʲ iː nʲ ʃ ə
<|GLE|>blasta	bˠ lˠ a sˠ t̪ˠ ə
<|GLE|>bleacht	bʲ lʲ a x t̪ˠ
<|GLE|>bliain	bʲ lʲ i ə nʲ
<|GLE|>blianta	bʲ lʲ i ə n̪ˠ t̪ˠ ə
<|GLE|>bocht	bˠ ɔ x t̪ˠ
<|GLE|>bodhar	bˠ ə u ɾˠ
<|GLE|>boga	bˠ ɔ ɡ ə
<|GLE|>bogearraí	bˠ o ɟ ə ɾˠ iː
<|GLE|>bosca	bˠ ɔ sˠ k ə
<|GLE|>bpéin	bʲ eː nʲ
<|GLE|>breathnaigh	bˠ ɾˠ æː n̪ˠ ə
<|GLE|>breathnú	bˠ ɾˠ æː n̪ˠ uː
<|GLE|>breis	bʲ ɾʲ ɛ ʃ
<|GLE|>breith	bʲ ɾʲ ɛ
<|GLE|>briste	bʲ ɾʲ ɪ ʃ tʲ ə
<|GLE|>broc	bˠ ɾˠ ɔ k
<|GLE|>broinn	bˠ ɾˠ iː n̠ʲ
<|GLE|>bruscar	bˠ ɾˠ ʊ sˠ k ə ɾˠ
<|GLE|>bréag	bʲ ɾʲ eː ɡ
<|GLE|>bréan	bʲ ɾʲ eː nˠ
<|GLE|>brí	bʲ ɾʲ iː
<|GLE|>bríd	bʲ ɾʲ iː dʲ
<|GLE|>bríste	bʲ ɾʲ iː ʃ tʲ ə
<|GLE|>bród	bˠ ɾˠ oː d̪ˠ
<|GLE|>bua	bˠ u ə
<|GLE|>buachaill	bˠ u ə x ə lʲ
<|GLE|>buaine	bˠ u ə nʲ ə
<|GLE|>buan	bˠ u ə nˠ
<|GLE|>buartha	bˠ u ə ɾˠ h ə
<|GLE|>buile	bˠ ɪ lʲ ə
<|GLE|>buille	bˠ ɪ l̠ʲ ə
<|GLE|>buntús	bˠ u nˠ tˠ uː sˠ
<|GLE|>béile	bʲ eː lʲ ə
<|GLE|>béim	bʲ eː mʲ
<|GLE|>bí	bʲ iː
<|GLE|>cabhair	k oː ɾʲ
<|GLE|>cabhrach	k ə u ɾˠ ə x
<|GLE|>caidé	k ə dʲ eː
<|GLE|>cailc	k a lʲ c
<|GLE|>cainte	k a n̠ʲ tʲ ə
<|GLE|>cainteoir	k a n̠ʲ tʲ oː ɾʲ
<|GLE|>caiple	k a pʲ lʲ ə
<|GLE|>caite	k a tʲ ə
<|GLE|>campa	k a mˠ pˠ ə
<|GLE|>capall	k a pˠ ə l̪ˠ
<|GLE|>carachtar	k a ɾˠ ə x t̪ˠ ə ɾˠ
<|GLE|>castáil	k a sˠ t̪ˠ ɑː lʲ
<|GLE|>cath	k a h
<|GLE|>cathal	k a h ə lˠ
<|GLE|>cathaoirleach	k a i ɾˠ l̠ʲ ə x
<|GLE|>ceachtar	c a x t̪ˠ ə ɾˠ
<|GLE|>ceannaire	c a n̪ˠ ə ɾʲ ə
<|GLE|>ceannas	c a n̪ˠ ə sˠ
<|GLE|>ceantar	c a n̪ˠ t̪ˠ ə ɾˠ
<|GLE|>ceap	c a pˠ
<|GLE|>ceapaire	c a pˠ ə ɾʲ ə
<|GLE|>cearta	c a ɾˠ t̪ˠ ə
<|GLE|>ceatha	c a h ə
<|GLE|>ceilte	c ɛ lʲ tʲ ə
<|GLE|>ceirnín	c ɛ ɾˠ n̠ʲ iː nʲ
<|GLE|>cha	x a
<|GLE|>chaoi	x iː
<|GLE|>chaoil	x iː lʲ
<|GLE|>charad	x a ɾˠ ə d̪ˠ
<|GLE|>chath	x a h
<|GLE|>cheana	h a nˠ ə
<|GLE|>cheap	ç a pˠ
<|GLE|>cheist	ç ɛ ʃ tʲ
<|GLE|>cheithre	ç ɛ ɾʲ ə
<|GLE|>chiall	ç i ə l̪ˠ
<|GLE|>chian	ç i ə nˠ
<|GLE|>chion	ç ɪ nˠ
<|GLE|>chomhair	x oː rʲ
<|GLE|>chor	x ɔ ɾˠ
<|GLE|>chroí	x ɾˠ iː
<|GLE|>chugamsa	h ɞ ɡ ə mˠ sˠ ə
<|GLE|>chugham	x uː mˠ
<|GLE|>chuir	x ɪ ɾʲ
<|GLE|>chéad	ç eː d̪ˠ
<|GLE|>chéile	ç eː lʲ ə
<|GLE|>chéim	ç eː mʲ
<|GLE|>chónaithe	x uː n̪ˠ iː
<|GLE|>chór	x oː ɾˠ
<|GLE|>chúig	x uː ɟ
<|GLE|>chúil	x uː lʲ
<|GLE|>chúis	x uː ʃ
<|GLE|>chúl	x uː lˠ
<|GLE|>ciall	c i ə l̪ˠ
<|GLE|>cian	c i ə nˠ
<|GLE|>ciarraí	c i ə ɾˠ iː
<|GLE|>cibé	c ɪ bʲ eː
<|GLE|>cic	c ɪ c
<|GLE|>cill	c iː lʲ
<|GLE|>cille	c ɪ l̠ʲ ə
<|GLE|>cine	c ɪ nʲ ə
<|GLE|>ciorcal	c i ɾˠ k ə lˠ
<|GLE|>ciste	c ɪ ʃ tʲ ə
<|GLE|>ciúin	c uː nʲ
<|GLE|>ciúine	c uː nʲ ə
<|GLE|>clampar	k lˠ a mˠ pˠ ə ɾˠ
<|GLE|>cleite	c lʲ ɛ tʲ ə
<|GLE|>cliath	c lʲ i ə
<|GLE|>cliste	cʲ lʲ ɪ ʃ tʲ ə
<|GLE|>cloigeann	k lˠ ɛ ɟ ə n̪ˠ
<|GLE|>cloisteáil	k lˠ ɔ ʃ tʲ ɑː lʲ
<|GLE|>cláracha	k l̪ˠ ɑ ɾˠ ə x iː
<|GLE|>cló	k lˠ oː
<|GLE|>clóscríobhaí	k lˠ oː ʃ c ɾʲ iː w iː
<|GLE|>cogarnaíl	k ɔ ɡ ə ɾˠ n̪ˠ iː lʲ
<|GLE|>coinne	k ɪ n̠ʲ ə
<|GLE|>coinneáil	k ɪ n̠ʲ ɑː lʲ
<|GLE|>coinnigh	k ɪ n̠ʲ ə
<|GLE|>coireanna	k ɛ ɾʲ ə nˠ ə
<|GLE|>coiste	k ɔ ʃ tʲ ə
<|GLE|>comh	k ɔ
<|GLE|>comhair	k oː rʲ
<|GLE|>comhar	k õː ɾˠ
<|GLE|>compordach	k uː mˠ pˠ oː ɾˠ d̪ˠ ə x
<|GLE|>con	k ɔ nˠ
<|GLE|>conamara	k ʊ n̪ˠ ə m a ɾˠ ə
<|GLE|>contúirt	k uː n̪ˠ t̪ˠ uː ɾˠ tʲ
<|GLE|>cora	k ɔ ɾˠ ə
<|GLE|>corn	k oː ɾˠ n̪ˠ
<|GLE|>cosc	k ɔ sˠ k
<|GLE|>cothrom	k ɔ h ɾˠ ə mˠ
<|GLE|>creid	c ɾʲ ɛ dʲ
<|GLE|>creidim	c ɾʲ ɛ dʲ ə mʲ
<|GLE|>creidmheas	c ɾʲ ɛ dʲ vʲ a sˠ
<|GLE|>croí	k ɾˠ iː
<|GLE|>cruinniú	k ɾˠ ɪ n̠ʲ uː
<|GLE|>cruth	k ɾˠ ʊ h
<|GLE|>cré	c ɾʲ eː
<|GLE|>críochnaithe	c ɾʲ iː x n̪ˠ ɪ h ɪ
<|GLE|>críon	c ɾʲ iː nˠ
<|GLE|>cuach	k u ə x
<|GLE|>cuairt	k u ə ɾˠ tʲ
<|GLE|>cuid	k ɪ dʲ
<|GLE|>cuir	k ɪ ɾʲ
<|GLE|>cuireann	k ɪ ɾʲ ə n̪ˠ
<|GLE|>cumann	k ʊ mˠ ə n̪ˠ
<|GLE|>cár	k aː ɾˠ
<|GLE|>cárbh	k aː ɾˠ vˠ
<|GLE|>cé	c eː
<|GLE|>céad	c eː d̪ˠ
<|GLE|>céadaoin	c eː d̪ˠ iː nʲ
<|GLE|>céadta	c eː t̪ˠ ə
<|GLE|>céanna	c eː n̪ˠ ə
<|GLE|>céard	c eː ɾˠ d̪ˠ
<|GLE|>céid	c eː dʲ
<|GLE|>céile	c eː lʲ ə
<|GLE|>céilí	c eː lʲ iː
<|GLE|>céim	c eː mʲ
<|GLE|>cérbh	c eː ɾˠ vˠ
<|GLE|>cíos	c iː sˠ
<|GLE|>císte	c iː ʃ tʲ ə
<|GLE|>cónaithe	k uː n̪ˠ iː
<|GLE|>cór	k oː ɾˠ
<|GLE|>cú	k uː
<|GLE|>cúig	k uː ɟ
<|GLE|>cúl	k uː lˠ
<|GLE|>cúntóir	k uː nˠ t̪ˠ oː ɾʲ
<|GLE|>d'iarr	dʲ i ə ɾˠ
<|GLE|>d'imigh	dʲ ɪ mʲ ɪ ɟ
<|GLE|>dabht	d̪ˠ ə u t̪ˠ
<|GLE|>dada	d̪ˠ a d̪ˠ ə
<|GLE|>daid	d̪ˠ a dʲ
<|GLE|>daidí	d̪ˠ a dʲ iː
<|GLE|>dair	d̪ˠ a ɾʲ
<|GLE|>dalta	d̪ˠ a lˠ t̪ˠ ə
<|GLE|>damh	d̪ˠ a w
<|GLE|>daoine	d̪ˠ iː nʲ ə
<|GLE|>dealbh	dʲ a lˠ ə vˠ
<|GLE|>deara	dʲ a ɾˠ ə
<|GLE|>dearbh	dʲ a ɾˠ ə vˠ
<|GLE|>deasa	dʲ a sˠ ə
<|GLE|>deifir	dʲ ɛ fʲ ə ɾʲ
<|GLE|>deis	dʲ ɛ ʃ
<|GLE|>deise	dʲ ɛ ʃ ə
<|GLE|>deiseanna	dʲ ɛ ʃ ə n̪ˠ ə
<|GLE|>deoch	dʲ ɔ x
<|GLE|>dhaoine	ɣ iː nʲ ə
<|GLE|>dhearna	j ɑː ɾˠ n̪ˠ ə
<|GLE|>dhiaidh	j i ə
<|GLE|>dhuit	ɣ ɪ tʲ
<|GLE|>dhul	ɣ ʊ lˠ
<|GLE|>dhéanfainn	j aː n h ə n̠ʲ
<|GLE|>dhúil	ɣ uː lʲ
<|GLE|>dhún	ɣ uː nˠ
<|GLE|>diaidh	dʲ i ə
<|GLE|>dian	dʲ i ə nˠ
<|GLE|>diarmaid	dʲ i ə ɾˠ mˠ ə dʲ
<|GLE|>difríocht	dʲ ɪ fʲ ɾʲ i ə x t̪ˠ
<|GLE|>diúltú	dʲ uː l̪ˠ t̪ˠ u
<|GLE|>dochreidte	d̪ˠ ɔ ç ɾʲ ɛ tʲ ə
<|GLE|>dollar	d̪ˠ ɔ l̪ˠ ə ɾˠ
<|GLE|>domh	d̪ˠ ʊ̃ h
<|GLE|>domsa	d̪ˠ ɔ mˠ sˠ ə
<|GLE|>dorais	d̪ˠ ɔ ɾˠ ə ʃ
<|GLE|>doras	d̪ˠ ɔ ɾˠ ə sˠ
<|GLE|>dorcha	d̪ˠ ɔ ɾˠ ə x ə
<|GLE|>dragan	d̪ˠ ɾˠ a ɡ ə nˠ
<|GLE|>draíocht	d̪ˠ ɾˠ i ə x t̪ˠ
<|GLE|>droma	d̪ˠ ɾˠ ɔ mˠ ə
<|GLE|>dtaisce	d̪ˠ a ʃ c ɪ
<|GLE|>dtiocfainn	dʲ ʊ k ə n̠ʲ
<|GLE|>dtír	dʲ iː ɾʲ
<|GLE|>dua	d̪ˠ u ə
<|GLE|>duibhe	d̪ˠ ɪ vʲ ə
<|GLE|>duine	d̪ˠ ɪ nʲ ə
<|GLE|>duit	d̪ˠ ɪ tʲ
<|GLE|>dár	d̪ˠ ɑː ɾˠ
<|GLE|>dáréag	d̪ˠ ɑː ɾˠ eː ɡ
<|GLE|>déardaoin	dʲ eː ɾˠ d̪ˠ iː nʲ
<|GLE|>déistin	dʲ eː ʃ tʲ ə nʲ
<|GLE|>dílis	dʲ iː lʲ ə ʃ
<|GLE|>díograiseach	dʲ iː ɡ ɾˠ ə ʃ ə x
<|GLE|>dís	dʲ iː ʃ
<|GLE|>dúchas	d̪ˠ uː x ə sˠ
<|GLE|>dúin	d̪ˠ uː nʲ
<|GLE|>dúirt	d̪ˠ uː ɾʲ tʲ
<|GLE|>dúlra	d̪ˠ uː lˠ ɾˠ ə
<|GLE|>dún	d̪ˠ uː nˠ
<|GLE|>dúnmharú	d̪ˠ uː n̪ˠ vˠ a ɾˠ uː
<|GLE|>dúr	d̪ˠ uː ɾˠ
<|GLE|>eabar	a bˠ ə ɾˠ
<|GLE|>eachtra	a x t̪ˠ ɾˠ ə
<|GLE|>eagar	a ɡ ə ɾˠ
<|GLE|>earra	a ɾˠ ə
<|GLE|>easpa	æ s p ə
<|GLE|>easpaig	a sˠ pˠ ɪ ɟ
<|GLE|>eisean	ɛ ʃ ə nˠ
<|GLE|>eite	ɛ tʲ ə
<|GLE|>eochair	ɔ x ə ɾʲ
<|GLE|>eoin	o ɪ n̺
<|GLE|>eoraip	oː ɾ ə pʲ
<|GLE|>fabht	fˠ ə u t̪ˠ
<|GLE|>fachta	fˠ ɑ x t̪ˠ ə
<|GLE|>fadhb	fˠ ə i bˠ
<|GLE|>fadhbanna	fˠ ə i bˠ ə n̪ˠ ə
<|GLE|>faigheann	fˠ aː n̪ˠ
<|GLE|>fail	fˠ a lʲ
<|GLE|>faire	fˠ a ɾʲ ə
<|GLE|>fan	fˠ a nˠ
<|GLE|>faoi	fˠ iː
<|GLE|>faoin	fˠ iː nʲ
<|GLE|>faoina	fˠ iː nˠ ə
<|GLE|>faoinár	fˠ iː nˠ ɑː ɾˠ
<|GLE|>faoistin	fˠ iː sʲ tʲ i nʲ
<|GLE|>farraige	fˠ a ɾˠ ɪ ɟ ɪ
<|GLE|>feachtas	fʲ a x t̪ˠ ə sˠ
<|GLE|>feadóg	fʲ a d̪ˠ oː ɡ
<|GLE|>feiceann	fʲ ɛ c ə n̪ˠ
<|GLE|>feidhm	fʲ ə i mʲ
<|GLE|>fhaigheann	aː n̪ˠ
<|GLE|>fhaightear	a h a ɾˠ
<|GLE|>fharraige	a ɾˠ ə ɟ ɪ
<|GLE|>fhear	a ɾˠ
<|GLE|>fheictear	ɛ c tʲ ə ɾˠ
<|GLE|>fheis	ɛ ʃ
<|GLE|>fhir	ɪ ɾʲ
<|GLE|>fhreastail	ɾʲ a sˠ t̪ˠ ə lʲ
<|GLE|>fhéidir	eː dʲ ə ɾʲ
<|GLE|>fhéin	h eː nʲ
<|GLE|>fial	fʲ i ə lˠ
<|GLE|>fine	fʲ ɪ nʲ ə
<|GLE|>fios	fʲ ɪ sˠ
<|GLE|>fir	fʲ ɪ ɾʲ
<|GLE|>fisic	fʲ ɪ ʃ ɪ c
<|GLE|>fiú	fʲ uː
<|GLE|>fliúit	fʲ lʲ uː tʲ
<|GLE|>foireann	fˠ ɪ ɾʲ ə n̪ˠ
<|GLE|>fola	fˠ ɔ lˠ ə
<|GLE|>foláir	fʲ lʲ ɑː ɾˠ
<|GLE|>foréigean	fˠ ɔ ɾˠ eː ɟ ɪ nˠ
<|GLE|>freagairt	fʲ rʲ a ɡ ə ɾˠ tʲ
<|GLE|>freastail	fʲ ɾʲ a sˠ t̪ˠ ə lʲ
<|GLE|>freastal	fʲ ɾʲ a sˠ t̪ˠ ə lˠ
<|GLE|>freastalaíonn	fʲ ɾʲ a sˠ t̪ˠ ə lˠ iː n̪ˠ
<|GLE|>freastalóidh	fʲ ɾʲ a sˠ t̪ˠ ə lˠ oː j
<|GLE|>fuacht	fˠ u ə x t̪ˠ
<|GLE|>fuadar	fˠ u ə d̪ˠ ə ɾˠ
<|GLE|>fuath	fˠ u ə
<|GLE|>fágann	fˠ ɑː ɡ ə n̪ˠ
<|GLE|>fé	fʲ eː
<|GLE|>féidir	fʲ eː dʲ ə ɾʲ
<|GLE|>féile	fʲ eː lʲ ə
<|GLE|>fén	fʲ eː n̪ˠ
<|GLE|>fíon	fʲ iː nˠ
<|GLE|>fón	fˠ oː nˠ
<|GLE|>fúm	fˠ uː mˠ
<|GLE|>fúmsa	fˠ uː mˠ sˠ ə
<|GLE|>fúthu	fˠ uː bˠ
<|GLE|>gach	ɡ a x
<|GLE|>gaeilge	ɡ eː lʲ ɟ ɪ
<|GLE|>gael	ɡ eː lˠ
<|GLE|>gaibhte	ɡ ʊ tʲ ə
<|GLE|>gaillimh	ɡ a l̠ʲ ɪ vʲ
<|GLE|>gaire	ɡ a ɾʲ ə
<|GLE|>gairid	ɡ a ɾʲ ə dʲ
<|GLE|>gairme	ɡ a ɾʲ ə mʲ ə
<|GLE|>gaisce	ɡ a ʃ c ɪ
<|GLE|>gcairde	ɡ ɑː ɾˠ dʲ ə
<|GLE|>gcaoi	ɡ iː
<|GLE|>gcathaoir	ɡ ɑ h iː rʲ
<|GLE|>gceanada	ɟ a nˠ ə d̪ˠ ə
<|GLE|>gceist	ɟ ɛ ʃ tʲ
<|GLE|>gcroí	ɡ ɾˠ iː
<|GLE|>gcuireann	ɡ ɪ ɾʲ ə n̪ˠ
<|GLE|>gcéad	ɟ eː d̪ˠ
<|GLE|>geala	ɟ a lˠ ə
<|GLE|>geallúint	ɟ a l̪ˠ u n̠ʲ tʲ
<|GLE|>gealt	ɟ a l̪ˠ t̪ˠ
<|GLE|>gean	ɟ a nˠ
<|GLE|>geit	ɟ ɛ tʲ
<|GLE|>gheobhaidh	j oː
<|GLE|>gheofar	j oː h a r
<|GLE|>ghlacann	ɣ lˠ a k ə n̪ˠ
<|GLE|>ghlan	ɣ lˠ a nˠ
<|GLE|>ghrian	j ɾʲ i ə nˠ
<|GLE|>ghuí	ɣ iː
<|GLE|>girseach	ɟ ɪ ɾˠ ʃ a h
<|GLE|>glacann	ɡ lˠ a k ə n̪ˠ
<|GLE|>glan	ɡ lˠ a nˠ
<|GLE|>glas	ɡ lˠ a sˠ
<|GLE|>gleann	ɟ lʲ aː nˠ
<|GLE|>gleoite	ɟ lʲ oː tʲ ə
<|GLE|>glic	ɟ lʲ ɪ c
<|GLE|>gliceas	ɟ lʲ ɪ c ə s
<|GLE|>gloine	ɡ lˠ ɪ nʲ ə
<|GLE|>gluais	ɡ lˠ u ə ʃ
<|GLE|>gnóthachtáil	ɡ ɾˠ uː x t̪ˠ ɑː lʲ
<|GLE|>goilliúint	ɡ ɪ l̠ʲ uː n̠ʲ tʲ
<|GLE|>gorm	ɡ ɔ ɾˠ ə mˠ
<|GLE|>gréine	ɟ ɾʲ eː nʲ ə
<|GLE|>grúpa	ɡ ɾˠ uː pˠ ə
<|GLE|>guth	ɡ ʊ h
<|GLE|>géar	ɟ eː ɾˠ
<|GLE|>hail	h a lʲ
<|GLE|>hair	h a ɾʲ
<|GLE|>halbain	h a l ə bˠ ə nʲ
<|GLE|>halban	h a l ə bˠ ə nˠ
<|GLE|>halla	h a l̪ˠ ə
<|GLE|>hallaí	h a l̪ˠ iː
<|GLE|>hanam	h a nˠ ə mˠ
<|GLE|>harm	h a ɾˠ ə mˠ
<|GLE|>huile	h ɪ lʲ ə
<|GLE|>iad	i ə d̪ˠ
<|GLE|>iarr	i ə ɾˠ
<|GLE|>iarthar	i ə ɾˠ h ə ɾˠ
<|GLE|>iascaire	i ə sˠ k ə ɾʲ ə
<|GLE|>iascaireacht	i ə sˠ k ə ɾʲ ə x t̪ˠ
<|GLE|>imir	ɪ mʲ ə ɾʲ
<|GLE|>imirt	ɪ mʲ ə ɾˠ tʲ
<|GLE|>imithe	ɪ mʲ ɪ h ɪ
<|GLE|>ina	ɪ nˠ ə
<|GLE|>inar	ɪ nˠ ə ɾˠ
<|GLE|>inghlactha	ɪ nʲ ɣ lˠ a k h ə
<|GLE|>inis	ɪ nʲ ɪ ʃ
<|GLE|>inné	ə n̠ʲ eː
<|GLE|>ins	ɪ nˠ sˠ
<|GLE|>intinn	iː n̠ʲ tʲ ə n̠ʲ
<|GLE|>iompair	ʊ mˠ pˠ ə ɾʲ
<|GLE|>iompú	ʊ mˠ pˠ uː
<|GLE|>iománaíocht	ə mˠ ɑː n̪ˠ i ə x t̪ˠ
<|GLE|>iontu	uː n̪ˠ t̪ˠ ə
<|GLE|>iris	ɪ ɾ ɪ ʃ
<|GLE|>it	ɪ t̪ˠ
<|GLE|>itheann	ɪ h ə n̪ˠ
<|GLE|>iúr	uː ɾˠ
<|GLE|>lae	l̪ˠ eː
<|GLE|>laidin	l̪ˠ a dʲ ɪ nʲ
<|GLE|>le	lʲ ɛ
<|GLE|>leacht	l̠ʲ a x t̪ˠ
<|GLE|>leag	l̠ʲ a ɡ
<|GLE|>leanúint	l̠ʲ a nˠ u n̠ʲ tʲ
<|GLE|>leathar	l̠ʲ a h ə ɾˠ
<|GLE|>leathchéad	l̠ʲ æ ç eː d̪ˠ
<|GLE|>leatsa	lʲ a t̪ˠ sˠ ə
<|GLE|>leithscéal	l̠ʲ ɛ ʃ c eː lˠ
<|GLE|>lenar	lʲ ɛ nˠ ə ɾˠ
<|GLE|>lenár	lʲ ɛ nˠ ɑː ɾˠ
<|GLE|>liath	l̠ʲ i ə
<|GLE|>lig	l̠ʲ ɪ ɟ
<|GLE|>ligean	l̠ ɪ ɟ ə nˠ
<|GLE|>ligeann	l̠ʲ ɪ ɟ ə n̪ˠ
<|GLE|>ligthe	l̠ʲ ɪ c ɪ
<|GLE|>liopard	lʲ i pˠ ə ɾˠ dˠ
<|GLE|>liosta	l̠ʲ ɪ sˠ t̪ˠ ə
<|GLE|>litir	l̠ʲ ɪ tʲ ə ɾʲ
<|GLE|>loch	l̪ˠ ɔ x
<|GLE|>loingeas	l̪ˠ ɪ ɲ ɟ ə sˠ
<|GLE|>lorg	l̪ˠ ɔ ɾˠ ə ɡ
<|GLE|>luan	l̪ˠ u ə nˠ
<|GLE|>luas	l̪ˠ u ə sˠ
<|GLE|>luath	l̪ˠ u ə
<|GLE|>láidir	l̪ˠ ɑː dʲ ə ɾʲ
<|GLE|>láidre	l̪ˠ ɑː dʲ ɾʲ ə
<|GLE|>láimh	l̪ˠ ɑː vʲ
<|GLE|>léarscáil	lʲ eː ɾˠ sˠ k aː lʲ
<|GLE|>léas	l̠ʲ eː sˠ
<|GLE|>léim	l̠ʲ eː mʲ
<|GLE|>léir	l̠ʲ eː ɾʲ
<|GLE|>líonra	lʲ iː n̪ˠ ɾˠ ə
<|GLE|>lítear	l̠ʲ iː tʲ ə ɾˠ
<|GLE|>lú	l̪ˠ uː
<|GLE|>lúthchleas	l̪ˠ uː ç lʲ a sˠ
<|GLE|>maide	mˠ a dʲ ə
<|GLE|>maireachtáil	mˠ a ɾʲ ə x t̪ˠ ɑː lʲ
<|GLE|>maise	mˠ a ʃ ə
<|GLE|>maithe	mˠ a h ə
<|GLE|>marc	mˠ a ɾˠ k
<|GLE|>mbata	mˠ a t̪ˠ ə
<|GLE|>meaisín	mʲ ə ʃ iː nʲ
<|GLE|>meall	mʲ ɑː l̪ˠ
<|GLE|>measc	mʲ a sˠ k
<|GLE|>meisce	mʲ ɛ ʃ c ɪ
<|GLE|>meon	mʲ uː n̪ˠ
<|GLE|>meáchan	mʲ aː x ə nˠ
<|GLE|>meánscoil	mʲ ɑː nˠ sˠ k ɛ lʲ
<|GLE|>mhacha	w a x ə
<|GLE|>mhiste	vʲ ɪ ʃ tʲ ə
<|GLE|>mhéad	vʲ eː d̪ˠ
<|GLE|>mhéid	vʲ eː dʲ
<|GLE|>mhí	vʲ iː
<|GLE|>milliún	mʲ i l̠ʲ uː nˠ
<|GLE|>miste	mʲ ɪ ʃ tʲ ə
<|GLE|>monarc	mˠ ɔ nˠ ə ɾˠ k
<|GLE|>mothaíonn	m uː iː n̪ˠ
<|GLE|>muid	mˠ ɪ dʲ
<|GLE|>muide	mˠ ɪ dʲ ə
<|GLE|>muire	mˠ ɪ ɾʲ ə
<|GLE|>muiris	mˠ ɪ ɾʲ ə ʃ
<|GLE|>muna	mˠ ʊ nˠ ə
<|GLE|>mur	mˠ ə ɾˠ
<|GLE|>mura	mˠ ʊ ɾˠ ə
<|GLE|>murach	mˠ ʊ ɾˠ ə x
<|GLE|>murar	mˠ ʊ ɾˠ ə ɾˠ
<|GLE|>máirt	mˠ aː ɾˠ tʲ
<|GLE|>máistir	mˠ ɑː ʃ tʲ ə ɾʲ
<|GLE|>méadar	mʲ eː d̪ˠ ə ɾˠ
<|GLE|>méar	mʲ eː ɾˠ
<|GLE|>méid	mʲ eː dʲ
<|GLE|>méir	mʲ eː ɾʲ
<|GLE|>mí	mʲ iː
<|GLE|>míle	mʲ iː lʲ ə
<|GLE|>míosa	mʲ iː sˠ ə
<|GLE|>mír	mʲ iː ɾʲ
<|GLE|>míreanna	mʲ iː ɾʲ ə n̪ˠ ə
<|GLE|>mórtas	mˠ oː ɾˠ t̪ˠ ə sˠ
<|GLE|>múinte	mˠ uː n̠ʲ tʲ ə
<|GLE|>na	nˠ ə
<|GLE|>nach	n̪ˠ a x
<|GLE|>naíon	n̪ˠ iː nˠ
<|GLE|>ndearna	n̠ʲ ɑː ɾˠ n̪ˠ ə
<|GLE|>ndiaidh	n̠ʲ i ə
<|GLE|>neach	n̠ʲ a x
<|GLE|>nead	nʲ a d̪ˠ
<|GLE|>ngall	ŋ ɑː l̪ˠ
<|GLE|>nia	n̠ʲ i ə
<|GLE|>nic	nʲ ɪ c
<|GLE|>nocht	n̪ˠ ɔ x t̪ˠ
<|GLE|>nuachtán	nˠ uˑ ə x t̪ˠ aː nˠ
<|GLE|>nádúr	n̪ˠ aː d̪ˠ uː ɾˠ
<|GLE|>ní	n̠ʲ iː
<|GLE|>níl	n̠ʲ iː lʲ
<|GLE|>níos	n̠ʲ iː sˠ
<|GLE|>nóiméad	n̪ˠ uː mʲ eː d̪ˠ
<|GLE|>ochtar	ɔ x t̪ˠ ə ɾˠ
<|GLE|>oibleagáid	ə i bˠ l ə ɡ ə dʲ
<|GLE|>oibrí	ə i bʲ ɾʲ iː
<|GLE|>oide	ɛ dʲ ə
<|GLE|>oideachais	ɛ dʲ ə x ə ʃ
<|GLE|>oideachas	ɛ dʲ ə x ə sˠ
<|GLE|>oiliúint	ɛ lʲ u nʲ
<|GLE|>oirthear	e ɾʲ h ə ɾˠ
<|GLE|>orainne	ɔ ɾˠ ə n̠ʲ ə
<|GLE|>orlach	ə u ɾˠ l̪ˠ ə x
<|GLE|>ormsa	ɔ ɾˠ ə mˠ sˠ ə
<|GLE|>ort	ɔ ɾˠ t̪ˠ
<|GLE|>ortsa	ɔ ɾˠ t̪ˠ sˠ ə
<|GLE|>patrún	pˠ ɑ t̪ˠ ɾˠ uː nˠ
<|GLE|>peadar	pʲ a d̪ˠ ə ɾˠ
<|GLE|>pearsa	pʲ a ɾˠ sˠ ə
<|GLE|>pheadair	fʲ a d̪ˠ ə ɾʲ
<|GLE|>phearsa	fʲ a ɾˠ sˠ ə
<|GLE|>phian	fʲ i ə nˠ
<|GLE|>pháirc	fˠ aː ɾʲ c
<|GLE|>pháirt	fˠ ɑː ɾˠ tʲ
<|GLE|>pianó	pʲ i a nˠ oː
<|GLE|>pionta	pʲ ɪ n̪ˠ t̪ˠ ə
<|GLE|>pionós	pʲ ɨ̞ n u s
<|GLE|>plaisteach	pˠ lˠ a ʃ tʲ ə x
<|GLE|>plean	pʲ lʲ a nˠ
<|GLE|>plé	pʲ lʲ eː
<|GLE|>polainnis	pˠ ɔ l̪ˠ ə n̠ʲ ɪ ʃ
<|GLE|>polaitíocht	pˠ ɔ lˠ ə tʲ i ə x t̪ˠ
<|GLE|>pota	pˠ ɔ t̪ˠ ə
<|GLE|>praghas	p ɾˠ ə i sˠ
<|GLE|>príosún	pʲ ɾʲ iː sˠ uː n̪ˠ
<|GLE|>puball	pˠ ʊ bˠ ə l̪ˠ
<|GLE|>punta	pˠ ʊ n̪ˠ t̪ˠ ə
<|GLE|>páirc	pˠ aː ɾʲ c
<|GLE|>páirt	pˠ ɑː ɾˠ tʲ
<|GLE|>péin	pʲ eː nʲ
<|GLE|>péire	pʲ eː ɾʲ ə
<|GLE|>rann	ɾˠ a nˠ
<|GLE|>rialta	ɾˠ i ə l̪ˠ t̪ˠ ə
<|GLE|>rialtais	ɾˠ i ə l̪ˠ t̪ˠ ə ʃ
<|GLE|>rialtas	ɾˠ i ə l̪ˠ t̪ˠ ə sˠ
<|GLE|>rinne	ɾˠ ɪ n̠ʲ ə
<|GLE|>rinneamar	ɾˠ ɪ n̠ʲ ə mˠ ə ɾˠ
<|GLE|>risteard	ɾˠ ɪ ʃ tʲ ɑː ɾˠ d̪ˠ
<|GLE|>rogha	ɾˠ o u
<|GLE|>roghanna	ɾˠ o u n̪ˠ ə
<|GLE|>roimh	ɾˠ ɪ vʲ
<|GLE|>roimhe	ɾˠ ɪ vʲ ə
<|GLE|>ros	ɾˠ ɔ sˠ
<|GLE|>rua	ɾˠ u ə
<|GLE|>rá	ɾˠ ɑː
<|GLE|>ráite	ɾˠ ɑː tʲ ə
<|GLE|>ré	rˠ eː
<|GLE|>réad	ɾˠ eː d̪ˠ
<|GLE|>réalta	ɾˠ eː l̪ˠ t̪ˠ ə
<|GLE|>réim	ɾˠ eː mʲ
<|GLE|>réir	ɾˠ eː ɾʲ
<|GLE|>rí	ɾˠ iː
<|GLE|>ríomhaire	ɾˠ iː vˠ ə ɾʲ ə
<|GLE|>rís	ɾʲ iː ʃ
<|GLE|>róis	ɾˠ oː ʃ
<|GLE|>ról	ɾˠ oː lˠ
<|GLE|>rúin	ɾˠ uː nʲ
<|GLE|>rúis	ɾˠ uː ʃ
<|GLE|>rún	ɾˠ uː nˠ
<|GLE|>rúnda	ɾˠ uː n̪ˠ d̪ˠ ə
<|GLE|>sadhbh	sˠ ə i̯ vˠ
<|GLE|>saghas	sˠ ə i sˠ
<|GLE|>saibhir	sˠ ɛ vʲ ə ɾʲ
<|GLE|>saibhreas	sˠ ɛ vʲ ə ɾʲ ə sˠ
<|GLE|>salainn	s a lˠ ə n̠ʲ
<|GLE|>samhlaigh	sˠ ə u l̪ˠ ə
<|GLE|>saoire	sˠ iː ɾʲ ə
<|GLE|>saothrú	sˠ iː ɾˠ uː
<|GLE|>sasana	sˠ a sˠ ə nˠ ə
<|GLE|>sasanach	sˠ a sˠ ə nˠ ə x
<|GLE|>scairt	sˠ k a ɾˠ tʲ
<|GLE|>scaití	sˠ k a tʲ iː
<|GLE|>scannán	sˠ k ə n̪ˠ aː n̪ˠ
<|GLE|>sceideal	ʃ c ɛ dʲ ə lˠ
<|GLE|>sciobtha	ʃ c ʊ pˠ iː
<|GLE|>scoil	sˠ k ɔ lʲ
<|GLE|>scoitheadh	s k a h u
<|GLE|>scoláire	sˠ kˠ oː lˠ ɑː ɾʲ ə
<|GLE|>scornach	sˠ k ɔː ɾˠ n̪ˠ a x
<|GLE|>scoth	s k ɔ h
<|GLE|>scréach	ʃ c ɾʲ eː x
<|GLE|>scríobhaim	s c ɾʲ iː mʲ
<|GLE|>scríofa	ʃ c ɾʲ iː fˠ ə
<|GLE|>scáileán	sˠ k ɑː lʲ ɑː nˠ
<|GLE|>scéala	ʃ c eː lˠ ə
<|GLE|>scíth	ʃ c iː
<|GLE|>sea	ʃ a
<|GLE|>seach	ʃ a x
<|GLE|>seachtain	ʃ a x t̪ˠ ə nʲ
<|GLE|>seasca	ʃ a sˠ k ə
<|GLE|>seic	ʃ ɛ c
<|GLE|>seift	ʃ ɛ fʲ tʲ
<|GLE|>seilbh	ʃ ɛ lʲ ə vʲ
<|GLE|>seisear	ʃ ɛ ʃ ə ɾˠ
<|GLE|>seo	ʃ ɔ
<|GLE|>seoirse	ʃ oː ɾˠ ʃ ə
<|GLE|>seó	ʃ oː
<|GLE|>sheisear	h ɛ ʃ ə ɾˠ
<|GLE|>shín	h iː nʲ
<|GLE|>siadsan	ʃ i ə d̪ˠ s ə nˠ
<|GLE|>siar	ʃ i ə ɾˠ
<|GLE|>sine	ʃ i nʲ ə
<|GLE|>siobhán	ʃ ʊ w aː n̪ˠ
<|GLE|>sir	ʃ ɪ ɾʲ
<|GLE|>sise	ʃ ɪ ʃ ə
<|GLE|>siúd	ʃ uː d̪ˠ
<|GLE|>siúil	ʃ uː lʲ
<|GLE|>siúl	ʃ uː l̪ˠ
<|GLE|>siúlta	ʃ uː l̪ˠ t̪ˠ ə
<|GLE|>slat	sˠ l̪ˠ a t̪ˠ
<|GLE|>smaoinigh	sˠ mˠ iː nʲ ə
<|GLE|>smior	sˠ mʲ ɪ ɾ
<|GLE|>soc	sˠ ɔ k
<|GLE|>soicind	sˠ ɛ c ə nʲ dʲ
<|GLE|>soir	sˠ ɛ ɾʲ
<|GLE|>sona	sˠ ʊ n̪ˠ ə
<|GLE|>spraoi	sˠ pˠ ɾˠ iː
<|GLE|>spreag	sˠ pʲ ɾʲ a ɡ
<|GLE|>spéir	s pʲ eː ɾʲ
<|GLE|>srian	sˠ ɾˠ i ə nˠ
<|GLE|>sruth	sˠ ɾˠ ʊ h
<|GLE|>sráide	sˠ ɾˠ aː dʲ ə
<|GLE|>stad	sˠ t̪ˠ a d̪ˠ
<|GLE|>staighre	sˠ t̪ˠ ə i ɾʲ ə
<|GLE|>stiúideo	ʃ tʲ uː dʲ i oː
<|GLE|>strainséara	sˠ t̪ˠ ɾˠ æː nʲ ʃ eː ɾˠ ə
<|GLE|>stáisiún	sˠ t̪ˠ aː ʃ uː n̪ˠ
<|GLE|>stócáil	sˠ t̪ˠ oː k ɑː lʲ
<|GLE|>suarach	sˠ uˑ ə ɾˠ ə x
<|GLE|>suí	sˠ iː
<|GLE|>sáile	sˠ ɑː lʲ ə
<|GLE|>síle	ʃ iː lʲ ə
<|GLE|>síochán	ʃ iː x ɑː n̪ˠ
<|GLE|>síoda	ʃ iː d̪ˠ ə
<|GLE|>síol	ʃ iː ə lˠ
<|GLE|>síos	ʃ iː sˠ
<|GLE|>súile	sˠ uː lʲ ə
<|GLE|>tada	t̪ˠ a d̪ˠ ə
<|GLE|>tae	t̪ˠ eː
<|GLE|>tagann	t̪ˠ a ɡ ə n̪ˠ
<|GLE|>taifead	t̪ˠ a fʲ ə d̪ˠ
<|GLE|>taighde	t̪ˠ ə i dʲ ə
<|GLE|>tais	t̪ˠ a ʃ
<|GLE|>taisce	t̪ˠ a ʃ c ɪ
<|GLE|>tapa	t̪ˠ a pˠ ə
<|GLE|>tar	t̪ˠ a ɾˠ
<|GLE|>tarlú	t̪ˠ ɑː ɾˠ l̪ˠ uː
<|GLE|>teachta	tʲ a x t̪ˠ ə
<|GLE|>teannta	tʲ ə u n̪ˠ t̪ˠ ə
<|GLE|>teastas	tʲ a sˠ t̪ˠ ə sˠ
<|GLE|>teideal	tʲ ɛ dʲ ə l
<|GLE|>teilifís	tʲ ɛ lʲ ɪ fʲ iː ʃ
<|GLE|>teilifíse	tʲ ɛ lʲ ə fʲ iː ʃ ə
<|GLE|>thart	h a ɾˠ t̪ˠ
<|GLE|>theach	h a x
<|GLE|>thiar	h i ə ɾˠ
<|GLE|>thig	h ɪ ɟ
<|GLE|>thit	h ɪ tʲ
<|GLE|>thoir	h ɛ ɾʲ
<|GLE|>thuiscint	h ɪ ʃ c ɪ n̠ʲ tʲ
<|GLE|>thusa	h ʊ sˠ ə
<|GLE|>thánadar	h ɑː n̪ˠ ə d̪ˠ ə ɾˠ
<|GLE|>thíos	h iː sˠ
<|GLE|>thú	h uː
<|GLE|>tiarna	tʲ i ə ɾˠ n̪ˠ ə
<|GLE|>ticéad	tʲ ɪ c eː d̪ˠ
<|GLE|>tig	tʲ ɪ ɟ
<|GLE|>tine	tʲ ɪ nʲ ə
<|GLE|>tinneas	tʲ ɪ n̠ʲ ə sˠ
<|GLE|>tiobraid	tʲ ʊ b ɾˠ ɪ dʲ
<|GLE|>tite	tʲ ɪ tʲ ə
<|GLE|>titim	tʲ ɪ tʲ ə mʲ
<|GLE|>tobac	t̪ˠ ə bˠ a k
<|GLE|>tolg	t̪ˠ ɔ lˠ ə ɡ
<|GLE|>tomhas	t̪ˠ õː sˠ
<|GLE|>torthaí	t̪ˠ ɔ ɾˠ iː
<|GLE|>tost	t̪ˠ ɔ sˠ t̪ˠ
<|GLE|>traein	t̪ˠ ɾˠ eː nʲ
<|GLE|>triall	tʲ ɾʲ i ə l̪ˠ
<|GLE|>trian	tʲ ɾʲ i ə nˠ
<|GLE|>triúr	tʲ ɾʲ uː ɾˠ
<|GLE|>troid	t̪ˠ ɾˠ ɪ dʲ
<|GLE|>tréith	tʲ ɾʲ eː
<|GLE|>tréithe	tʲ ɾʲ eː h ə
<|GLE|>trí	tʲ ɾʲ iː
<|GLE|>tríd	tʲ ɾʲ iː dʲ
<|GLE|>trína	tʲ ɾʲ iː nˠ ə
<|GLE|>tríú	tʲ ɾʲ iː uː
<|GLE|>tsaoir	t̪ˠ iː ɾʲ
<|GLE|>tsúil	t̪ˠ uː lʲ
<|GLE|>tuairim	t̪ˠ u ə ɾʲ ə mʲ
<|GLE|>tuairisc	t̪ˠ u ə ɾʲ ɪ ʃ c
<|GLE|>tuaisceart	t̪ˠ u ə ʃ c ə ɾˠ t̪ˠ
<|GLE|>tuama	t̪ˠ u ə mˠ ə
<|GLE|>tugann	tˠ ʊ ɡ ə n̪ˠ
<|GLE|>tuigeann	t̪ˠ ɪ ɟ ə n̪ˠ
<|GLE|>tuirse	t̪ˠ ʊ ɾˠ ʃ ə
<|GLE|>tuiscint	t̪ˠ ɪ ʃ c ɪ nʲ tʲ
<|GLE|>tusa	t̪ˠ ʊ sˠ ə
<|GLE|>tuí	t̪ˠ iː
<|GLE|>té	tʲ eː
<|GLE|>téann	tʲ eː n̪ˠ
<|GLE|>téarma	tʲ eː ɾˠ mˠ ə
<|GLE|>tí	tʲ iː
<|GLE|>tíocht	tʲ i ə x t̪ˠ
<|GLE|>tíor	tʲ iː ɾˠ
<|GLE|>tír	tʲ iː ɾʲ
<|GLE|>tíre	tʲ iː ɾʲ ə
<|GLE|>tóg	t̪ˠ oː ɡ
<|GLE|>tógaint	t̪ˠ oː ɡ ə nʲ tʲ
<|GLE|>tógálaí	t̪ˠ oː ɡ aː lˠ iː
<|GLE|>tú	t̪ˠ uː
<|GLE|>túir	t̪ˠ uː ɾʲ
<|GLE|>túisce	t̪ˠ uː ʃ c ɪ
<|GLE|>túr	t̪ˠ uː ɾˠ
<|GLE|>uachtarán	u ə x t̪ˠ ə ɾˠ ɑː nˠ
<|GLE|>uaighe	u ə j
<|GLE|>uaimse	w æ mʲ ʃ ə
<|GLE|>uair	u ə ɾʲ
<|GLE|>uaire	u ə ɾʲ ə
<|GLE|>uasal	u ə sˠ ə lˠ
<|GLE|>uathu	w oː bˠ
<|GLE|>uile	ɪ lʲ ə
<|GLE|>uimhir	ɪ vʲ ə ɾʲ
<|GLE|>uirlis	uː ɾˠ l̠ʲ ə ʃ
<|GLE|>uisce	ɪ ʃ c ɪ
<|GLE|>um	ʊ mˠ
<|GLE|>urraim	ɪ ɾʲ ə mʲ
<|GLE|>éad	eː d̪ˠ
<|GLE|>éadan	eː d̪ˠ ə nˠ
<|GLE|>éadrom	eː d̪ˠ ɾˠ ə mˠ
<|GLE|>éasca	eː sˠ k ə
<|GLE|>éigean	eː ɟ ə nˠ
<|GLE|>éigin	eː ɟ ɪ nʲ
<|GLE|>éire	eː ɾʲ ə
<|GLE|>éireoidh	ə i ɾʲ oː
<|GLE|>éist	eː ʃ tʲ
<|GLE|>íoc	iː k
<|GLE|>íosa	iː sˠ ə
<|GLE|>íseal	iː ʃ ə lˠ
<|GLE|>ón	oː nˠ
<|GLE|>úd	uː d̪ˠ
<|GLE|>údar	uː d̪ˠ ə ɾˠ
<|GLE|>úna	uː nˠ ə
<|GLE|>úr	uː ɾˠ
<|GLE|>úrscéal	uː ɾˠ ʃ c eː lˠ
<|GLE|>ús	uː sˠ
